sweep_id,sampling_method,position_field,axis,requested_position_mm,effective_position_mm,displacement_from_reference_mm,step_mm,declared_sensor_pitch_mm,constructed_sensor_coordinate_step_mm,simulation_grid_pitch_mm,selected_center_index,selected_index_min,selected_index_max,selected_index_unique_count,selected_index_signature,center_sensor_coordinate_mm,center_fractional_grid_index,index_boundary_crossed,captured_power,image_sum,image_max,stored_centroid_x_px,sensor_frame_centroid_x_px,image_derived_centroid_x_px,stored_centroid_y_px,sensor_frame_centroid_y_px,image_derived_centroid_y_px,stored_sigma_x_px,sensor_frame_sigma_x_px,image_derived_sigma_x_px,stored_sigma_y_px,sensor_frame_sigma_y_px,image_derived_sigma_y_px,stored_peak_intensity,sensor_frame_peak_intensity,image_derived_peak_intensity,delta_centroid_x_px,tolerance_normalized_delta_centroid_x_px,derivative_centroid_x_px_per_mm,delta_centroid_y_px,tolerance_normalized_delta_centroid_y_px,derivative_centroid_y_px_per_mm,delta_sigma_x_px,tolerance_normalized_delta_sigma_x_px,derivative_sigma_x_px_per_mm,delta_sigma_y_px,tolerance_normalized_delta_sigma_y_px,derivative_sigma_y_px_per_mm,delta_peak_intensity,tolerance_normalized_delta_peak_intensity,derivative_peak_intensity_per_mm,max_tolerance_normalized_delta,exact_image_plateau,raw_image_relative_l1_change,normalized_image_mean_abs_change,normalized_image_relative_l2_change,exact_metric_plateau
main_camera_x_mm,production_searchsorted,camera_x_mm,x,-0.01999999999999999,-0.01999999999999999,-0.09,0.0015,0.0055,0.005505376344086021,0.058651026392960576,512,464,560,97,a01d45973f19bb6f,-0.017247311827956868,511.20593333334466,False,1.572784611702755e-06,51992.87972571091,6.690509729299775,505.02073224982604,508.65709588618967,508.65987215973826,504.3139154721346,511.58664274486193,511.5865581328064,121.3375120376614,121.3375120376614,121.21901837356211,120.89739679757508,120.89739679757508,120.77933293351494,6.690509729299775,6.690509729299775,6.690509729299775,0.0,0.0,0.0,0.0,0.0,0.0,0.0,0.0,0.0,0.0,0.0,0.0,0.0,0.0,0.0,0.0,False,0.0,0.0,0.0,False
main_camera_x_mm,bilinear_intensity,camera_x_mm,x,-0.01999999999999999,-0.01999999999999999,-0.09,0.0015,0.0055,0.005505376344086021,0.058651026392960576,512,464,560,97,204be38fc1777760,-0.017247311827956868,511.20593333334466,False,1.5672365653616314e-06,51809.473235095254,6.5089979217477865,510.6315613043106,514.2679249406742,514.2652218889743,509.5214493574141,516.7941766301414,516.789006535776,121.4363591337778,121.4363591337778,121.31776893931121,120.92547706671193,120.92547706671193,120.80738578051397,6.5089979217477865,6.5089979217477865,6.5089979217477865,0.0,0.0,0.0,0.0,0.0,0.0,0.0,0.0,0.0,0.0,0.0,0.0,0.0,0.0,0.0,0.0,False,0.0,0.0,0.0,False
main_camera_x_mm,production_searchsorted,camera_x_mm,x,-0.01849999999999999,-0.01849999999999999,-0.0885,0.0015,0.0055,0.005505376344086021,0.058651026392960576,512,464,560,97,d7da67560df78977,-0.01574731182795667,511.23150833334466,True,1.569271752550368e-06,51876.7521504254,6.690509729299775,505.47577941648234,508.83941578011866,508.84201400689585,504.3139154721346,511.5866427448619,511.5865581328064,121.42396450716478,121.42396450716478,121.30538641682574,120.89739679757508,120.89739679757508,120.77933293351494,6.690509729299775,6.690509729299775,6.690509729299775,0.45504716665629985,0.45504716665629985,303.36477777086657,0.0,0.0,0.0,0.08645246950338503,0.043226234751692516,57.63497966892335,0.0,0.0,0.0,0.0,0.0,0.0,0.45504716665629985,False,0.01663223738712783,0.0001232637646023548,0.08776564699705461,False
main_camera_x_mm,bilinear_intensity,camera_x_mm,x,-0.01849999999999999,-0.01849999999999999,-0.0885,0.0015,0.0055,0.005505376344086021,0.058651026392960576,512,464,560,97,4ca17e0e9f4895b1,-0.01574731182795667,511.23150833334466,True,1.567236553532174e-06,51809.47284403881,6.55277708590506,510.6267129044556,513.9903492680919,513.9879172863848,509.52144935741416,516.7941766301415,516.789006535776,121.43457515348572,121.43457515348572,121.3159867011874,120.92547706671196,120.92547706671196,120.80738578051397,6.55277708590506,6.55277708590506,6.55277708590506,-0.004848399855006846,0.004848399855006846,-3.232266570004564,5.684341886080802e-14,5.684341886080802e-14,3.789561257387201e-11,-0.001783980292074716,0.000891990146037358,-1.1893201947164773,2.842170943040401e-14,1.4210854715202004e-14,1.8947806286936004e-11,0.04377916415727334,0.13451890654627163,29.18610943818223,0.13451890654627163,False,0.011101787446391672,9.194853692184434e-05,0.012199925319753663,False
main_camera_x_mm,production_searchsorted,camera_x_mm,x,-0.016999999999999987,-0.016999999999999987,-0.087,0.0015,0.0055,0.005505376344086021,0.058651026392960576,512,464,560,97,768ba8faca8ccfed,-0.014247311827956903,511.25708333334467,True,1.5696252969021562e-06,51888.43956701343,6.690509729299775,505.3616657025365,508.45257479344565,508.4555507946239,504.3139154721346,511.5866427448619,511.5865581328064,121.31386921100554,121.31386921100554,121.19539863560415,120.89739679757508,120.89739679757508,120.77933293351494,6.690509729299775,6.690509729299775,6.690509729299775,-0.11411371394581238,0.11411371394581238,-76.07580929720825,0.0,0.0,0.0,-0.11009529615924407,0.055047648079622036,-73.39686410616271,0.0,0.0,0.0,0.0,0.0,0.0,0.11411371394581238,False,0.01236079014305939,9.140288244861519e-05,0.057800940741593074,False
main_camera_x_mm,bilinear_intensity,camera_x_mm,x,-0.016999999999999987,-0.016999999999999987,-0.087,0.0015,0.0055,0.005505376344086021,0.058651026392960576,512,464,560,97,5f6f856b5502a7be,-0.014247311827956903,511.25708333334467,True,1.5671374468207462e-06,51806.19658911558,6.559047980204477,510.6325921966769,513.723501287586,513.7213298996098,509.52144935741416,516.7941766301415,516.789006535776,121.4340972360328,121.4340972360328,121.31550925045076,120.92547706671196,120.92547706671196,120.80738578051397,6.559047980204477,6.559047980204477,6.559047980204477,0.005879292221322885,0.005879292221322885,3.91952814754859,0.0,0.0,0.0,-0.0004779174529261354,0.0002389587264630677,-0.31861163528409026,0.0,0.0,0.0,0.006270894299417407,0.019139653973293307,4.180596199611604,0.019139653973293307,False,0.01107253805092154,8.360652871364276e-05,0.010283234960798266,False
main_camera_x_mm,production_searchsorted,camera_x_mm,x,-0.015499999999999986,-0.015499999999999986,-0.08549999999999999,0.0015,0.0055,0.005505376344086021,0.058651026392960576,512,464,560,97,626dc96ba8a8399e,-0.012747311827956704,511.28265833334467,True,1.5724157737146386e-06,51980.686734368224,6.690509729299775,505.0934055675272,507.911587385709,507.9150916949026,504.3139154721346,511.5866427448619,511.5865581328064,121.5606771418541,121.5606771418541,121.44196554308274,120.89739679757508,120.89739679757508,120.77933293351495,6.690509729299775,6.690509729299775,6.690509729299775,-0.26826013500931367,0.26826013500931367,-178.84009000620912,0.0,0.0,0.0,0.24680793084856134,0.12340396542428067,164.53862056570756,0.0,0.0,0.0,0.0,0.0,0.0,0.26826013500931367,False,0.009579036520703039,7.08489339019354e-05,0.05750082439866773,False
main_camera_x_mm,bilinear_intensity,camera_x_mm,x,-0.015499999999999986,-0.015499999999999986,-0.08549999999999999,0.0015,0.0055,0.005505376344086021,0.058651026392960576,512,464,560,97,c6f7f16d2c9bfd46,-0.012747311827956704,511.28265833334467,True,1.5671667606448046e-06,51807.16564115057,6.521186803877822,510.64046790653856,513.4586497247204,513.4567369808485,509.52144935741416,516.7941766301414,516.789006535776,121.43648711728602,121.43648711728602,121.31789679783554,120.92547706671193,120.92547706671193,120.80738578051397,6.521186803877822,6.521186803877822,6.521186803877822,0.007875709861650648,0.007875709861650648,5.2504732411004325,0.0,0.0,0.0,0.00238988125322237,0.001194940626611185,1.5932541688149133,-2.842170943040401e-14,1.4210854715202004e-14,-1.8947806286936004e-11,-0.03786117632665498,0.11544716989697842,-25.240784217769985,0.11544716989697842,False,0.011121969808768896,9.28680842542717e-05,0.011782564698588039,False
main_camera_x_mm,production_searchsorted,camera_x_mm,x,-0.013999999999999985,-0.013999999999999985,-0.08399999999999999,0.0015,0.0055,0.005505376344086021,0.058651026392960576,512,464,560,97,07ba29d69b3387f8,-0.011247311827956939,511.3082333333446,True,1.5628610215595648e-06,51664.82715899388,6.690509729299775,505.15344598093014,507.69890052638465,507.70261253758935,504.3139154721346,511.5866427448619,511.5865581328064,121.4477001061879,121.4477001061879,121.32909883655296,120.89739679757508,120.89739679757508,120.77933293351494,6.690509729299775,6.690509729299775,6.690509729299775,0.060040413402930426,0.060040413402930426,40.02694226862028,0.0,0.0,0.0,-0.11297703566620498,0.05648851783310249,-75.31802377746999,0.0,0.0,0.0,0.0,0.0,0.0,0.060040413402930426,False,0.012049979075959564,8.928308452659108e-05,0.07564094048016791,False
main_camera_x_mm,bilinear_intensity,camera_x_mm,x,-0.013999999999999985,-0.013999999999999985,-0.08399999999999999,0.0015,0.0055,0.005505376344086021,0.058651026392960576,512,464,560,97,f6d83b8caa2ee823,-0.011247311827956939,511.3082333333446,True,1.567264294315066e-06,51810.38989471293,6.523434061900143,510.62914640307423,513.1746009485288,513.17296559604,509.52144935741416,516.7941766301414,516.789006535776,121.4344485452144,121.4344485452144,121.31586021655694,120.92547706671196,120.92547706671196,120.807385780514,6.523434061900143,6.523434061900143,6.523434061900143,-0.011321503464330362,0.011321503464330362,-7.547668976220241,0.0,0.0,0.0,-0.0020385720716262767,0.0010192860358131384,-1.359048047750851,2.842170943040401e-14,1.4210854715202004e-14,1.8947806286936004e-11,0.0022472580223205085,0.006892174967244234,1.498172014880339,0.011321503464330362,False,0.011023741441696589,8.357985602049518e-05,0.010162296200120232,False
main_camera_x_mm,production_searchsorted,camera_x_mm,x,-0.012499999999999983,-0.012499999999999983,-0.08249999999999999,0.0015,0.0055,0.005505376344086021,0.058651026392960576,512,464,560,97,78cf06b4bebe25cf,-0.00974731182795674,511.3338083333447,True,1.566892494641875e-06,51798.09899642562,6.690509729299775,505.78893623146195,508.06166350418926,508.06502125467335,504.3139154721346,511.5866427448619,511.5865581328064,121.35431439997367,121.35431439997367,121.23580432731744,120.89739679757508,120.89739679757508,120.77933293351494,6.690509729299775,6.690509729299775,6.690509729299775,0.6354902505318023,0.6354902505318023,423.6601670212015,0.0,0.0,0.0,-0.09338570621422093,0.046692853107110466,-62.257137476147285,0.0,0.0,0.0,0.0,0.0,0.0,0.6354902505318023,False,0.00839813737701895,6.184702809490255e-05,0.05047019566693924,False
main_camera_x_mm,bilinear_intensity,camera_x_mm,x,-0.012499999999999983,-0.012499999999999983,-0.08249999999999999,0.0015,0.0055,0.005505376344086021,0.058651026392960576,512,464,560,97,923e4c700088d329,-0.00974731182795674,511.3338083333447,True,1.5672295480789086e-06,51809.2412588069,6.5672132260572225,510.6275069156554,512.9002341883827,512.8988667721829,509.5214493574141,516.7941766301414,516.789006535776,121.43485663898605,121.43485663898605,121.31626791179953,120.92547706671196,120.92547706671196,120.80738578051397,6.5672132260572225,6.5672132260572225,6.5672132260572225,-0.0016394874188563335,0.0016394874188563335,-1.092991612570889,-5.684341886080802e-14,5.684341886080802e-14,-3.789561257387201e-11,0.00040809377165373917,0.00020404688582686958,0.27206251443582613,0.0,0.0,0.0,0.04377916415707972,0.1342212207302598,29.186109438053144,0.1342212207302598,False,0.01115197365445351,9.199985829893659e-05,0.012250326142901242,False
main_camera_x_mm,production_searchsorted,camera_x_mm,x,-0.010999999999999982,-0.010999999999999982,-0.08099999999999999,0.0015,0.0055,0.005505376344086021,0.058651026392960576,512,464,560,97,63940bafa42ce7f2,-0.008247311827956974,511.3593833333447,True,1.5701170879766744e-06,51904.697123195845,6.690509729299775,505.51497870741963,507.51497870741963,507.51887032977567,504.3139154721346,511.58664274486193,511.5865581328064,121.33520696400426,121.33520696400426,121.21671555095347,120.89739679757508,120.89739679757508,120.77933293351495,6.690509729299775,6.690509729299775,6.690509729299775,-0.27395752404231644,0.27395752404231644,-182.6383493615443,0.0,0.0,0.0,-0.019107435969416997,0.009553717984708499,-12.738290646277997,0.0,0.0,0.0,0.0,0.0,0.0,0.27395752404231644,False,0.011218215946921612,8.282825220744364e-05,0.0559618347662861,False
main_camera_x_mm,bilinear_intensity,camera_x_mm,x,-0.010999999999999982,-0.010999999999999982,-0.08099999999999999,0.0015,0.0055,0.005505376344086021,0.058651026392960576,512,464,560,97,05590f3a5ccedd9e,-0.008247311827956974,511.3593833333447,True,1.5671125883351505e-06,51805.374820996716,6.5465632912364295,510.6375801999475,512.6375801999475,512.6364692817834,509.5214493574141,516.7941766301414,516.789006535776,121.43393894742398,121.43393894742398,121.31535111642064,120.92547706671196,120.92547706671196,120.80738578051397,6.5465632912364295,6.5465632912364295,6.5465632912364295,0.010073284292104745,0.010073284292104745,6.715522861403163,0.0,0.0,0.0,-0.00091769156206567,0.000458845781032835,-0.6117943747104467,0.0,0.0,0.0,-0.020649934820792915,0.06288796818369967,-13.766623213861942,0.06288796818369967,False,0.01111684999652074,8.604501280763555e-05,0.010714704142293103,False
main_camera_x_mm,production_searchsorted,camera_x_mm,x,-0.009499999999999995,-0.009499999999999995,-0.0795,0.0015,0.0055,0.005505376344086021,0.058651026392960576,512,464,560,97,5a495fa89a03dc30,-0.006747311827956775,511.3849583333446,True,1.572942739767868e-06,51998.10709976423,6.690509729299775,504.92737774099066,506.65465046826336,506.65938225491544,504.3139154721346,511.58664274486193,511.5865581328064,121.33902067319521,121.33902067319521,121.22052553581905,120.89739679757508,120.89739679757508,120.77933293351495,6.690509729299775,6.690509729299775,6.690509729299775,-0.5876009664289654,0.5876009664289654,-391.7339776193103,0.0,0.0,0.0,0.003813709190950476,0.001906854595475238,2.5424727939669842,0.0,0.0,0.0,0.0,0.0,0.0,0.5876009664289654,False,0.011299151247657405,8.359751412416146e-05,0.06001113093191201,False
main_camera_x_mm,bilinear_intensity,camera_x_mm,x,-0.009499999999999995,-0.009499999999999995,-0.0795,0.0015,0.0055,0.005505376344086021,0.058651026392960576,512,464,560,97,4c3f366508dc2f6f,-0.006747311827956775,511.3849583333446,True,1.5672026199165418e-06,51808.35107162122,6.508702114909942,510.6381450328156,512.3654177600883,512.364572625557,509.52144935741416,516.7941766301414,516.789006535776,121.43667704876917,121.43667704876917,121.31808654383872,120.92547706671196,120.92547706671196,120.807385780514,6.508702114909942,6.508702114909942,6.508702114909942,0.0005648328681218118,0.0005648328681218118,0.37655524541454116,5.684341886080802e-14,5.684341886080802e-14,3.789561257387201e-11,0.0027381013451872604,0.0013690506725936302,1.825400896791507,0.0,0.0,0.0,-0.03786117632648711,0.11566733457589892,-25.240784217658074,0.11566733457589892,False,0.011073062031671589,9.286246007532878e-05,0.011754705887166948,False
main_camera_x_mm,production_searchsorted,camera_x_mm,x,-0.007999999999999993,-0.007999999999999993,-0.078,0.0015,0.0055,0.005505376344086021,0.058651026392960576,512,464,560,97,ab8f38cd6f1382ed,-0.0052473118279570095,511.4105333333447,True,1.5659091115819021e-06,51765.59046551743,6.690509729299775,505.0142459539132,506.4687914084587,506.47370469809886,504.3139154721346,511.58664274486193,511.5865581328064,121.17376636174541,121.17376636174541,121.05543260553274,120.89739679757507,120.89739679757507,120.77933293351495,6.690509729299775,6.690509729299775,6.690509729299775,0.08686821292252489,0.08686821292252489,57.91214194834993,0.0,0.0,0.0,-0.16525431144980018,0.08262715572490009,-110.16954096653346,-1.4210854715202004e-14,7.105427357601002e-15,-9.473903143468002e-12,0.0,0.0,0.0,0.08686821292252489,False,0.01456623043368046,0.00010796316071444488,0.08539429836044662,False
main_camera_x_mm,bilinear_intensity,camera_x_mm,x,-0.007999999999999993,-0.007999999999999993,-0.078,0.0015,0.0055,0.005505376344086021,0.058651026392960576,512,464,560,97,3c3053cc691815b5,-0.0052473118279570095,511.4105333333447,True,1.5672436689639028e-06,51809.70806492241,6.5378702020523045,510.6284844331877,512.0830298877331,512.0824605226085,509.5214493574141,516.7941766301414,516.789006535776,121.43355486044717,121.43355486044717,121.31496740452876,120.92547706671196,120.92547706671196,120.80738578051397,6.5378702020523045,6.5378702020523045,6.5378702020523045,-0.009660599627920874,0.009660599627920874,-6.44039975194725,-5.684341886080802e-14,5.684341886080802e-14,-3.789561257387201e-11,-0.0031221883219956226,0.0015610941609978113,-2.081458881330415,0.0,0.0,0.0,0.029168087142362076,0.08962796768819602,19.445391428241383,0.08962796768819602,False,0.01105313458793929,8.619474998281941e-05,0.011080078602477818,False
main_camera_x_mm,production_searchsorted,camera_x_mm,x,-0.006499999999999992,-0.006499999999999992,-0.0765,0.0015,0.0055,0.005505376344086021,0.058651026392960576,512,464,560,97,c45bc9149962d58b,-0.0037473118279568104,511.43610833334463,True,1.5633252733083852e-06,51680.174324244144,6.690509729299775,505.41111131054566,506.59292949236385,506.5977215534064,504.3139154721346,511.5866427448619,511.5865581328064,121.65284337883504,121.65284337883504,121.5340417739729,120.89739679757507,120.89739679757507,120.77933293351495,6.690509729299775,6.690509729299775,6.690509729299775,0.3968653566324747,0.3968653566324747,264.5769044216498,0.0,0.0,0.0,0.47907701708963657,0.23953850854481828,319.38467805975773,0.0,0.0,0.0,0.0,0.0,0.0,0.3968653566324747,False,0.008450856828631996,6.235665300991007e-05,0.043873419404030334,False
main_camera_x_mm,bilinear_intensity,camera_x_mm,x,-0.006499999999999992,-0.006499999999999992,-0.0765,0.0015,0.0055,0.005505376344086021,0.058651026392960576,512,464,560,97,b1cf723fa27ef2aa,-0.0037473118279568104,511.43610833334463,True,1.5671886130736121e-06,51807.88803549131,6.571939778595207,510.6315462304232,511.8133644122414,511.81305839230754,509.52144935741416,516.7941766301414,516.789006535776,121.43406786605037,121.43406786605037,121.3154799091499,120.92547706671196,120.92547706671196,120.80738578051397,6.571939778595207,6.571939778595207,6.571939778595207,0.0030617972355457823,0.0030617972355457823,2.0411981570305215,5.684341886080802e-14,5.684341886080802e-14,3.789561257387201e-11,0.0005130056031958929,0.00025650280159794647,0.34200373546392865,0.0,0.0,0.0,0.03406957654290288,0.10422224819393963,22.71305102860192,0.10422224819393963,False,0.011135491642015357,8.79825854603019e-05,0.011495487879330451,False
main_camera_x_mm,production_searchsorted,camera_x_mm,x,-0.0049999999999999906,-0.0049999999999999906,-0.075,0.0015,0.0055,0.005505376344086021,0.058651026392960576,512,464,560,97,23723df3ef0f83c4,-0.0022473118279566114,511.4616833333447,True,1.5690596420752494e-06,51869.740233892546,6.690509729299775,505.65687684680535,506.5659677558963,506.5707861467596,504.3139154721346,511.58664274486193,511.5865581328064,121.3323614431457,121.3323614431457,121.21387280892387,120.89739679757508,120.89739679757508,120.77933293351495,6.690509729299775,6.690509729299775,6.690509729299775,0.24576553625968245,0.24576553625968245,163.8436908397883,0.0,0.0,0.0,-0.3204819356893438,0.1602409678446719,-213.65462379289588,1.4210854715202004e-14,7.105427357601002e-15,9.473903143468002e-12,0.0,0.0,0.0,0.24576553625968245,False,0.00743255472919967,5.475237543982631e-05,0.04396400165687644,False
main_camera_x_mm,bilinear_intensity,camera_x_mm,x,-0.0049999999999999906,-0.0049999999999999906,-0.075,0.0015,0.0055,0.005505376344086021,0.058651026392960576,512,464,560,97,8648df9082b7e041,-0.0022473118279566114,511.4616833333447,True,1.5670943661313052e-06,51804.77243409274,6.53407860226855,510.6421169099417,511.5512078190326,511.55115781139676,509.52144935741416,516.7941766301414,516.789006535776,121.43417715293052,121.43417715293052,121.31558908930462,120.92547706671196,120.92547706671196,120.80738578051397,6.53407860226855,6.53407860226855,6.53407860226855,0.01057067951848012,0.01057067951848012,7.047119678986746,0.0,0.0,0.0,0.00010928688014644194,5.464344007322097e-05,0.07285792009762797,0.0,0.0,0.0,-0.03786117632665764,0.11522070378663968,-25.24078421777176,0.11522070378663968,False,0.011165890202466595,9.264674270643903e-05,0.011784882265979376,False
main_camera_x_mm,production_searchsorted,camera_x_mm,x,-0.0034999999999999892,-0.0034999999999999892,-0.0735,0.0015,0.0055,0.005505376344086021,0.058651026392960576,512,464,560,97,38a40d34c1642385,-0.000747311827956846,511.48725833334464,True,1.572782436084145e-06,51992.807804434546,6.690509729299775,505.0204617815575,505.65682541792114,505.66253164309893,504.3139154721346,511.58664274486193,511.5865581328064,121.33619414864266,121.33619414864266,121.21770177154436,120.89739679757507,120.89739679757507,120.77933293351494,6.690509729299775,6.690509729299775,6.690509729299775,-0.6364150652478315,0.6364150652478315,-424.276710165221,0.0,0.0,0.0,0.0038327054969613528,0.0019163527484806764,2.5551369979742353,-1.4210854715202004e-14,7.105427357601002e-15,-9.473903143468002e-12,0.0,0.0,0.0,0.6364150652478315,False,0.010548796682618797,7.799340392372487e-05,0.05944021977852454,False
main_camera_x_mm,bilinear_intensity,camera_x_mm,x,-0.0034999999999999892,-0.0034999999999999892,-0.0735,0.0015,0.0055,0.005505376344086021,0.058651026392960576,512,464,560,97,cf309c962d1a2bde,-0.000747311827956846,511.48725833334464,True,1.5672345544447668e-06,51809.40675850469,6.508527178047191,510.6343772112215,511.2707408475851,511.2709647334761,509.52144935741416,516.7941766301414,516.789006535776,121.43578807855675,121.43578807855675,121.31719844176128,120.92547706671196,120.92547706671196,120.807385780514,6.508527178047191,6.508527178047191,6.508527178047191,-0.007739698720229171,0.007739698720229171,-5.159799146819448,0.0,0.0,0.0,0.0016109256262382132,0.0008054628131191066,1.0739504174921422,0.0,0.0,0.0,-0.025551424221358587,0.07820972405348002,-17.03428281423906,0.07820972405348002,False,0.011031645766086803,8.836241174680435e-05,0.01093198389093135,False
main_camera_x_mm,production_searchsorted,camera_x_mm,x,-0.001999999999999988,-0.001999999999999988,-0.072,0.0015,0.0055,0.005505376344086021,0.058651026392960576,512,464,560,97,c76f9fe186bb7a45,0.0007526881720433531,511.51283333334464,True,1.5692501240737542e-06,51876.037159462954,6.690509729299775,505.4768285226035,505.84046488623983,505.8459917759993,504.3139154721346,511.5866427448619,511.5865581328064,121.42282031725145,121.42282031725145,121.3042433442854,120.89739679757508,120.89739679757508,120.77933293351494,6.690509729299775,6.690509729299775,6.690509729299775,0.45636674104599706,0.45636674104599706,304.2444940306647,0.0,0.0,0.0,0.08662616860878813,0.04331308430439407,57.75077907252542,1.4210854715202004e-14,7.105427357601002e-15,9.473903143468002e-12,0.0,0.0,0.0,0.45636674104599706,False,0.01661989195895343,0.00012317210057852343,0.08776549889508539,False
main_camera_x_mm,bilinear_intensity,camera_x_mm,x,-0.001999999999999988,-0.001999999999999988,-0.072,0.0015,0.0055,0.005505376344086021,0.058651026392960576,512,464,560,97,7488cfceadc19a07,0.0007526881720433531,511.51283333334464,True,1.5672358798284107e-06,51809.450572840025,6.552306342204465,510.6293751148558,510.9930114784922,510.99350658447014,509.52144935741416,516.7941766301414,516.789006535776,121.43393939396985,121.43393939396985,121.31535156253041,120.92547706671196,120.92547706671196,120.807385780514,6.552306342204465,6.552306342204465,6.552306342204465,-0.00500209636567206,0.00500209636567206,-3.3347309104480396,0.0,0.0,0.0,-0.0018486845869034596,0.0009243422934517298,-1.232456391268973,0.0,0.0,0.0,0.04377916415727423,0.13452863592530825,29.186109438182818,0.13452863592530825,False,0.011100026832358561,9.193950152986308e-05,0.012197412799424632,False
main_camera_x_mm,production_searchsorted,camera_x_mm,x,-0.0004999999999999866,-0.0004999999999999866,-0.0705,0.0015,0.0055,0.005505376344086021,0.058651026392960576,512,464,560,97,fdef31e95736c749,0.0022526881720431186,511.53840833334465,True,1.569623121283546e-06,51888.36764573706,6.690509729299775,505.36140030898844,505.4523093998975,505.45821534774916,504.3139154721346,511.5866427448619,511.5865581328064,121.31255287596056,121.31255287596056,121.19408358604264,120.89739679757508,120.89739679757508,120.77933293351495,6.690509729299775,6.690509729299775,6.690509729299775,-0.11542821361507549,0.11542821361507549,-76.95214241005033,0.0,0.0,0.0,-0.11026744129088684,0.05513372064544342,-73.51162752725789,0.0,0.0,0.0,0.0,0.0,0.0,0.11542821361507549,False,0.012373356784133257,9.149454647244655e-05,0.057801172321322425,False
main_camera_x_mm,bilinear_intensity,camera_x_mm,x,-0.0004999999999999866,-0.0004999999999999866,-0.0705,0.0015,0.0055,0.005505376344086021,0.058651026392960576,512,464,560,97,687b12a1f0b6ebb8,0.0022526881720431186,511.53840833334465,True,1.5671373955594007e-06,51806.194894525644,6.559455089627327,510.63512867497974,510.7260377658888,510.72679358838303,509.52144935741416,516.7941766301415,516.789006535776,121.43345719961222,121.43345719961222,121.31486983906572,120.92547706671196,120.92547706671196,120.807385780514,6.559455089627327,6.559455089627327,6.559455089627327,0.005753560123935131,0.005753560123935131,3.835706749290087,0.0,0.0,0.0,-0.0004821943576303056,0.0002410971788151528,-0.3214629050868704,0.0,0.0,0.0,0.007148747422861312,0.02182055309842604,4.765831615240875,0.02182055309842604,False,0.011073745562117694,8.365444306642744e-05,0.01029685270980877,False
main_camera_x_mm,production_searchsorted,camera_x_mm,x,0.0010000000000000148,0.0010000000000000148,-0.06899999999999999,0.0015,0.0055,0.005505376344086021,0.058651026392960576,512,464,560,97,f13d276df081cdb3,0.0037526881720433176,511.56398333334465,True,1.5724135980960287e-06,51980.61481309186,6.690509729299775,505.0931346921999,504.9113165103817,504.91775077160196,504.3139154721346,511.58664274486193,511.5865581328064,121.55937799911861,121.55937799911861,121.44066766904133,120.89739679757508,120.89739679757508,120.77933293351495,6.690509729299775,6.690509729299775,6.690509729299775,-0.2682656167885398,0.2682656167885398,-178.84374452569318,0.0,0.0,0.0,0.24682512315804672,0.12341256157902336,164.55008210536448,0.0,0.0,0.0,0.0,0.0,0.0,0.2682656167885398,False,0.009579049797985873,7.08489339019354e-05,0.05750082441048741,False
main_camera_x_mm,bilinear_intensity,camera_x_mm,x,0.0010000000000000148,0.0010000000000000148,-0.06899999999999999,0.0015,0.0055,0.005505376344086021,0.058651026392960576,512,464,560,97,3dcddc9c6f2681b8,0.0037526881720433176,511.56398333334465,True,1.5671639578749554e-06,51807.07298760183,6.521593913300671,510.643097924308,510.4612797424898,510.46229411774124,509.52144935741416,516.7941766301415,516.789006535776,121.43570464059624,121.43570464059624,121.31711508528318,120.92547706671193,120.92547706671193,120.80738578051397,6.521593913300671,6.521593913300671,6.521593913300671,0.007969249328255046,0.007969249328255046,5.312832885503364,0.0,0.0,0.0,0.0022474409840214093,0.0011237204920107047,1.4982939893476062,-2.842170943040401e-14,1.4210854715202004e-14,-1.8947806286936004e-11,-0.037861176326655865,0.11544000472395012,-25.240784217770578,0.11544000472395012,False,0.011124928868106064,9.286839788019653e-05,0.011783941949982713,False
main_camera_x_mm,production_searchsorted,camera_x_mm,x,0.0025000000000000022,0.0025000000000000022,-0.0675,0.0015,0.0055,0.005505376344086021,0.058651026392960576,512,464,560,97,67027b65a58be548,0.005252688172043083,511.5895583333447,True,1.5628588459409547e-06,51664.755237717516,6.690509729299775,505.1531910820481,504.6986456275027,504.70528757513205,504.3139154721346,511.58664274486193,511.5865581328064,121.44639633705255,121.44639633705255,121.32779634062966,120.89739679757508,120.89739679757508,120.77933293351495,6.690509729299775,6.690509729299775,6.690509729299775,0.06005638984822781,0.06005638984822781,40.03759323215187,0.0,0.0,0.0,-0.11298166206606197,0.056490831033030986,-75.32110804404131,0.0,0.0,0.0,0.0,0.0,0.0,0.06005638984822781,False,0.012049995748518717,8.928308452659108e-05,0.07564094049559633,False
main_camera_x_mm,bilinear_intensity,camera_x_mm,x,0.0025000000000000022,0.0025000000000000022,-0.0675,0.0015,0.0055,0.005505376344086021,0.058651026392960576,512,464,560,97,2c25c49dd97dce99,0.005252688172043083,511.5895583333447,True,1.5672633994482536e-06,51810.36031233896,6.5229633181995474,510.63186211881055,510.1773166642651,510.1786083472101,509.5214493574141,516.7941766301414,516.789006535776,121.43381719572307,121.43381719572307,121.31522948361787,120.92547706671196,120.92547706671196,120.807385780514,6.5229633181995474,6.5229633181995474,6.5229633181995474,-0.011235805497449292,0.011235805497449292,-7.490536998299527,-5.684341886080802e-14,5.684341886080802e-14,-3.789561257387201e-11,-0.0018874448731764915,0.0009437224365882457,-1.258296582117661,2.842170943040401e-14,1.4210854715202004e-14,1.8947806286936004e-11,0.0013694048988766028,0.0041996018675242155,0.9129365992510685,0.011235805497449292,False,0.011023670994782284,8.35357232346626e-05,0.010159725631800717,False
main_camera_x_mm,production_searchsorted,camera_x_mm,x,0.0040000000000000036,0.0040000000000000036,-0.066,0.0015,0.0055,0.005505376344086021,0.058651026392960576,512,464,560,97,d09651136cbfba0c,0.006752688172043282,511.61513333334466,True,1.5668903190232652e-06,51798.027075149264,6.690509729299775,505.78867494690655,505.0614022196338,505.0676899127787,504.3139154721346,511.58664274486193,511.5865581328064,121.35300487045296,121.35300487045296,121.23449607663416,120.89739679757507,120.89739679757507,120.77933293351494,6.690509729299775,6.690509729299775,6.690509729299775,0.6354838648584291,0.6354838648584291,423.6559099056194,0.0,0.0,0.0,-0.0933914665995843,0.04669573329979215,-62.2609777330562,-1.4210854715202004e-14,7.105427357601002e-15,-9.473903143468002e-12,0.0,0.0,0.0,0.6354838648584291,False,0.008398149067866154,6.184702809490255e-05,0.05047019567736038,False
main_camera_x_mm,bilinear_intensity,camera_x_mm,x,0.0040000000000000036,0.0040000000000000036,-0.066,0.0015,0.0055,0.005505376344086021,0.058651026392960576,512,464,560,97,6b2f547957a072a7,0.006752688172043282,511.61513333334466,True,1.5672290368270664e-06,51809.22435791955,6.566742482356823,510.6301176327248,509.90284490545207,509.90440462722404,509.52144935741416,516.7941766301414,516.789006535776,121.4341414833604,121.4341414833604,121.31555345456805,120.92547706671196,120.92547706671196,120.80738578051397,6.566742482356823,6.566742482356823,6.566742482356823,-0.0017444860857267486,0.0017444860857267486,-1.1629907238178323,5.684341886080802e-14,5.684341886080802e-14,3.789561257387201e-11,0.0003242876373406034,0.0001621438186703017,0.21619175822706893,0.0,0.0,0.0,0.04377916415727512,0.1342309070944122,29.18610943818341,0.1342309070944122,False,0.01115156793562733,9.200517612887431e-05,0.012250440206376285,False
main_camera_x_mm,production_searchsorted,camera_x_mm,x,0.005500000000000005,0.005500000000000005,-0.0645,0.0015,0.0055,0.005505376344086021,0.058651026392960576,512,464,560,97,58dc3f4aad8cb08e,0.008252688172043048,511.64070833334466,True,1.570114912358064e-06,51904.62520191947,6.690509729299775,505.5147111792915,504.5147111792915,504.52153275040547,504.3139154721346,511.58664274486193,511.5865581328064,121.33391190101429,121.33391190101429,121.21542175267345,120.89739679757508,120.89739679757508,120.77933293351495,6.690509729299775,6.690509729299775,6.690509729299775,-0.2739637676150437,0.2739637676150437,-182.64251174336246,0.0,0.0,0.0,-0.01909296943867389,0.009546484719336945,-12.72864629244926,1.4210854715202004e-14,7.105427357601002e-15,9.473903143468002e-12,0.0,0.0,0.0,0.2739637676150437,False,0.011218231523352894,8.282825220744364e-05,0.05596183477778264,False
main_camera_x_mm,bilinear_intensity,camera_x_mm,x,0.005500000000000005,0.005500000000000005,-0.0645,0.0015,0.0055,0.005505376344086021,0.058651026392960576,512,464,560,97,c121309333040408,0.008252688172043048,511.64070833334466,True,1.5671121809894682e-06,51805.36135502374,6.546970400659448,510.6400975436775,509.6400975436775,509.64191385466995,509.52144935741416,516.7941766301414,516.789006535776,121.4331936326387,121.4331936326387,121.31460652948182,120.92547706671196,120.92547706671196,120.807385780514,6.546970400659448,6.546970400659448,6.546970400659448,0.009979910952665705,0.009979910952665705,6.653273968443803,0.0,0.0,0.0,-0.0009478507217011156,0.0004739253608505578,-0.631900481134077,0.0,0.0,0.0,-0.019772081697374766,0.0602188429057401,-13.181387798249844,0.0602188429057401,False,0.011114800369609587,8.572233206928303e-05,0.010675682082019026,False
main_camera_x_mm,production_searchsorted,camera_x_mm,x,0.007000000000000006,0.007000000000000006,-0.063,0.0015,0.0055,0.005505376344086021,0.058651026392960576,512,464,560,97,db060a49a2c7c017,0.009752688172043247,511.66628333334467,True,1.572940564149258e-06,51998.035178487866,6.690509729299775,504.92710423541246,503.6543769626852,503.6620387039325,504.3139154721346,511.58664274486193,511.5865581328064,121.33774684048143,121.33774684048143,121.21925294708254,120.89739679757508,120.89739679757508,120.77933293351494,6.690509729299775,6.690509729299775,6.690509729299775,-0.5876069438790523,0.5876069438790523,-391.7379625860349,0.0,0.0,0.0,0.003834939467139975,0.0019174697335699875,2.55662631142665,0.0,0.0,0.0,0.0,0.0,0.0,0.5876069438790523,False,0.011299166904246323,8.359751412416146e-05,0.06001113094424747,False
main_camera_x_mm,bilinear_intensity,camera_x_mm,x,0.007000000000000006,0.007000000000000006,-0.063,0.0015,0.0055,0.005505376344086021,0.058651026392960576,512,464,560,97,e56f41b6ae332c08,0.009752688172043247,511.66628333334467,True,1.5672004156821084e-06,51808.27820436722,6.509109224332623,510.6409482604322,509.36822098770494,509.3703028031466,509.52144935741416,516.7941766301414,516.789006535776,121.43592806597375,121.43592806597375,121.3173382924718,120.92547706671196,120.92547706671196,120.807385780514,6.509109224332623,6.509109224332623,6.509109224332623,0.0008507167547122663,0.0008507167547122663,0.5671445031415109,0.0,0.0,0.0,0.0027344333350498573,0.0013672166675249287,1.8229555566999047,0.0,0.0,0.0,-0.03786117632682462,0.11566014204985874,-25.24078421788308,0.11566014204985874,False,0.011074659462786256,9.286266616676867e-05,0.011754879210156463,False
main_camera_x_mm,production_searchsorted,camera_x_mm,x,0.008500000000000008,0.008500000000000008,-0.0615,0.0015,0.0055,0.005505376344086021,0.058651026392960576,512,464,560,97,db9847e50db719d9,0.011252688172043012,511.69185833334467,True,1.565906935963292e-06,51765.51854424106,6.690509729299775,505.0139841338192,503.4685295883646,503.4763728211885,504.3139154721346,511.5866427448619,511.5865581328064,121.17248892902799,121.17248892902799,121.05415642030823,120.89739679757508,120.89739679757508,120.77933293351495,6.690509729299775,6.690509729299775,6.690509729299775,0.08687989840672117,0.08687989840672117,57.919932271147445,0.0,0.0,0.0,-0.1652579114534376,0.0826289557267188,-110.1719409689584,0.0,0.0,0.0,0.0,0.0,0.0,0.08687989840672117,False,0.014566250581016432,0.00010796316071444488,0.08539429837786609,False
main_camera_x_mm,bilinear_intensity,camera_x_mm,x,0.008500000000000008,0.008500000000000008,-0.0615,0.0015,0.0055,0.005505376344086021,0.058651026392960576,512,464,560,97,7a6e444208bb195a,0.011252688172043012,511.69185833334467,True,1.567243011790299e-06,51809.686340175176,6.53739945835171,510.63117171806505,509.0857171726105,509.0880748706841,509.52144935741416,516.7941766301415,516.789006535776,121.43276128213759,121.43276128213759,121.31417460119799,120.92547706671196,120.92547706671196,120.807385780514,6.53739945835171,6.53739945835171,6.53739945835171,-0.009776542367148977,0.009776542367148977,-6.517694911432652,0.0,0.0,0.0,-0.0031667838361642,0.0015833919180821,-2.1111892241094665,0.0,0.0,0.0,0.028290234019086924,0.08692505546943718,18.860156012724616,0.08692505546943718,False,0.011052557592694998,8.596364292505245e-05,0.011026341557099131,False
main_camera_x_mm,production_searchsorted,camera_x_mm,x,0.010000000000000009,0.010000000000000009,-0.06,0.0015,0.0055,0.005505376344086021,0.058651026392960576,512,464,560,97,bc577faad4afe378,0.012752688172043211,511.7174333333447,True,1.563323097689775e-06,51680.10240296777,6.690509729299775,505.4108540773567,503.5926722591749,503.60039425892177,504.3139154721346,511.58664274486193,511.5865581328064,121.65156680920954,121.65156680920954,121.53276645099741,120.89739679757508,120.89739679757508,120.77933293351495,6.690509729299775,6.690509729299775,6.690509729299775,0.39686994353752425,0.39686994353752425,264.5799623583495,0.0,0.0,0.0,0.4790778801815492,0.2395389400907746,319.38525345436614,0.0,0.0,0.0,0.0,0.0,0.0,0.39686994353752425,False,0.008450868569969216,6.235665300991007e-05,0.04387341941304938,False
main_camera_x_mm,bilinear_intensity,camera_x_mm,x,0.010000000000000009,0.010000000000000009,-0.06,0.0015,0.0055,0.005505376344086021,0.058651026392960576,512,464,560,97,66e108f6a909675a,0.012752688172043211,511.7174333333447,True,1.5671900013710367e-06,51807.93392962105,6.572346888018054,510.6341018334698,508.815920015288,508.818541187148,509.52144935741416,516.7941766301414,516.789006535776,121.43321402527683,121.43321402527683,121.31462690220528,120.92547706671196,120.92547706671196,120.80738578051397,6.572346888018054,6.572346888018054,6.572346888018054,0.002930115404751632,0.002930115404751632,1.9534102698344213,0.0,0.0,0.0,0.00045274313923471254,0.00022637156961735627,0.30182875948980836,0.0,0.0,0.0,0.03494742966634412,0.10691538704032474,23.298286444229415,0.10691538704032474,False,0.011137236188292335,8.832483889644293e-05,0.011556655050632804,False
main_camera_x_mm,production_searchsorted,camera_x_mm,x,0.01150000000000001,0.01150000000000001,-0.058499999999999996,0.0015,0.0055,0.005505376344086021,0.058651026392960576,512,464,560,97,5c324fa66b884ce8,0.01425268817204341,511.7430083333447,True,1.5690574664566395e-06,51869.66831261618,6.690509729299775,505.6566097988585,503.5657007079494,503.57344904710175,504.3139154721346,511.58664274486193,511.5865581328064,121.33108632684963,121.33108632684963,121.21259893785857,120.89739679757508,120.89739679757508,120.77933293351494,6.690509729299775,6.690509729299775,6.690509729299775,0.24575572150178004,0.24575572150178004,163.83714766785337,0.0,0.0,0.0,-0.3204804823599119,0.16024024117995594,-213.65365490660793,0.0,0.0,0.0,0.0,0.0,0.0,0.24575572150178004,False,0.007432565072809647,5.475237543982631e-05,0.04396400166597201,False
main_camera_x_mm,bilinear_intensity,camera_x_mm,x,0.01150000000000001,0.01150000000000001,-0.058499999999999996,0.0015,0.0055,0.005505376344086021,0.058651026392960576,512,464,560,97,5082bf80924fa624,0.01425268817204341,511.7430083333447,True,1.567092570901419e-06,51804.71308765021,6.534485711691399,510.6447632688441,508.55385417793497,508.55673127346427,509.5214493574141,516.7941766301414,516.789006535776,121.43326349644231,121.43326349644231,121.31467632505908,120.92547706671196,120.92547706671196,120.807385780514,6.534485711691399,6.534485711691399,6.534485711691399,0.01066143537428843,0.01066143537428843,7.107623582858953,-5.684341886080802e-14,5.684341886080802e-14,-3.789561257387201e-11,4.947116548237318e-05,2.473558274118659e-05,0.032980776988248785,0.0,0.0,0.0,-0.03786117632665498,0.11521356669618005,-25.240784217769985,0.11521356669618005,False,0.011165834367692726,9.263471713942935e-05,0.011784121829343843,False
main_camera_x_mm,production_searchsorted,camera_x_mm,x,0.013000000000000012,0.013000000000000012,-0.056999999999999995,0.0015,0.0055,0.005505376344086021,0.058651026392960576,512,464,560,97,5aee84b1091893db,0.015752688172043176,511.7685833333447,True,1.5727802604655344e-06,51992.735883158166,6.690509729299775,505.02018716671313,502.65655080307675,502.66518698393315,504.3139154721346,511.5866427448619,511.5865581328064,121.33494201634738,121.33494201634738,121.21645086203452,120.89739679757508,120.89739679757508,120.77933293351495,6.690509729299775,6.690509729299775,6.690509729299775,-0.6364226321453543,0.6364226321453543,-424.28175476356955,0.0,0.0,0.0,0.003855689497754611,0.0019278447488773054,2.5704596651697407,0.0,0.0,0.0,0.0,0.0,0.0,0.6364226321453543,False,0.01054881130933507,7.799340392372487e-05,0.059440219790744014,False
main_camera_x_mm,bilinear_intensity,camera_x_mm,x,0.013000000000000012,0.013000000000000012,-0.056999999999999995,0.0015,0.0055,0.005505376344086021,0.058651026392960576,512,464,560,97,037dae717139e8ff,0.015752688172043176,511.7685833333447,True,1.5672320180618757e-06,51809.32291113638,6.508056434346596,510.63718231782605,508.27354595418973,508.27669678821877,509.52144935741416,516.7941766301415,516.789006535776,121.4349401401053,121.4349401401053,121.3163513313747,120.92547706671196,120.92547706671196,120.80738578051397,6.508056434346596,6.508056434346596,6.508056434346596,-0.007580951018042015,0.007580951018042015,-5.053967345361343,5.684341886080802e-14,5.684341886080802e-14,3.789561257387201e-11,0.0016766436629893633,0.0008383218314946816,1.1177624419929089,0.0,0.0,0.0,-0.02642927734480338,0.08089168302110304,-17.61951822986892,0.08089168302110304,False,0.011032586574962536,8.869141524246111e-05,0.01098216123057117,False
main_camera_x_mm,production_searchsorted,camera_x_mm,x,0.014500000000000013,0.014500000000000013,-0.055499999999999994,0.0015,0.0055,0.005505376344086021,0.058651026392960576,512,464,560,97,5c22e021a2a6c9f6,0.017252688172043375,511.7941583333447,True,1.5692479484551443e-06,51875.96523818659,6.690509729299775,505.4765601452632,502.8401965088995,502.8486533482463,504.3139154721346,511.5866427448619,511.5865581328064,121.42156235261669,121.42156235261669,121.3029866081317,120.89739679757508,120.89739679757508,120.77933293351495,6.690509729299775,6.690509729299775,6.690509729299775,0.4563729785500641,0.4563729785500641,304.2486523667094,0.0,0.0,0.0,0.08662033626930565,0.04331016813465283,57.74689084620377,0.0,0.0,0.0,0.0,0.0,0.0,0.4563729785500641,False,0.016619914949162016,0.00012317210057852343,0.08776549891298863,False
main_camera_x_mm,bilinear_intensity,camera_x_mm,x,0.014500000000000013,0.014500000000000013,-0.055499999999999994,0.0015,0.0055,0.005505376344086021,0.058651026392960576,512,464,560,97,7a690b2e9e79689c,0.017252688172043375,511.7941583333447,True,1.5672346812108523e-06,51809.41094911908,6.551835598503871,510.6320262910876,507.99566265472396,507.9990848591626,509.52144935741416,516.7941766301414,516.789006535776,121.43302671331935,121.43302671331935,121.31443977316964,120.92547706671196,120.92547706671196,120.80738578051397,6.551835598503871,6.551835598503871,6.551835598503871,-0.005156026738461605,0.005156026738461605,-3.4373511589744035,0.0,0.0,0.0,-0.001913426785947081,0.0009567133929735405,-1.275617857298054,0.0,0.0,0.0,0.04377916415727512,0.13453836671184463,29.18610943818341,0.13453836671184463,False,0.011098270287228382,9.193044611571034e-05,0.012194931654564851,False
main_camera_x_mm,production_searchsorted,camera_x_mm,x,0.016000000000000014,0.016000000000000014,-0.05399999999999999,0.0015,0.0055,0.005505376344086021,0.058651026392960576,512,464,560,97,c43e84481dfb69b1,0.01875268817204314,511.8197333333447,True,1.5693804566502488e-06,51880.345674388394,6.690509729299775,505.3691776282498,502.4600867191589,502.46891475947217,504.3139154721346,511.5866427448619,511.5865581328064,121.31885506751725,121.31885506751725,121.20037962311537,120.89739679757508,120.89739679757508,120.77933293351495,6.690509729299775,6.690509729299775,6.690509729299775,-0.10738251701337731,0.10738251701337731,-71.58834467558488,0.0,0.0,0.0,-0.10270728509944149,0.051353642549720746,-68.47152339962766,0.0,0.0,0.0,0.0,0.0,0.0,0.10738251701337731,False,0.01222012281290615,9.03613355700107e-05,0.05776656062512082,False
main_camera_x_mm,bilinear_intensity,camera_x_mm,x,0.016000000000000014,0.016000000000000014,-0.05399999999999999,0.0015,0.0055,0.005505376344086021,0.058651026392960576,512,464,560,97,733db76cf3d792ed,0.01875268817204314,511.8197333333447,True,1.5671368188320247e-06,51806.175829157844,6.559862199050175,510.6376539719403,507.7285630628494,507.7322461067333,509.52144935741416,516.7941766301414,516.789006535776,121.43254019474618,121.43254019474618,121.31395372971222,120.92547706671193,120.92547706671193,120.807385780514,6.559862199050175,6.559862199050175,6.559862199050175,0.0056276808527400135,0.0056276808527400135,3.751787235160009,0.0,0.0,0.0,-0.00048651857316883707,0.00024325928658441853,-0.32434571544589136,-2.842170943040401e-14,1.4210854715202004e-14,-1.8947806286936004e-11,0.00802660054630433,0.024501837464106165,5.351067030869554,0.024501837464106165,False,0.011074956431320856,8.370260662238075e-05,0.01031220909099812,False
main_camera_x_mm,production_searchsorted,camera_x_mm,x,0.01750000000000001,0.01750000000000001,-0.0525,0.0015,0.0055,0.005505376344086021,0.058651026392960576,512,464,560,97,8879c40c50eacd01,0.02025268817204334,511.84530833334463,True,1.5724114224774186e-06,51980.542891815494,6.690509729299775,505.09285966932293,501.91104148750475,501.9204057048021,504.3139154721346,511.58664274486193,511.5865581328064,121.55814448276328,121.55814448276328,121.43943535729184,120.89739679757508,120.89739679757508,120.77933293351494,6.690509729299775,6.690509729299775,6.690509729299775,-0.2763179589268816,0.2763179589268816,-184.21197261792108,0.0,0.0,0.0,0.2392894152460343,0.11964470762301715,159.52627683068954,0.0,0.0,0.0,0.0,0.0,0.0,0.2763179589268816,False,0.009733769139790278,7.198214480437126e-05,0.05753602470251886,False
main_camera_x_mm,bilinear_intensity,camera_x_mm,x,0.01750000000000001,0.01750000000000001,-0.0525,0.0015,0.0055,0.005505376344086021,0.058651026392960576,512,464,560,97,dab4d578ea20974c,0.02025268817204334,511.84530833334463,True,1.5671606296390824e-06,51806.96296327545,6.5220010227235194,510.6457166000785,507.4638984182603,507.4678399237112,509.5214493574141,516.7941766301414,516.789006535776,121.43464514771479,121.43464514771479,121.31605662706272,120.92547706671196,120.92547706671196,120.807385780514,6.5220010227235194,6.5220010227235194,6.5220010227235194,0.00806262813819103,0.00806262813819103,5.375085425460687,-5.684341886080802e-14,5.684341886080802e-14,-3.789561257387201e-11,0.0021049529686081314,0.0010524764843040657,1.4033019790720875,2.842170943040401e-14,1.4210854715202004e-14,1.8947806286936004e-11,-0.037861176326655865,0.11543284044026995,-25.240784217770578,0.11543284044026995,False,0.011127891658858333,9.286871294447431e-05,0.01178536887124697,False
main_camera_x_mm,production_searchsorted,camera_x_mm,x,0.01900000000000001,0.01900000000000001,-0.051,0.0015,0.0055,0.005505376344086021,0.058651026392960576,512,464,560,97,569d09dbf9a72b69,0.021752688172043105,511.8708833333447,True,1.560819313495601e-06,51597.33267754053,6.690509729299775,505.44391964088373,501.9893741863383,501.9986619068594,504.3139154721346,511.58664274486193,511.5865581328064,121.25685643743972,121.25685643743972,121.13844153857504,120.89739679757508,120.89739679757508,120.77933293351495,6.690509729299775,6.690509729299775,6.690509729299775,0.35105997156080093,0.35105997156080093,234.03998104053395,0.0,0.0,0.0,-0.3012880453235596,0.1506440226617798,-200.85869688237304,0.0,0.0,0.0,0.0,0.0,0.0,0.35105997156080093,False,0.010754323012092832,7.968283325847257e-05,0.07373187615357489,False
main_camera_x_mm,bilinear_intensity,camera_x_mm,x,0.01900000000000001,0.01900000000000001,-0.051,0.0015,0.0055,0.005505376344086021,0.058651026392960576,512,464,560,97,336d9cf70b872ccc,0.021752688172043105,511.8708833333447,True,1.5672620401522217e-06,51810.31537693295,6.5224925744987585,510.63455739774946,507.180011943204,507.1842306815407,509.52144935741416,516.7941766301415,516.789006535776,121.43291479350499,121.43291479350499,121.31432796265196,120.92547706671196,120.92547706671196,120.80738578051397,6.5224925744987585,6.5224925744987585,6.5224925744987585,-0.011159202329054096,0.011159202329054096,-7.439468219369397,5.684341886080802e-14,5.684341886080802e-14,3.789561257387201e-11,-0.0017303542097977243,0.0008651771048988621,-1.153569473198483,0.0,0.0,0.0,0.0004915517752390741,0.0015073649130886127,0.3277011834927161,0.011159202329054096,False,0.011023942269940962,8.351848132333844e-05,0.010159005622979222,False
main_camera_x_mm,production_searchsorted,camera_x_mm,x,0.02050000000000001,0.02050000000000001,-0.049499999999999995,0.0015,0.0055,0.005505376344086021,0.058651026392960576,512,464,560,97,29928a32bd447ce3,0.023252688172043304,511.89645833334464,True,1.5668881434046548e-06,51797.955153872885,6.690509729299775,505.7884095002081,502.06113677293536,502.0703544128055,504.3139154721346,511.5866427448619,511.5865581328064,121.35176131539433,121.35176131539433,121.23325373598475,120.89739679757508,120.89739679757508,120.77933293351495,6.690509729299775,6.690509729299775,6.690509729299775,0.34448985932436926,0.34448985932436926,229.65990621624616,0.0,0.0,0.0,0.09490487795460467,0.047452438977302336,63.26991863640311,0.0,0.0,0.0,0.0,0.0,0.0,0.34448985932436926,False,0.009714435396773285,7.144727936302106e-05,0.05327117945032184,False
main_camera_x_mm,bilinear_intensity,camera_x_mm,x,0.02050000000000001,0.02050000000000001,-0.049499999999999995,0.0015,0.0055,0.005505376344086021,0.058651026392960576,512,464,560,97,04e94b1ef17e45e6,0.023252688172043304,511.89645833334464,True,1.5672280001091977e-06,51809.19008625447,6.566271738656034,510.632716621523,506.9054438942503,506.90993076544726,509.52144935741416,516.7941766301415,516.789006535776,121.43314923080199,121.43314923080199,121.31456217100627,120.92547706671196,120.92547706671196,120.807385780514,6.566271738656034,6.566271738656034,6.566271738656034,-0.001840776226458729,0.001840776226458729,-1.2271841509724861,0.0,0.0,0.0,0.00023443729699579308,0.00011721864849789654,0.15629153133052873,0.0,0.0,0.0,0.04377916415727512,0.13424059485614503,29.18610943818341,0.13424059485614503,False,0.011151126575915679,9.20101837148889e-05,0.012250546864890192,False
main_camera_x_mm,production_searchsorted,camera_x_mm,x,0.022000000000000013,0.022000000000000013,-0.047999999999999994,0.0015,0.0055,0.005505376344086021,0.058651026392960576,512,464,560,97,e5915ce6a4f6e840,0.02475268817204307,511.92203333334464,True,1.5701384249855847e-06,51905.40247886231,6.690509729299775,505.5079949524176,501.5079949524176,501.5177527698469,504.3139154721346,511.5866427448619,511.5865581328064,121.34215076629,121.34215076629,121.2236525721823,120.89739679757508,120.89739679757508,120.77933293351495,6.690509729299775,6.690509729299775,6.690509729299775,-0.28041454779048536,0.28041454779048536,-186.94303186032357,0.0,0.0,0.0,-0.00961054910432324,0.00480527455216162,-6.407032736215494,0.0,0.0,0.0,0.0,0.0,0.0,0.28041454779048536,False,0.011201852664628503,8.270720634338195e-05,0.05596142682942298,False
main_camera_x_mm,bilinear_intensity,camera_x_mm,x,0.022000000000000013,0.022000000000000013,-0.047999999999999994,0.0015,0.0055,0.005505376344086021,0.058651026392960576,512,464,560,97,ea3310961ebab9e3,0.02475268817204307,511.92203333334464,True,1.5671112458858555e-06,51805.33044250762,6.5473775100821285,510.642603561312,506.642603561312,506.64734711252163,509.52144935741416,516.7941766301414,516.789006535776,121.43217028965606,121.43217028965606,121.31358418585755,120.92547706671196,120.92547706671196,120.807385780514,6.5473775100821285,6.5473775100821285,6.5473775100821285,0.009886939788998461,0.009886939788998461,6.591293192665641,0.0,0.0,0.0,-0.0009789411459308894,0.0004894705729654447,-0.6526274306205929,0.0,0.0,0.0,-0.018894228573905103,0.057549334922201434,-12.596152382603401,0.057549334922201434,False,0.011112755929677105,8.540040953984883e-05,0.010638239545608408,False
main_camera_x_mm,production_searchsorted,camera_x_mm,x,0.023500000000000014,0.023500000000000014,-0.04649999999999999,0.0015,0.0055,0.005505376344086021,0.058651026392960576,512,464,560,97,b4f585b7a57482d6,0.026252688172043268,511.9476083333447,True,1.5729433916197706e-06,51998.12864858746,6.690509729299775,504.9282890278516,500.6555617551243,500.6661520268478,504.3139154721346,511.5866427448619,511.5865581328064,121.33911652741355,121.33911652741355,121.22062129642975,120.89739679757508,120.89739679757508,120.77933293351494,6.690509729299775,6.690509729299775,6.690509729299775,-0.5797059245660421,0.5797059245660421,-386.4706163773614,0.0,0.0,0.0,-0.0030342388764523776,0.0015171194382261888,-2.0228259176349184,0.0,0.0,0.0,0.0,0.0,0.0,0.5797059245660421,False,0.011312171798324704,8.369498487753712e-05,0.06001149412614642,False
main_camera_x_mm,bilinear_intensity,camera_x_mm,x,0.023500000000000014,0.023500000000000014,-0.04649999999999999,0.0015,0.0055,0.005505376344086021,0.058651026392960576,512,464,560,97,d543b9e99cf81c97,0.026252688172043268,511.9476083333447,True,1.5671976855303125e-06,51808.18795141529,6.5095163337556405,510.64373927886925,506.371012006142,506.3760207834797,509.5214493574141,516.7941766301414,516.789006535776,121.43490164474714,121.43490164474714,121.31631287360966,120.92547706671196,120.92547706671196,120.807385780514,6.5095163337556405,6.5095163337556405,6.5095163337556405,0.0011357175572470624,0.0011357175572470624,0.7571450381647082,-5.684341886080802e-14,5.684341886080802e-14,-3.789561257387201e-11,0.0027313550910861295,0.0013656775455430648,1.8209033940574195,0.0,0.0,0.0,-0.037861176326488,0.11565295041621353,-25.240784217658668,0.11565295041621353,False,0.01107625945039797,9.286286049472981e-05,0.011755108626574825,False
main_camera_x_mm,production_searchsorted,camera_x_mm,x,0.02500000000000001,0.02500000000000001,-0.045,0.0015,0.0055,0.005505376344086021,0.058651026392960576,512,464,560,97,eb1b0588a074273b,0.027752688172043034,511.97318333334465,True,1.5659047603446817e-06,51765.446622964686,6.690509729299775,505.01371814896675,500.4682636035122,500.4790367835869,504.3139154721346,511.58664274486193,511.5865581328064,121.17127755653804,121.17127755653804,121.05294623079924,120.89739679757508,120.89739679757508,120.77933293351495,6.690509729299775,6.690509729299775,6.690509729299775,0.08542912111516898,0.08542912111516898,56.95274741011265,0.0,0.0,0.0,-0.1678389708755077,0.08391948543775385,-111.89264725033847,0.0,0.0,0.0,0.0,0.0,0.0,0.08542912111516898,False,0.014569405115060963,0.00010798673582513091,0.08539430814624673,False
main_camera_x_mm,bilinear_intensity,camera_x_mm,x,0.02500000000000001,0.02500000000000001,-0.045,0.0015,0.0055,0.005505376344086021,0.058651026392960576,512,464,560,97,3b7aa72aaeb1675c,0.027752688172043034,511.97318333334465,True,1.567241829150671e-06,51809.64724465029,6.536928714651115,510.63384672707195,506.08839218161745,506.0936769548776,509.5214493574141,516.7941766301414,516.789006535776,121.43169045414004,121.43169045414004,121.31310481893091,120.92547706671196,120.92547706671196,120.80738578051397,6.536928714651115,6.536928714651115,6.536928714651115,-0.009892551797292981,0.009892551797292981,-6.595034531528654,0.0,0.0,0.0,-0.003211190607103731,0.0016055953035518655,-2.140793738069154,0.0,0.0,0.0,0.027412380895474264,0.08422248133344432,18.27492059698284,0.08422248133344432,False,0.011051984016643698,8.576532209123464e-05,0.01097403541737582,False
main_camera_x_mm,production_searchsorted,camera_x_mm,x,0.02650000000000001,0.02650000000000001,-0.0435,0.0015,0.0055,0.005505376344086021,0.058651026392960576,512,464,560,97,5a3eed71a34157e6,0.029252688172043233,511.9987583333447,True,1.5634557220591981e-06,51684.48667964291,6.690509729299775,505.4354823480156,500.6173005298338,500.6279281660351,504.3139154721346,511.58664274486193,511.5865581328064,121.6746387426355,121.6746387426355,121.55581585323837,120.89739679757507,120.89739679757507,120.77933293351494,6.690509729299775,6.690509729299775,6.690509729299775,0.4217641990488801,0.4217641990488801,281.1761326992534,0.0,0.0,0.0,0.5033611860974503,0.25168059304872514,335.57412406496684,-1.4210854715202004e-14,7.105427357601002e-15,-9.473903143468002e-12,0.0,0.0,0.0,0.4217641990488801,False,0.00836479590094158,6.172146051978381e-05,0.043859078685431326,False
main_camera_x_mm,bilinear_intensity,camera_x_mm,x,0.02650000000000001,0.02650000000000001,-0.0435,0.0015,0.0055,0.005505376344086021,0.058651026392960576,512,464,560,97,95ddb4bb3309f296,0.029252688172043233,511.9987583333447,True,1.5671909017497857e-06,51807.96369420779,6.572753997440905,510.6366517547534,505.8184699365716,505.82401830577413,509.52144935741416,516.7941766301415,516.789006535776,121.43208936290401,121.43208936290401,121.31350333813556,120.92547706671196,120.92547706671196,120.807385780514,6.572753997440905,6.572753997440905,6.572753997440905,0.0028050276814610697,0.0028050276814610697,1.8700184543073797,5.684341886080802e-14,5.684341886080802e-14,3.789561257387201e-11,0.0003989087639695299,0.00019945438198476495,0.2659391759796866,0.0,0.0,0.0,0.0358252827897898,0.10960891376861785,23.88352185985987,0.10960891376861785,False,0.011138960513113309,8.866712352648495e-05,0.011619015118180908,False
main_camera_x_mm,production_searchsorted,camera_x_mm,x,0.02800000000000001,0.02800000000000001,-0.041999999999999996,0.0015,0.0055,0.005505376344086021,0.058651026392960576,513,464,560,97,8e7bb28c468ce29e,0.030752688172042998,512.0243333333447,True,1.569055290838029e-06,51869.5963913398,6.690509729299775,505.65633859450116,500.5654295035921,500.57610779509247,504.3139154721346,511.5866427448619,511.5865581328064,121.3298770554286,121.3298770554286,121.21139084736666,120.89739679757508,120.89739679757508,120.77933293351495,6.690509729299775,6.690509729299775,6.690509729299775,0.22085624648553903,0.22085624648553903,147.237497657026,0.0,0.0,0.0,-0.3447616872068977,0.17238084360344885,-229.84112480459845,1.4210854715202004e-14,7.105427357601002e-15,9.473903143468002e-12,0.0,0.0,0.0,0.22085624648553903,False,0.00751815384061988,5.5387567929952554e-05,0.04397832432478565,False
main_camera_x_mm,bilinear_intensity,camera_x_mm,x,0.02800000000000001,0.02800000000000001,-0.041999999999999996,0.0015,0.0055,0.005505376344086021,0.058651026392960576,513,464,560,97,847ee02021eb9633,0.030752688172042998,512.0243333333447,True,1.5670902502055086e-06,51804.63637043004,6.534892821114249,510.6473969971475,505.55648790623843,505.5622921172675,509.5214493574141,516.7941766301414,516.789006535776,121.43207246793199,121.43207246793199,121.31348645966253,120.92547706671196,120.92547706671196,120.807385780514,6.534892821114249,6.534892821114249,6.534892821114249,0.010745242394079924,0.010745242394079924,7.163494929386616,-5.684341886080802e-14,5.684341886080802e-14,-3.789561257387201e-11,-1.6894972020509158e-05,8.447486010254579e-06,-0.01126331468033944,0.0,0.0,0.0,-0.037861176326655865,0.1152064304898588,-25.240784217770578,0.1152064304898588,False,0.011165805967675971,9.262287462947698e-05,0.011783385606624584,False
main_camera_x_mm,production_searchsorted,camera_x_mm,x,0.029500000000000012,0.029500000000000012,-0.040499999999999994,0.0015,0.0055,0.005505376344086021,0.058651026392960576,513,464,561,98,9595c6913011d436,0.0322526881720432,512.0499083333447,True,1.5728335423406346e-06,51994.497267458995,6.690509729299775,505.02402995021464,499.66039358657827,499.67195570221634,504.3139154721346,511.5866427448619,511.5865581328064,121.33350966985738,121.33350966985738,121.21501991432041,120.89739679757508,120.89739679757508,120.77933293351495,6.690509729299775,6.690509729299775,6.690509729299775,-0.6323086442865247,0.6323086442865247,-421.5390961910164,0.0,0.0,0.0,0.0036326144287812667,0.0018163072143906334,2.4217429525208445,0.0,0.0,0.0,0.0,0.0,0.0,0.6323086442865247,False,0.010513481423993283,7.773208206427858e-05,0.059438414692732186,False
main_camera_x_mm,bilinear_intensity,camera_x_mm,x,0.029500000000000012,0.029500000000000012,-0.040499999999999994,0.0015,0.0055,0.005505376344086021,0.058651026392960576,513,464,561,98,e0d5305f1fcd1569,0.0322526881720432,512.0499083333447,True,1.5672289697024556e-06,51809.22213892415,6.5075856906460015,510.63997605339597,505.2763396897596,505.2824174830313,509.52144935741416,516.7941766301415,516.789006535776,121.4338159353962,121.4338159353962,121.31522822452179,120.92547706671196,120.92547706671196,120.80738578051397,6.5075856906460015,6.5075856906460015,6.5075856906460015,-0.007420943751526465,0.007420943751526465,-4.947295834350977,5.684341886080802e-14,5.684341886080802e-14,3.789561257387201e-11,0.0017434674642089476,0.0008717337321044738,1.162311642805965,0.0,0.0,0.0,-0.027307130468247287,0.0835733078284556,-18.20475364549819,0.0835733078284556,False,0.011033522477688656,8.902057772198325e-05,0.011033784623580681,False
main_camera_x_mm,production_searchsorted,camera_x_mm,x,0.031000000000000014,0.031000000000000014,-0.03899999999999999,0.0015,0.0055,0.005505376344086021,0.058651026392960576,513,465,561,97,ad41b7d303b80bd1,0.033752688172043396,512.0754833333447,True,1.5692455599190917e-06,51875.886278317084,6.690509729299775,505.47621656107845,499.8398529247148,499.85123978709294,504.3139154721346,511.5866427448619,511.5865581328064,121.42022517476927,121.42022517476927,121.30165073612203,120.89739679757507,120.89739679757507,120.77933293351495,6.690509729299775,6.690509729299775,6.690509729299775,0.45218661086380507,0.45218661086380507,301.45774057587005,0.0,0.0,0.0,0.0867155049118935,0.04335775245594675,57.810336607929,-1.4210854715202004e-14,7.105427357601002e-15,-9.473903143468002e-12,0.0,0.0,0.0,0.45218661086380507,False,0.016654746906546856,0.00012343442572856605,0.0877666491542311,False
main_camera_x_mm,bilinear_intensity,camera_x_mm,x,0.031000000000000014,0.031000000000000014,-0.03899999999999999,0.0015,0.0055,0.005505376344086021,0.058651026392960576,513,465,561,97,9943a4d7f6b8bdd5,0.033752688172043396,512.0754833333447,True,1.567232961860331e-06,51809.354111085326,6.551364854803276,510.63466602912206,504.99830239275843,505.00465170682793,509.5214493574141,516.7941766301414,516.789006535776,121.43183974285235,121.43183974285235,121.31325396185345,120.92547706671196,120.92547706671196,120.807385780514,6.551364854803276,6.551364854803276,6.551364854803276,-0.005310024273910585,0.005310024273910585,-3.5400161826070566,-5.684341886080802e-14,5.684341886080802e-14,-3.789561257387201e-11,-0.001976192543850175,0.0009880962719250874,-1.3174616959001166,0.0,0.0,0.0,0.04377916415727423,0.13454809890618072,29.186109438182818,0.13454809890618072,False,0.011096522948593009,9.19214159034114e-05,0.01219248209751762,False
main_camera_x_mm,production_searchsorted,camera_x_mm,x,0.03250000000000001,0.03250000000000001,-0.0375,0.0015,0.0055,0.005505376344086021,0.058651026392960576,513,465,561,97,5ef4a70fa649f779,0.03525268817204316,512.1010583333447,True,1.5693780681141964e-06,51880.26671451889,6.690509729299775,505.3688332469561,499.45974233786524,499.47150040198835,504.3139154721346,511.5866427448619,511.5865581328064,121.31752482435768,121.31752482435768,121.19905067902137,120.89739679757508,120.89739679757508,120.77933293351495,6.690509729299775,6.690509729299775,6.690509729299775,-0.10738331412233038,0.10738331412233038,-71.58887608155358,0.0,0.0,0.0,-0.10270035041159531,0.051350175205797655,-68.46690027439688,1.4210854715202004e-14,7.105427357601002e-15,9.473903143468002e-12,0.0,0.0,0.0,0.10738331412233038,False,0.012220141413056853,9.03613355700107e-05,0.05776656063774451,False
main_camera_x_mm,bilinear_intensity,camera_x_mm,x,0.03250000000000001,0.03250000000000001,-0.0375,0.0015,0.0055,0.005505376344086021,0.058651026392960576,513,465,561,97,3ac14c9071fcf2bc,0.03525268817204316,512.1010583333447,True,1.5671357617098187e-06,51806.140882969215,6.560269308473025,510.6401672344436,504.73107632535266,504.73768660237863,509.52144935741416,516.7941766301414,516.789006535776,121.43134968193218,121.43134968193218,121.3127643795084,120.92547706671196,120.92547706671196,120.807385780514,6.560269308473025,6.560269308473025,6.560269308473025,0.005501205321536418,0.005501205321536418,3.6674702143576114,5.684341886080802e-14,5.684341886080802e-14,3.789561257387201e-11,-0.0004900609201712314,0.0002450304600856157,-0.32670728011415423,0.0,0.0,0.0,0.008904453669749124,0.027183507153385387,5.936302446499416,0.027183507153385387,False,0.011076192985257643,8.375118774254812e-05,0.010329296283252402,False
main_camera_x_mm,production_searchsorted,camera_x_mm,x,0.03400000000000001,0.03400000000000001,-0.036,0.0015,0.0055,0.005505376344086021,0.058651026392960576,513,465,561,97,9e12181decb9e30f,0.03675268817204336,512.1266333333447,True,1.572409033941366e-06,51980.46393194598,6.690509729299775,505.0925094650729,498.9106912832547,498.9229855300483,504.3139154721346,511.5866427448619,511.5865581328064,121.55683144635222,121.55683144635222,121.43812360314291,120.89739679757508,120.89739679757508,120.77933293351495,6.690509729299775,6.690509729299775,6.690509729299775,-0.2763237818832067,0.2763237818832067,-184.2158545888045,0.0,0.0,0.0,0.2393066219945439,0.11965331099727194,159.53774799636258,0.0,0.0,0.0,0.0,0.0,0.0,0.2763237818832067,False,0.009733783954231101,7.198214480437126e-05,0.05753602471510555,False
main_camera_x_mm,bilinear_intensity,camera_x_mm,x,0.03400000000000001,0.03400000000000001,-0.036,0.0015,0.0055,0.005505376344086021,0.058651026392960576,513,465,561,97,895538cfff0a9b28,0.03675268817204336,512.1266333333447,True,1.5671567865250445e-06,51806.83591818329,6.52240813214637,510.6483254312584,504.4665072494402,504.47337589470436,509.52144935741416,516.7941766301414,516.789006535776,121.43331517502243,121.43331517502243,121.31472795317181,120.92547706671196,120.92547706671196,120.807385780514,6.52240813214637,6.52240813214637,6.52240813214637,0.008158196814804342,0.008158196814804342,5.438797876536228,0.0,0.0,0.0,0.0019654930902532897,0.0009827465451266448,1.3103287268355264,0.0,0.0,0.0,-0.03786117632665498,0.11542567704577232,-25.240784217769985,0.11542567704577232,False,0.01113083212383682,9.286883776745691e-05,0.011786843665386364,False
main_camera_x_mm,production_searchsorted,camera_x_mm,x,0.03550000000000001,0.03550000000000001,-0.034499999999999996,0.0015,0.0055,0.005505376344086021,0.058651026392960576,513,465,561,97,686637bb864a2ca8,0.03825268817204312,512.1522083333447,True,1.5608167120421062e-06,51597.24667907789,6.690509729299775,505.44351732131474,498.9889718667693,499.00118966768065,504.3139154721346,511.5866427448619,511.5865581328064,121.25538232806764,121.25538232806764,121.13696886876289,120.89739679757508,120.89739679757508,120.77933293351495,6.690509729299775,6.690509729299775,6.690509729299775,0.3510078562418357,0.3510078562418357,234.00523749455715,0.0,0.0,0.0,-0.3014491182845802,0.1507245591422901,-200.96607885638682,0.0,0.0,0.0,0.0,0.0,0.0,0.3510078562418357,False,0.010754474756661456,7.968383654906888e-05,0.0737318761906999,False
main_camera_x_mm,bilinear_intensity,camera_x_mm,x,0.03550000000000001,0.03550000000000001,-0.034499999999999996,0.0015,0.0055,0.005505376344086021,0.058651026392960576,513,465,561,97,1d21c88f8ddda62c,0.03825268817204312,512.1522083333447,True,1.5672604463421252e-06,51810.26268899588,6.522021830798357,510.63720449063635,504.18265903609085,504.18980487687594,509.52144935741416,516.7941766301415,516.789006535776,121.431772694616,121.431772694616,121.31318697909389,120.92547706671196,120.92547706671196,120.80738578051397,6.522021830798357,6.522021830798357,6.522021830798357,-0.011120940622049602,0.011120940622049602,-7.413960414699734,0.0,0.0,0.0,-0.0015424804064281261,0.0007712402032140631,-1.028320270952084,0.0,0.0,0.0,-0.0003863013480129851,0.0011845359572304546,-0.2575342320086567,0.011120940622049602,False,0.011024388795774945,8.350323794389852e-05,0.010160168376348935,False
main_camera_x_mm,production_searchsorted,camera_x_mm,x,0.03700000000000001,0.03700000000000001,-0.032999999999999995,0.0015,0.0055,0.005505376344086021,0.058651026392960576,513,465,561,97,0ef06176ea866f1a,0.039752688172043325,512.1777833333447,True,1.566885142143207e-06,51797.85593861842,6.690509729299775,505.788125223557,499.06085249628427,499.0730001012683,504.3139154721346,511.58664274486193,511.5865581328064,121.35004478659982,121.35004478659982,121.23153888348789,120.89739679757508,120.89739679757508,120.77933293351494,6.690509729299775,6.690509729299775,6.690509729299775,0.34460790224227367,0.34460790224227367,229.7386014948491,0.0,0.0,0.0,0.09466245853218425,0.04733122926609212,63.108305688122826,0.0,0.0,0.0,0.0,0.0,0.0,0.34460790224227367,False,0.009714195435028883,7.144539542361698e-05,0.053271179358331824,False
main_camera_x_mm,bilinear_intensity,camera_x_mm,x,0.03700000000000001,0.03700000000000001,-0.032999999999999995,0.0015,0.0055,0.005505376344086021,0.058651026392960576,513,465,561,97,cca79ce61ebaf162,0.039752688172043325,512.1777833333447,True,1.5672264575679989e-06,51809.13909315699,6.5658009949554375,510.635310015529,503.90803728825625,503.9154513143419,509.52144935741416,516.7941766301415,516.789006535776,121.43189257328227,121.43189257328227,121.31330674069117,120.92547706671196,120.92547706671196,120.80738578051397,6.5658009949554375,6.5658009949554375,6.5658009949554375,-0.0018944751073490806,0.0018944751073490806,-1.262983404899387,0.0,0.0,0.0,0.0001198786662683915,5.993933313419575e-05,0.07991911084559433,0.0,0.0,0.0,0.04377916415708061,0.13425028401575168,29.186109438053737,0.13425028401575168,False,0.011150506302050334,9.201383274640618e-05,0.012250593306852178,False
main_camera_x_mm,production_searchsorted,camera_x_mm,x,0.03850000000000001,0.03850000000000001,-0.03149999999999999,0.0015,0.0055,0.005505376344086021,0.058651026392960576,513,465,561,97,c3b48e0afad425df,0.04125268817204309,512.2033583333447,True,1.5701354237241374e-06,51905.30326360785,6.690509729299775,505.5077041363551,498.5077041363551,498.5203919252844,504.3139154721346,511.5866427448619,511.5865581328064,121.34044968189272,121.34044968189272,121.22195314900024,120.89739679757508,120.89739679757508,120.77933293351494,6.690509729299775,6.690509729299775,6.690509729299775,-0.2804210872019439,0.2804210872019439,-186.9473914679626,0.0,0.0,0.0,-0.009595104707102564,0.004797552353551282,-6.396736471401709,0.0,0.0,0.0,0.0,0.0,0.0,0.2804210872019439,False,0.011201874121012024,8.270720634338195e-05,0.05596142684537973,False
main_camera_x_mm,bilinear_intensity,camera_x_mm,x,0.03850000000000001,0.03850000000000001,-0.03149999999999999,0.0015,0.0055,0.005505376344086021,0.058651026392960576,513,465,561,97,78fe231465832a17,0.04125268817204309,512.2033583333447,True,1.5671098041607791e-06,51805.282782174516,6.547784619505146,510.6451076197173,503.6451076197173,503.6527784130574,509.52144935741416,516.7941766301415,516.789006535776,121.43088322308999,121.43088322308999,121.31229837619244,120.92547706671196,120.92547706671196,120.807385780514,6.547784619505146,6.547784619505146,6.547784619505146,0.009797604188293008,0.009797604188293008,6.531736125528671,0.0,0.0,0.0,-0.00100935019227677,0.000504675096138385,-0.6729001281845134,0.0,0.0,0.0,-0.018016375450291555,0.054879444150481245,-12.010916966861037,0.054879444150481245,False,0.011110712210596006,8.507906393171487e-05,0.010602392627900914,False
main_camera_x_mm,production_searchsorted,camera_x_mm,x,0.04000000000000001,0.04000000000000001,-0.03,0.0015,0.0055,0.005505376344086021,0.058651026392960576,513,465,561,97,3b09ef44b125f950,0.04275268817204329,512.2289333333447,True,1.5729401774408808e-06,51998.02239473986,6.690509729299775,504.9279209656105,497.65519369288324,497.6687140115425,504.3139154721346,511.58664274486193,511.5865581328064,121.33729209564255,121.33729209564255,121.2187986463304,120.89739679757508,120.89739679757508,120.77933293351494,6.690509729299775,6.690509729299775,6.690509729299775,-0.5797831707445766,0.5797831707445766,-386.52211382971774,0.0,0.0,0.0,-0.003157586250168265,0.0015787931250841325,-2.1050575001121765,0.0,0.0,0.0,0.0,0.0,0.0,0.5797831707445766,False,0.011312329025671908,8.369598816813345e-05,0.060011494169417944,False
main_camera_x_mm,bilinear_intensity,camera_x_mm,x,0.04000000000000001,0.04000000000000001,-0.03,0.0015,0.0055,0.005505376344086021,0.058651026392960576,513,465,561,97,337ca48e027600af,0.04275268817204329,512.2289333333447,True,1.5671944562478474e-06,51808.08119827595,6.50992344317849,510.6465300546618,503.37380278193456,503.3817385214053,509.52144935741416,516.7941766301415,516.789006535776,121.43361551130569,121.43361551130569,121.31502799615792,120.92547706671196,120.92547706671196,120.80738578051397,6.50992344317849,6.50992344317849,6.50992344317849,0.0014224349445157713,0.0014224349445157713,0.9482899630105142,0.0,0.0,0.0,0.002732288215696599,0.0013661441078482994,1.8215254771310658,0.0,0.0,0.0,-0.037861176326655865,0.11564575967838495,-25.240784217770578,0.11564575967838495,False,0.01107785486924925,9.286299219005063e-05,0.011755394128353816,False
main_camera_x_mm,production_searchsorted,camera_x_mm,x,0.04150000000000001,0.04150000000000001,-0.028499999999999998,0.0015,0.0055,0.005505376344086021,0.058651026392960576,513,465,561,97,4a83b65d9e8546ec,0.04425268817204306,512.2545083333447,True,1.5659011463578388e-06,51765.327152325255,6.690509729299775,505.01348888246395,497.4680343370094,497.4817374284772,504.3139154721346,511.58664274486193,511.5865581328064,121.16919812938865,121.16919812938865,121.05086883434042,120.89739679757508,120.89739679757508,120.77933293351495,6.690509729299775,6.690509729299775,6.690509729299775,0.08556791685344933,0.08556791685344933,57.04527790229955,0.0,0.0,0.0,-0.16809396625390605,0.08404698312695302,-112.0626441692707,0.0,0.0,0.0,0.0,0.0,0.0,0.08556791685344933,False,0.014569180707748132,0.00010798485188572682,0.0853943081072384,False
main_camera_x_mm,bilinear_intensity,camera_x_mm,x,0.04150000000000001,0.04150000000000001,-0.028499999999999998,0.0015,0.0055,0.005505376344086021,0.058651026392960576,513,465,561,97,fe67f2f84c2dd1ca,0.04425268817204306,512.2545083333447,True,1.5672401533346069e-06,51809.59184577213,6.536457970950325,510.6365254532127,503.09107090775814,503.09928275257477,509.52144935741416,516.7941766301414,516.789006535776,121.430363933371,121.430363933371,121.3117795935923,120.92547706671196,120.92547706671196,120.807385780514,6.536457970950325,6.536457970950325,6.536457970950325,-0.010004601449111306,0.010004601449111306,-6.669734299407537,0.0,0.0,0.0,-0.0032515779346908857,0.0016257889673454429,-2.167718623127257,0.0,0.0,0.0,0.02653452777183496,0.08152024521775142,17.689685181223307,0.08152024521775142,False,0.011051405858888958,8.557871369439002e-05,0.010923181492596787,False
main_camera_x_mm,production_searchsorted,camera_x_mm,x,0.04300000000000001,0.04300000000000001,-0.026999999999999996,0.0015,0.0055,0.005505376344086021,0.058651026392960576,513,465,561,97,fa3992a5c970a668,0.045752688172043254,512.2800833333447,True,1.563452108072355e-06,51684.367209003474,6.690509729299775,505.43525766052454,497.61707584234273,497.6306333854654,504.3139154721346,511.5866427448619,511.5865581328064,121.67256251872094,121.67256251872094,121.55374165688622,120.89739679757508,120.89739679757508,120.77933293351494,6.690509729299775,6.690509729299775,6.690509729299775,0.42176877806059565,0.42176877806059565,281.17918537373043,0.0,0.0,0.0,0.5033643893322903,0.25168219466614516,335.5762595548602,0.0,0.0,0.0,0.0,0.0,0.0,0.42176877806059565,False,0.008364815206286876,6.172146051978381e-05,0.0438590787008643,False
main_camera_x_mm,bilinear_intensity,camera_x_mm,x,0.04300000000000001,0.04300000000000001,-0.026999999999999996,0.0015,0.0055,0.005505376344086021,0.058651026392960576,513,465,561,97,6492b6994df21f49,0.045752688172043254,512.2800833333447,True,1.5671913339057226e-06,51807.977980354466,6.573161106863753,510.6392136967724,502.8210318785906,502.8295074333966,509.52144935741416,516.7941766301414,516.789006535776,121.43071525420497,121.43071525420497,121.31213057133952,120.92547706671196,120.92547706671196,120.807385780514,6.573161106863753,6.573161106863753,6.573161106863753,0.0026882435597030963,0.0026882435597030963,1.7921623731353975,0.0,0.0,0.0,0.0003513208339711582,0.0001756604169855791,0.23421388931410547,0.0,0.0,0.0,0.03670313591342822,0.11230282846320208,24.468757275618813,0.11230282846320208,False,0.011140665680906195,8.900949496902908e-05,0.011682549396711811,False
main_camera_x_mm,production_searchsorted,camera_x_mm,x,0.04450000000000001,0.04450000000000001,-0.025499999999999995,0.0015,0.0055,0.005505376344086021,0.058651026392960576,513,465,561,97,6f9459505a4fed4b,0.04725268817204302,512.3056583333447,True,1.5690516768511863e-06,51869.47692070038,6.690509729299775,505.6561041238199,497.5651950329108,497.5788032408865,504.3139154721346,511.58664274486193,511.5865581328064,121.32780272084837,121.32780272084837,121.20931853850378,120.89739679757508,120.89739679757508,120.77933293351494,6.690509729299775,6.690509729299775,6.690509729299775,0.22084646329534507,0.22084646329534507,147.23097553023004,0.0,0.0,0.0,-0.3447597978725696,0.1723798989362848,-229.83986524837974,0.0,0.0,0.0,0.0,0.0,0.0,0.22084646329534507,False,0.007518171219156083,5.5387567929952554e-05,0.04397832434035965,False
main_camera_x_mm,bilinear_intensity,camera_x_mm,x,0.04450000000000001,0.04450000000000001,-0.025499999999999995,0.0015,0.0055,0.005505376344086021,0.058651026392960576,513,465,561,97,573f691b4c276b1a,0.04725268817204302,512.3056583333447,True,1.567087443329126e-06,51804.543581128135,6.535299930537266,510.65004333071704,502.559134239808,502.56786555402687,509.5214493574141,516.7941766301414,516.789006535776,121.43063082626892,121.43063082626892,121.31204622585265,120.92547706671196,120.92547706671196,120.807385780514,6.535299930537266,6.535299930537266,6.535299930537266,0.010829633944638317,0.010829633944638317,7.2197559630922115,-5.684341886080802e-14,5.684341886080802e-14,-3.789561257387201e-11,-8.44279360450173e-05,4.221396802250865e-05,-0.0562852906966782,0.0,0.0,0.0,-0.03786117632648711,0.11519929516698482,-25.240784217658074,0.11519929516698482,False,0.011165785618576288,9.261107224363399e-05,0.011782673424188619,False
main_camera_x_mm,production_searchsorted,camera_x_mm,x,0.04600000000000001,0.04600000000000001,-0.023999999999999994,0.0015,0.0055,0.005505376344086021,0.058651026392960576,513,465,561,97,93d100e5c595da67,0.048752688172043215,512.3312333333447,True,1.572829928353792e-06,51994.37779681957,6.690509729299775,505.02378691864897,496.66015055501265,496.6746425954862,504.3139154721346,511.5866427448619,511.5865581328064,121.3314604581356,121.3314604581356,121.21297270378193,120.89739679757508,120.89739679757508,120.77933293351495,6.690509729299775,6.690509729299775,6.690509729299775,-0.6323172051709207,0.6323172051709207,-421.54480344728046,0.0,0.0,0.0,0.0036577372872272917,0.0018288686436136459,2.4384915248181946,0.0,0.0,0.0,0.0,0.0,0.0,0.6323172051709207,False,0.010513505639628813,7.773208206427858e-05,0.05943841471364775,False
main_camera_x_mm,bilinear_intensity,camera_x_mm,x,0.04600000000000001,0.04600000000000001,-0.023999999999999994,0.0015,0.0055,0.005505376344086021,0.058651026392960576,513,465,561,97,fb7e3bc2dd08b2d5,0.048752688172043215,512.3312333333447,True,1.5672254394198264e-06,51809.10543536617,6.507114946945405,510.64278641530524,502.2791500516689,502.28815478794655,509.52144935741416,516.7941766301414,516.789006535776,121.43244247390089,121.43244247390089,121.31385610429747,120.92547706671196,120.92547706671196,120.807385780514,6.507114946945405,6.507114946945405,6.507114946945405,-0.007256915411801401,0.007256915411801401,-4.837943607867601,5.684341886080802e-14,5.684341886080802e-14,3.789561257387201e-11,0.0018116476319676167,0.0009058238159838083,1.2077650879784112,0.0,0.0,0.0,-0.028184983591860835,0.0862545985385058,-18.789989061240558,0.0862545985385058,False,0.011034452345893722,8.934965900553256e-05,0.011086834690337406,False
main_camera_x_mm,production_searchsorted,camera_x_mm,x,0.047500000000000014,0.047500000000000014,-0.022499999999999992,0.0015,0.0055,0.005505376344086021,0.058651026392960576,513,465,561,97,4d6287c4df214a00,0.05025268817204298,512.3568083333447,True,1.569241546124296e-06,51875.75359088582,6.690509729299775,505.476107568432,496.83974393206836,496.8540605883847,504.3139154721346,511.58664274486193,511.5865581328064,121.41792177318618,121.41792177318618,121.29934958395454,120.89739679757508,120.89739679757508,120.77933293351495,6.690509729299775,6.690509729299775,6.690509729299775,0.4523206497830188,0.4523206497830188,301.54709985534583,0.0,0.0,0.0,0.08646131505058463,0.043230657525292315,57.640876700389754,0.0,0.0,0.0,0.0,0.0,0.0,0.4523206497830188,False,0.016654530978613063,0.00012343254178916196,0.08776664912230989,False
main_camera_x_mm,bilinear_intensity,camera_x_mm,x,0.047500000000000014,0.047500000000000014,-0.022499999999999992,0.0015,0.0055,0.005505376344086021,0.058651026392960576,513,465,561,97,db266986ea0393ca,0.05025268817204298,512.3568083333447,True,1.5672307569620627e-06,51809.28122188638,6.550894111102681,510.63732618204796,502.0009625456843,502.0102389494483,509.52144935741416,516.7941766301415,516.789006535776,121.4304031769001,121.4304031769001,121.31181879879765,120.92547706671196,120.92547706671196,120.80738578051397,6.550894111102681,6.550894111102681,6.550894111102681,-0.005460233257281288,0.005460233257281288,-3.6401555048541923,0.0,0.0,0.0,-0.002039297000791862,0.001019648500395931,-1.3595313338612414,0.0,0.0,0.0,0.04377916415727601,0.13455783250863576,29.186109438184005,0.13455783250863576,False,0.011094772543934586,9.191240315762931e-05,0.0121900639990428,False
main_camera_x_mm,production_searchsorted,camera_x_mm,x,0.049000000000000016,0.049000000000000016,-0.02099999999999999,0.0015,0.0055,0.005505376344086021,0.058651026392960576,513,465,561,97,633bd304b83ea6a6,0.05175268817204318,512.3823833333447,True,1.569374054319401e-06,51880.13402708764,6.690509729299775,505.36872304374396,496.459632134653,496.47431999389653,504.3139154721346,511.58664274486193,511.5865581328064,121.31522824934584,121.31522824934584,121.19675634675858,120.89739679757508,120.89739679757508,120.77933293351494,6.690509729299775,6.690509729299775,6.690509729299775,-0.10738452468802961,0.10738452468802961,-71.58968312535308,0.0,0.0,0.0,-0.10269352384034391,0.05134676192017196,-68.46234922689594,0.0,0.0,0.0,0.0,0.0,0.0,0.10738452468802961,False,0.012220172669647101,9.03613355700107e-05,0.05776656066112692,False
main_camera_x_mm,bilinear_intensity,camera_x_mm,x,0.049000000000000016,0.049000000000000016,-0.02099999999999999,0.0015,0.0055,0.005505376344086021,0.058651026392960576,513,465,561,97,20dca4ce35bcea28,0.05175268817204318,512.3823833333447,True,1.5671342169683402e-06,51806.08981713522,6.560676417895874,510.642705233423,501.73361432433205,501.7431518103434,509.52144935741416,516.7941766301414,516.789006535776,121.42990856298458,121.42990856298458,121.31132466790353,120.92547706671196,120.92547706671196,120.807385780514,6.560676417895874,6.560676417895874,6.560676417895874,0.005379051375030031,0.005379051375030031,3.5860342500200204,0.0,0.0,0.0,-0.0004946139155208584,0.0002473069577604292,-0.32974261034723895,0.0,0.0,0.0,0.00978230679319303,0.029865562249322998,6.521537862128686,0.029865562249322998,False,0.011077424180530917,8.379995517386816e-05,0.0103481044571741,False
main_camera_x_mm,production_searchsorted,camera_x_mm,x,0.05050000000000002,0.05050000000000002,-0.01949999999999999,0.0015,0.0055,0.005505376344086021,0.058651026392960576,513,465,561,97,51437ef1faf849c9,0.053252688172043386,512.4079583333447,True,1.5730965614803117e-06,52003.19211505163,6.690509729299775,505.09286510617466,495.91104692435647,495.92627051134434,504.3139154721346,511.58664274486193,511.5865581328064,121.52783829094193,121.52783829094193,121.40915876136094,120.89739679757508,120.89739679757508,120.77933293351495,6.690509729299775,6.690509729299775,6.690509729299775,-0.2758579375692989,0.2758579375692989,-183.90529171286593,0.0,0.0,0.0,0.21261004159609342,0.10630502079804671,141.74002773072894,0.0,0.0,0.0,0.0,0.0,0.0,0.2758579375692989,False,0.009293160979468213,6.872352536222996e-05,0.05724756380986419,False
main_camera_x_mm,bilinear_intensity,camera_x_mm,x,0.05050000000000002,0.05050000000000002,-0.01949999999999999,0.0015,0.0055,0.005505376344086021,0.058651026392960576,513,465,561,97,506460fb154a9ecb,0.053252688172043386,512.4079583333447,True,1.5671522160203412e-06,51806.68482711872,6.522815241569218,510.6509640238203,501.4691458420021,501.4789415980157,509.52144935741416,516.7941766301415,516.789006535776,121.43174279563092,121.43174279563092,121.31315710930704,120.92547706671196,120.92547706671196,120.807385780514,6.522815241569218,6.522815241569218,6.522815241569218,0.00825879039729216,0.00825879039729216,5.50586026486144,0.0,0.0,0.0,0.0018342326463454128,0.0009171163231727064,1.2228217642302752,0.0,0.0,0.0,-0.037861176326655865,0.11541851454029985,-25.240784217770578,0.11541851454029985,False,0.011133615585198205,9.286774431768299e-05,0.011788081881194868,False
main_camera_x_mm,production_searchsorted,camera_x_mm,x,0.05200000000000002,0.05200000000000002,-0.017999999999999988,0.0015,0.0055,0.005505376344086021,0.058651026392960576,513,465,561,97,3f2e19dd12181b12,0.05475268817204315,512.4335333333447,True,1.5608126982473106e-06,51597.113991646635,6.690509729299775,505.44342138858553,495.9888759340401,496.00402351613576,504.3139154721346,511.5866427448619,511.5865581328064,121.25308282797178,121.25308282797178,121.13467161427258,120.89739679757508,120.89739679757508,120.77933293351495,6.690509729299775,6.690509729299775,6.690509729299775,0.3505562824108779,0.3505562824108779,233.7041882739186,0.0,0.0,0.0,-0.2747554629701483,0.13737773148507415,-183.17030864676553,0.0,0.0,0.0,0.0,0.0,0.0,0.3505562824108779,False,0.011189379614336173,8.29424559912102e-05,0.07391313492113025,False
main_camera_x_mm,bilinear_intensity,camera_x_mm,x,0.05200000000000002,0.05200000000000002,-0.017999999999999988,0.0015,0.0055,0.005505376344086021,0.058651026392960576,513,465,561,97,8132f7b14bfd1c2e,0.05475268817204315,512.4335333333447,True,1.5672583579672329e-06,51810.19365180936,6.521551087097568,510.63988403858764,501.1853385840422,501.1954114955812,509.52144935741416,516.7941766301414,516.789006535776,121.43037617772154,121.43037617772154,121.31179182598548,120.92547706671196,120.92547706671196,120.80738578051397,6.521551087097568,6.521551087097568,6.521551087097568,-0.011079985232640865,0.011079985232640865,-7.386656821760576,0.0,0.0,0.0,-0.0013666179093831943,0.0006833089546915971,-0.9110786062554628,0.0,0.0,0.0,-0.0012641544716505138,0.003876100808725011,-0.8427696477670091,0.011079985232640865,False,0.011024681759138096,8.348654211885666e-05,0.010163151073035857,False
main_camera_x_mm,production_searchsorted,camera_x_mm,x,0.053500000000000006,0.053500000000000006,-0.0165,0.0015,0.0055,0.005505376344086021,0.058651026392960576,513,465,561,97,831978d7f7a85bb5,0.05625268817204335,512.4591083333447,True,1.5686138990935396e-06,51855.00492871206,6.690509729299775,505.59996042846115,495.8726877011884,495.88794874835514,504.3139154721346,511.58664274486193,511.5865581328064,121.41248400179481,121.41248400179481,121.2939171228868,120.89739679757507,120.89739679757507,120.77933293351495,6.690509729299775,6.690509729299775,6.690509729299775,0.1565390398756108,0.1565390398756108,104.35935991707386,0.0,0.0,0.0,0.15940117382302788,0.07970058691151394,106.26744921535192,-1.4210854715202004e-14,7.105427357601002e-15,-9.473903143468002e-12,0.0,0.0,0.0,0.1565390398756108,False,0.008604048294192148,6.328038754433352e-05,0.05127247175888032,False
main_camera_x_mm,bilinear_intensity,camera_x_mm,x,0.053500000000000006,0.053500000000000006,-0.0165,0.0015,0.0055,0.005505376344086021,0.058651026392960576,513,465,561,97,7d2a94e22807b652,0.05625268817204335,512.4591083333447,True,1.5672242448234461e-06,51809.06594457673,6.565330251254843,510.63795774767647,500.9106850204037,500.92102614831344,509.5214493574141,516.7941766301414,516.789006535776,121.4303729502331,121.4303729502331,121.31178860164889,120.92547706671193,120.92547706671193,120.807385780514,6.565330251254843,6.565330251254843,6.565330251254843,-0.0019262909111716908,0.0019262909111716908,-1.2841939407811271,-5.684341886080802e-14,5.684341886080802e-14,-3.789561257387201e-11,-3.22748843473164e-06,1.61374421736582e-06,-0.00215165895648776,-2.842170943040401e-14,1.4210854715202004e-14,-1.8947806286936004e-11,0.04377916415727512,0.1342599745753403,29.18610943818341,0.1342599745753403,False,0.011149773742291287,9.201831071002574e-05,0.01225066166025943,False
main_camera_x_mm,production_searchsorted,camera_x_mm,x,0.05500000000000001,0.05500000000000001,-0.015,0.0015,0.0055,0.005505376344086021,0.058651026392960576,513,465,561,97,b2586f6775d922a1,0.05775268817204311,512.4846833333446,True,1.5701314099293418e-06,51905.17057617659,6.690509729299775,505.50759013804196,495.50759013804196,495.52320772579776,504.3139154721346,511.5866427448619,511.5865581328064,121.33817683136591,121.33817683136591,121.21968251805403,120.89739679757508,120.89739679757508,120.77933293351495,6.690509729299775,6.690509729299775,6.690509729299775,-0.09237029041918277,0.09237029041918277,-61.580193612788506,0.0,0.0,0.0,-0.07430717042889512,0.03715358521444756,-49.53811361926341,1.4210854715202004e-14,7.105427357601002e-15,9.473903143468002e-12,0.0,0.0,0.0,0.09237029041918277,False,0.012294179517754132,9.087221422266541e-05,0.05777552648403765,False
main_camera_x_mm,bilinear_intensity,camera_x_mm,x,0.05500000000000001,0.05500000000000001,-0.015,0.0015,0.0055,0.005505376344086021,0.058651026392960576,513,465,561,97,af54506bf3e4c9c4,0.05775268817204311,512.4846833333446,True,1.5671078630419e-06,51805.218612955374,6.5481917289279945,510.64764917401357,500.64764917401357,500.65824717286705,509.5214493574141,516.7941766301414,516.789006535776,121.42933919191213,121.42933919191213,121.31075585285753,120.92547706671196,120.92547706671196,120.807385780514,6.5481917289279945,6.5481917289279945,6.5481917289279945,0.009691426337099074,0.009691426337099074,6.460950891399382,0.0,0.0,0.0,-0.001033758320971856,0.000516879160485928,-0.6891722139812373,2.842170943040401e-14,1.4210854715202004e-14,1.8947806286936004e-11,-0.017138522326848538,0.052209170509199654,-11.425681551232358,0.052209170509199654,False,0.011108557505958412,8.475709512542775e-05,0.01056811371151544,False
main_camera_x_mm,production_searchsorted,camera_x_mm,x,0.05650000000000001,0.05650000000000001,-0.013499999999999998,0.0015,0.0055,0.005505376344086021,0.058651026392960576,513,465,561,97,971b40dc4c0b24be,0.05925268817204331,512.5102583333447,True,1.5729359425810766e-06,51997.88239937444,6.690509729299775,504.9278475511128,494.6551202783855,494.6715703562386,504.3139154721346,511.5866427448619,511.5865581328064,121.33498456636842,121.33498456636842,121.21649337050277,120.89739679757508,120.89739679757508,120.77933293351494,6.690509729299775,6.690509729299775,6.690509729299775,-0.5797425869291715,0.5797425869291715,-386.495057952781,0.0,0.0,0.0,-0.003192264997494476,0.001596132498747238,-2.1281766649963174,0.0,0.0,0.0,0.0,0.0,0.0,0.5797425869291715,False,0.011312217149914256,8.369494648530204e-05,0.06001149416554428,False
main_camera_x_mm,bilinear_intensity,camera_x_mm,x,0.05650000000000001,0.05650000000000001,-0.013499999999999998,0.0015,0.0055,0.005505376344086021,0.058651026392960576,513,465,561,97,2ef119f5fbb5a791,0.05925268817204331,512.5102583333447,True,1.5671907245630108e-06,51807.95783679374,6.510330552601339,510.6493605173932,500.3766332446659,500.38749590751286,509.52144935741416,516.7941766301414,516.789006535776,121.43207068534896,121.43207068534896,121.3134846788203,120.92547706671196,120.92547706671196,120.807385780514,6.510330552601339,6.510330552601339,6.510330552601339,0.0017113433796112076,0.0017113433796112076,1.1408955864074717,5.684341886080802e-14,5.684341886080802e-14,3.789561257387201e-11,0.0027314934368263266,0.0013657467184131633,1.8209956245508843,0.0,0.0,0.0,-0.037861176326655865,0.1156385698341613,-25.240784217770578,0.1156385698341613,False,0.011079448997657199,9.28630805907825e-05,0.011755735720966498,False
main_camera_x_mm,production_searchsorted,camera_x_mm,x,0.05800000000000001,0.05800000000000001,-0.011999999999999997,0.0015,0.0055,0.005505376344086021,0.058651026392960576,513,465,561,97,bf1bb6fc753d50a4,0.06075268817204307,512.5358333333447,True,1.565897460067853e-06,51765.205291499275,6.690509729299775,505.01348713726435,494.4680325918098,494.48466537248186,504.3139154721346,511.58664274486193,511.5865581328064,121.16715418466268,121.16715418466268,121.04882688565422,120.89739679757508,120.89739679757508,120.77933293351495,6.690509729299775,6.690509729299775,6.690509729299775,0.08563958615155798,0.08563958615155798,57.093057434371985,0.0,0.0,0.0,-0.16783038170574116,0.08391519085287058,-111.88692113716077,0.0,0.0,0.0,0.0,0.0,0.0,0.08563958615155798,False,0.014569152263256408,0.00010798435032958182,0.08539430812165255,False
main_camera_x_mm,bilinear_intensity,camera_x_mm,x,0.05800000000000001,0.05800000000000001,-0.011999999999999997,0.0015,0.0055,0.005505376344086021,0.058651026392960576,513,465,561,97,a7501cee39baeba9,0.06075268817204307,512.5358333333447,True,1.5672379704356317e-06,51809.51968382254,6.53598722724973,510.6392451887747,500.0937906433201,500.104929519645,509.5214493574141,516.7941766301414,516.789006535776,121.42877603219625,121.42877603219625,121.31019324310232,120.92547706671193,120.92547706671193,120.80738578051397,6.53598722724973,6.53598722724973,6.53598722724973,-0.010115328618496733,0.010115328618496733,-6.743552412331155,-5.684341886080802e-14,5.684341886080802e-14,-3.789561257387201e-11,-0.003294653152707383,0.0016473265763536915,-2.1964354351382553,-2.842170943040401e-14,1.4210854715202004e-14,-1.8947806286936004e-11,0.025656674648391053,0.07881834705962631,17.104449765594037,0.07881834705962631,False,0.011050828208322937,8.539361103943608e-05,0.010873800916891486,False
main_camera_x_mm,production_searchsorted,camera_x_mm,x,0.05950000000000001,0.05950000000000001,-0.010499999999999995,0.0015,0.0055,0.005505376344086021,0.058651026392960576,513,465,561,97,112363d15ec1facd,0.062252688172043276,512.5614083333447,True,1.5634480942775595e-06,51684.234521572216,6.690509729299775,505.43515342427537,494.61697160609356,494.6334589385094,504.3139154721346,511.58664274486193,511.5865581328064,121.67030774587217,121.67030774587217,121.55148908596409,120.89739679757508,120.89739679757508,120.77933293351495,6.690509729299775,6.690509729299775,6.690509729299775,0.42166628701102127,0.42166628701102127,281.11085800734753,0.0,0.0,0.0,0.5031535612094871,0.25157678060474353,335.4357074729914,0.0,0.0,0.0,0.0,0.0,0.0,0.42166628701102127,False,0.008365044046267329,6.172300375876024e-05,0.04385907880214148,False
main_camera_x_mm,bilinear_intensity,camera_x_mm,x,0.05950000000000001,0.05950000000000001,-0.010499999999999995,0.0015,0.0055,0.005505376344086021,0.058651026392960576,513,465,561,97,4305954cd075e9ec,0.062252688172043276,512.5614083333447,True,1.5671912563002199e-06,51807.9754148833,6.573568216286771,510.64181729883126,499.82363548064944,499.83503818037536,509.52144935741416,516.7941766301414,516.789006535776,121.42907827124331,121.42907827124331,121.31049518699405,120.92547706671196,120.92547706671196,120.80738578051397,6.573568216286771,6.573568216286771,6.573568216286771,0.0025721100565760935,0.0025721100565760935,1.7147400377173956,5.684341886080802e-14,5.684341886080802e-14,3.789561257387201e-11,0.0003022390470590608,0.0001511195235295304,0.20149269803937386,2.842170943040401e-14,1.4210854715202004e-14,1.8947806286936004e-11,0.03758098903704088,0.11499713120723015,25.053992691360587,0.11499713120723015,False,0.011142373604045103,8.935210516051095e-05,0.011747239611904183,False
main_camera_x_mm,production_searchsorted,camera_x_mm,x,0.06100000000000001,0.06100000000000001,-0.008999999999999994,0.0015,0.0055,0.005505376344086021,0.058651026392960576,513,465,561,97,1bdd7ae3f22e6554,0.06375268817204305,512.5869833333447,True,1.5690519856635001e-06,51869.487129371904,6.690509729299775,505.65693115979434,494.5660220688853,494.5825591567086,504.3139154721346,511.58664274486193,511.5865581328064,121.32670881799413,121.32670881799413,121.20822570391402,120.89739679757508,120.89739679757508,120.77933293351494,6.690509729299775,6.690509729299775,6.690509729299775,0.22177773551896962,0.22177773551896962,147.85182367931307,0.0,0.0,0.0,-0.34359892787803403,0.17179946393901702,-229.06595191868934,0.0,0.0,0.0,0.0,0.0,0.0,0.22177773551896962,False,0.007515425729409242,5.53671993259674e-05,0.04397830955536369,False
main_camera_x_mm,bilinear_intensity,camera_x_mm,x,0.06100000000000001,0.06100000000000001,-0.008999999999999994,0.0015,0.0055,0.005505376344086021,0.058651026392960576,513,465,561,97,4af4506285d46f75,0.06375268817204305,512.5869833333447,True,1.5670841246888025e-06,51804.43387401001,6.535707039959948,510.6527321657151,499.561823074806,499.5734814507095,509.52144935741416,516.7941766301414,516.789006535776,121.42892496599832,121.42892496599832,121.3103420314612,120.92547706671196,120.92547706671196,120.807385780514,6.535707039959948,6.535707039959948,6.535707039959948,0.01091486688386567,0.01091486688386567,7.276577922577113,0.0,0.0,0.0,-0.00015330524499290732,7.665262249645366e-05,-0.10220349666193822,0.0,0.0,0.0,-0.03786117632682284,0.11519216072944195,-25.240784217881895,0.11519216072944195,False,0.011165766807372975,9.25992479876283e-05,0.011781985030902794,False
main_camera_x_mm,production_searchsorted,camera_x_mm,x,0.06250000000000001,0.06250000000000001,-0.007499999999999993,0.0015,0.0055,0.005505376344086021,0.058651026392960576,513,465,561,97,dfdf0f1933a23469,0.06525268817204324,512.6125583333446,True,1.5728259145589966e-06,51994.24510938832,6.690509729299775,505.02366337680985,493.6600270131735,493.67744886179344,504.3139154721346,511.5866427448619,511.5865581328064,121.32923412091375,121.32923412091375,121.21074854071755,120.89739679757508,120.89739679757508,120.77933293351494,6.690509729299775,6.690509729299775,6.690509729299775,-0.6332677829844897,0.6332677829844897,-422.1785219896598,0.0,0.0,0.0,0.0025253029196221632,0.0012626514598110816,1.683535279748109,0.0,0.0,0.0,0.0,0.0,0.0,0.6332677829844897,False,0.010516258486856651,7.775245066826374e-05,0.05943842541823194,False
main_camera_x_mm,bilinear_intensity,camera_x_mm,x,0.06250000000000001,0.06250000000000001,-0.007499999999999993,0.0015,0.0055,0.005505376344086021,0.058651026392960576,513,465,561,97,03057eef34771289,0.06525268817204324,512.6125583333446,True,1.5672213940915313e-06,51808.97170550517,6.506644203244811,510.64563981459384,499.28200345095746,499.2939350882123,509.52144935741416,516.7941766301415,516.789006535776,121.43080317409908,121.43080317409908,121.31221840537435,120.92547706671196,120.92547706671196,120.807385780514,6.506644203244811,6.506644203244811,6.506644203244811,-0.007092351121286811,0.007092351121286811,-4.728234080857874,0.0,0.0,0.0,0.0018782081007628904,0.0009391040503814452,1.252138733841927,0.0,0.0,0.0,-0.029062836715136875,0.08893555521214114,-19.375224476757918,0.08893555521214114,False,0.011035384543404978,8.96784956164019e-05,0.011141291788331249,False
main_camera_x_mm,production_searchsorted,camera_x_mm,x,0.06400000000000002,0.06400000000000002,-0.0059999999999999915,0.0015,0.0055,0.005505376344086021,0.058651026392960576,513,465,561,97,ba0c0bdb7b9d58b9,0.06675268817204301,512.6381333333447,True,1.5692842818802097e-06,51877.16634314743,6.690509729299775,505.48109430922733,493.8447306728637,493.86197214681596,504.3139154721346,511.5866427448619,511.5865581328064,121.41747965997901,121.41747965997901,121.29890790249854,120.89739679757508,120.89739679757508,120.77933293351495,6.690509729299775,6.690509729299775,6.690509729299775,0.45743093241748056,0.45743093241748056,304.95395494498706,0.0,0.0,0.0,0.08824553906525523,0.044122769532627615,58.83035937683682,0.0,0.0,0.0,0.0,0.0,0.0,0.45743093241748056,False,0.01662485019677485,0.0001232122527226669,0.0877657937018534,False
main_camera_x_mm,bilinear_intensity,camera_x_mm,x,0.06400000000000002,0.06400000000000002,-0.0059999999999999915,0.0015,0.0055,0.005505376344086021,0.058651026392960576,513,465,561,97,3a672c2e396cf78f,0.06675268817204301,512.6381333333447,True,1.5672280282160089e-06,51809.19101540525,6.550423367402086,510.64002868243773,499.00366504607405,499.0158684981775,509.52144935741416,516.7941766301414,516.789006535776,121.42870008522128,121.42870008522128,121.31011737029431,120.92547706671196,120.92547706671196,120.807385780514,6.550423367402086,6.550423367402086,6.550423367402086,-0.005611132156104759,0.005611132156104759,-3.7407547707365056,0.0,0.0,0.0,-0.002103088877802861,0.0010515444389014306,-1.4020592518685742,0.0,0.0,0.0,0.04377916415727512,0.13456756751949892,29.18610943818341,0.13456756751949892,False,0.01109303009806436,9.190345584504935e-05,0.012187677380194694,False
main_camera_x_mm,production_searchsorted,camera_x_mm,x,0.06550000000000002,0.06550000000000002,-0.00449999999999999,0.0015,0.0055,0.005505376344086021,0.058651026392960576,513,465,561,97,0ffb987654012e5a,0.0682526881720432,512.6637083333447,True,1.5693700405246053e-06,51880.00133965637,6.690509729299775,505.3686051747181,493.45951426562715,493.4771319274771,504.3139154721346,511.5866427448619,511.5865581328064,121.31300132220017,121.31300132220017,121.19453159434644,120.89739679757508,120.89739679757508,120.77933293351495,6.690509729299775,6.690509729299775,6.690509729299775,-0.11248913450924647,0.11248913450924647,-74.99275633949765,0.0,0.0,0.0,-0.10447833777884341,0.052239168889421705,-69.6522251858956,0.0,0.0,0.0,0.0,0.0,0.0,0.11248913450924647,False,0.012249630246535248,9.058162463650577e-05,0.05776785839466406,False
main_camera_x_mm,bilinear_intensity,camera_x_mm,x,0.06550000000000002,0.06550000000000002,-0.00449999999999999,0.0015,0.0055,0.005505376344086021,0.058651026392960576,513,465,561,97,4b0753ef15760857,0.0682526881720432,512.6637083333447,True,1.5671321561661914e-06,51806.021691444344,6.561083527318724,510.64528622502615,498.7361953159352,498.748659968947,509.5214493574141,516.7941766301414,516.789006535776,121.42820137968427,121.42820137968427,121.3096191517744,120.92547706671196,120.92547706671196,120.807385780514,6.561083527318724,6.561083527318724,6.561083527318724,0.005257542588424258,0.005257542588424258,3.5050283922828385,-5.684341886080802e-14,5.684341886080802e-14,-3.789561257387201e-11,-0.0004987055370122562,0.0002493527685061281,-0.33247035800817076,0.0,0.0,0.0,0.010660159916637824,0.032548002835015744,7.106773277758549,0.032548002835015744,False,0.01107865411359101,8.386055583017457e-05,0.010368623533114447,False
main_camera_x_mm,production_searchsorted,camera_x_mm,x,0.06700000000000002,0.06700000000000002,-0.002999999999999989,0.0015,0.0055,0.005505376344086021,0.058651026392960576,513,465,561,97,ea078124a62f0a18,0.0697526881720434,512.6892833333446,True,1.5730925476855158e-06,52003.05942762036,6.690509729299775,505.09273917685795,492.91092099503976,492.92907439250547,504.3139154721346,511.5866427448619,511.5865581328064,121.52563373517346,121.52563373517346,121.40695635847892,120.89739679757508,120.89739679757508,120.77933293351495,6.690509729299775,6.690509729299775,6.690509729299775,-0.2758659978601372,0.2758659978601372,-183.91066524009148,0.0,0.0,0.0,0.21263241297329216,0.10631620648664608,141.75494198219477,0.0,0.0,0.0,0.0,0.0,0.0,0.2758659978601372,False,0.009293184747502655,6.872352536222996e-05,0.05724756383306116,False
main_camera_x_mm,bilinear_intensity,camera_x_mm,x,0.06700000000000002,0.06700000000000002,-0.002999999999999989,0.0015,0.0055,0.005505376344086021,0.058651026392960576,513,465,561,97,ff110eb87ecc52a1,0.0697526881720434,512.6892833333446,True,1.5671457983353328e-06,51806.47267224241,6.523222350992068,510.6536492661261,498.4718310843079,498.48455390551453,509.5214493574141,516.7941766301414,516.789006535776,121.42995604212545,121.42995604212545,121.31137210067807,120.92547706671196,120.92547706671196,120.80738578051397,6.523222350992068,6.523222350992068,6.523222350992068,0.00836304109992625,0.00836304109992625,5.575360733284167,0.0,0.0,0.0,0.0017546624411863831,0.0008773312205931916,1.169774960790922,0.0,0.0,0.0,-0.037861176326655865,0.1154113529236789,-25.240784217770578,0.1154113529236789,False,0.011135553320833677,9.286021252858604e-05,0.011787758501036453,False
main_camera_x_mm,production_searchsorted,camera_x_mm,x,0.0685,0.0685,-0.0015000000000000013,0.0015,0.0055,0.005505376344086021,0.058651026392960576,513,465,561,97,3cc7cdfeda011ea5,0.07125268817204317,512.7148583333448,True,1.560808684452515e-06,51596.98130421537,6.690509729299775,505.44331774806744,492.988772293522,493.0068496643291,504.3139154721346,511.58664274486193,511.5865581328064,121.25085336350116,121.25085336350116,121.13244432701336,120.89739679757508,120.89739679757508,120.77933293351495,6.690509729299775,6.690509729299775,6.690509729299775,0.3505785712094962,0.3505785712094962,233.71904747299746,0.0,0.0,0.0,-0.27478037167229274,0.13739018583614637,-183.18691444819515,0.0,0.0,0.0,0.0,0.0,0.0,0.3505785712094962,False,0.011189408164387935,8.29424559912102e-05,0.07391313495081538,False
main_camera_x_mm,bilinear_intensity,camera_x_mm,x,0.0685,0.0685,-0.0015000000000000013,0.0015,0.0055,0.005505376344086021,0.058651026392960576,513,465,561,97,1e718667c4f71947,0.07125268817204317,512.7148583333448,True,1.567255753531679e-06,51810.10755476625,6.521080343396973,510.64260621950007,498.1880607649546,498.2010607056138,509.5214493574141,516.7941766301414,516.789006535776,121.4287140159561,121.4287140159561,121.3101312874249,120.92547706671196,120.92547706671196,120.80738578051397,6.521080343396973,6.521080343396973,6.521080343396973,-0.011043046626014075,0.011043046626014075,-7.3620310840093826,0.0,0.0,0.0,-0.0012420261693506518,0.0006210130846753259,-0.8280174462337678,0.0,0.0,0.0,-0.0021420075950953077,0.006567329702534349,-1.4280050633968717,0.011043046626014075,False,0.011024138328182418,8.346316238560005e-05,0.010167876534296127,False
main_camera_x_mm,production_searchsorted,camera_x_mm,x,0.07,0.07,0.0,0.0015,0.0055,0.005505376344086021,0.058651026392960576,513,465,561,97,18db2d7a95d947bb,0.07275268817204336,512.7404333333446,True,1.5686098852987437e-06,51854.872241280784,6.690509729299775,505.5998424215558,492.8725696942831,492.8907605441909,504.3139154721346,511.5866427448619,511.5865581328064,121.41027163922294,121.41027163922294,121.29170692082526,120.89739679757508,120.89739679757508,120.77933293351495,6.690509729299775,6.690509729299775,6.690509729299775,0.15652467348837718,0.15652467348837718,104.34978232558478,0.0,0.0,0.0,0.15941827572177658,0.07970913786088829,106.27885048118439,0.0,0.0,0.0,0.0,0.0,0.0,0.15652467348837718,False,0.008604070420468488,6.328038754433352e-05,0.05127247177976329,False
main_camera_x_mm,bilinear_intensity,camera_x_mm,x,0.07,0.07,0.0,0.0015,0.0055,0.005505376344086021,0.058651026392960576,513,465,561,97,c2e5f3d8fc667a4c,0.07275268817204336,512.7404333333446,True,1.5672211696853867e-06,51808.96428712022,6.564859507554248,510.640686628091,497.9134139008183,497.9266820513057,509.52144935741416,516.7941766301414,516.789006535776,121.42857339886795,121.42857339886795,121.30999080765811,120.92547706671196,120.92547706671196,120.80738578051397,6.564859507554248,6.564859507554248,6.564859507554248,-0.0019195914090914812,0.0019195914090914812,-1.2797276060609875,5.684341886080802e-14,5.684341886080802e-14,3.789561257387201e-11,-0.00014061708814949725,7.030854407474862e-05,-0.09374472543299817,0.0,0.0,0.0,0.04377916415727512,0.13426966653341246,29.18610943818341,0.13426966653341246,False,0.011148823871275368,9.202443681260724e-05,0.012250764373575366,False
main_camera_x_mm,production_searchsorted,camera_x_mm,x,0.07150000000000001,0.07150000000000001,0.0015000000000000013,0.0015,0.0055,0.005505376344086021,0.058651026392960576,513,465,561,97,dfaa9d866271007f,0.07425268817204314,512.7660083333448,True,1.570127396134546e-06,51905.037888745326,6.690509729299775,505.5074684775934,492.5074684775934,492.5260158716582,504.3139154721346,511.5866427448619,511.5865581328064,121.33597352283387,121.33597352283387,121.21748136119047,120.89739679757508,120.89739679757508,120.77933293351495,6.690509729299775,6.690509729299775,6.690509729299775,-0.09237394396240006,0.09237394396240006,-61.582629308266704,0.0,0.0,0.0,-0.07429811638907324,0.03714905819453662,-49.532077592715495,0.0,0.0,0.0,0.0,0.0,0.0,0.09237394396240006,False,0.012294210976381437,9.087221422266541e-05,0.05777552650742446,False
main_camera_x_mm,bilinear_intensity,camera_x_mm,x,0.07150000000000001,0.07150000000000001,0.0015000000000000013,0.0015,0.0055,0.005505376344086021,0.058651026392960576,513,465,561,97,bb048271de95b9fc,0.07425268817204314,512.7660083333448,True,1.5671054058623636e-06,51805.13738387979,6.548598838350845,510.65023300687943,497.65023300687943,497.66375816995867,509.52144935741416,516.7941766301414,516.789006535776,121.4275299003498,121.4275299003498,121.30894832818149,120.92547706671198,120.92547706671198,120.807385780514,6.548598838350845,6.548598838350845,6.548598838350845,0.009546378788456877,0.009546378788456877,6.3642525256379185,0.0,0.0,0.0,-0.0010434985181575485,0.0005217492590787742,-0.6956656787716989,1.4210854715202004e-14,7.105427357601002e-15,9.473903143468002e-12,-0.016260669203402855,0.04953851391546626,-10.840446135601903,0.04953851391546626,False,0.011106187921450772,8.443376832592461e-05,0.010535373691164798,False
main_camera_x_mm,production_searchsorted,camera_x_mm,x,0.07300000000000001,0.07300000000000001,0.0030000000000000027,0.0015,0.0055,0.005505376344086021,0.058651026392960576,513,465,561,97,e00963e4aa0d08d0,0.07575268817204334,512.7915833333446,True,1.5729319287862812e-06,51997.74971194318,6.690509729299775,504.9277187035291,491.6549914308018,491.6743713219826,504.3139154721346,511.58664274486193,511.5865581328064,121.33280482659283,121.33280482659283,121.21431575937936,120.89739679757508,120.89739679757508,120.77933293351494,6.690509729299775,6.690509729299775,6.690509729299775,-0.5797497740643394,0.5797497740643394,-386.4998493762262,0.0,0.0,0.0,-0.003168696241033331,0.0015843481205166654,-2.112464160688887,0.0,0.0,0.0,0.0,0.0,0.0,0.5797497740643394,False,0.011312246067897878,8.369494648530204e-05,0.06001149418986044,False
main_camera_x_mm,bilinear_intensity,camera_x_mm,x,0.07300000000000001,0.07300000000000001,0.0030000000000000027,0.0015,0.0055,0.005505376344086021,0.058651026392960576,513,465,561,97,4057f4521486eb11,0.07575268817204334,512.7915833333446,True,1.5671864769950122e-06,51807.81742132272,6.510737662024188,510.65223305210236,497.3795057793751,497.39329532451234,509.52144935741416,516.7941766301414,516.789006535776,121.43026083988356,121.43026083988356,121.31167660078208,120.92547706671196,120.92547706671196,120.807385780514,6.510737662024188,6.510737662024188,6.510737662024188,0.002000045222928293,0.002000045222928293,1.3333634819521951,0.0,0.0,0.0,0.0027309395337624665,0.0013654697668812332,1.8206263558416442,-1.4210854715202004e-14,7.105427357601002e-15,-9.473903143468002e-12,-0.037861176326656754,0.1156313808838883,-25.240784217771168,0.1156313808838883,False,0.011081046665822379,9.28631642233819e-05,0.011756133399823074,False
main_camera_x_mm,production_searchsorted,camera_x_mm,x,0.07450000000000001,0.07450000000000001,0.004500000000000004,0.0015,0.0055,0.005505376344086021,0.058651026392960576,513,465,561,97,670287c121386435,0.0772526881720431,512.8171583333447,True,1.5658934462730574e-06,51765.07260406802,6.690509729299775,505.01337041240083,491.4679158669463,491.48747844910747,504.3139154721346,511.58664274486193,511.5865581328064,121.16496553192455,121.16496553192455,121.04664037027227,120.89739679757508,120.89739679757508,120.77933293351495,6.690509729299775,6.690509729299775,6.690509729299775,0.085651708871751,0.085651708871751,57.101139247834,0.0,0.0,0.0,-0.1678392946682834,0.0839196473341417,-111.89286311218893,0.0,0.0,0.0,0.0,0.0,0.0,0.085651708871751,False,0.014569189440699666,0.00010798435032958182,0.08539430815599032,False
main_camera_x_mm,bilinear_intensity,camera_x_mm,x,0.07450000000000001,0.07450000000000001,0.004500000000000004,0.0015,0.0055,0.005505376344086021,0.058651026392960576,513,465,561,97,94dda1e6b420584e,0.0772526881720431,512.8171583333447,True,1.5672352714996613e-06,51809.43046279872,6.535516483549134,510.6420068469754,497.09655230152083,497.11061816841385,509.52144935741416,516.7941766301415,516.789006535776,121.42692329516868,121.42692329516868,121.30834231538822,120.92547706671196,120.92547706671196,120.807385780514,6.535516483549134,6.535516483549134,6.535516483549134,-0.010226205126969035,0.010226205126969035,-6.817470084646023,0.0,0.0,0.0,-0.0033375447148813464,0.0016687723574406732,-2.2250298099208976,0.0,0.0,0.0,0.02477882152494626,0.07611678679506961,16.519214349964173,0.07611678679506961,False,0.011050254064141363,8.522608433695239e-05,0.01082591461321216,False
main_camera_x_mm,production_searchsorted,camera_x_mm,x,0.07600000000000001,0.07600000000000001,0.006000000000000005,0.0015,0.0055,0.005505376344086021,0.058651026392960576,513,465,561,97,769a300e9be9764b,0.0787526881720433,512.8427333333447,True,1.563444080482764e-06,51684.101834140965,6.690509729299775,505.43504149318716,491.61685967500534,491.63627680422894,504.3139154721346,511.58664274486193,511.5865581328064,121.66812256594241,121.66812256594241,121.54930603999911,120.89739679757507,120.89739679757507,120.77933293351494,6.690509729299775,6.690509729299775,6.690509729299775,0.4216710807863251,0.4216710807863251,281.11405385755006,0.0,0.0,0.0,0.5031570340178604,0.2515785170089302,335.4380226785736,-1.4210854715202004e-14,7.105427357601002e-15,-9.473903143468002e-12,0.0,0.0,0.0,0.4216710807863251,False,0.008365065488064876,6.172300375876024e-05,0.04385907881991425,False
main_camera_x_mm,bilinear_intensity,camera_x_mm,x,0.07600000000000001,0.07600000000000001,0.006000000000000005,0.0015,0.0055,0.005505376344086021,0.058651026392960576,513,465,561,97,2c4e5a7d083a78d7,0.0787526881720433,512.8427333333447,True,1.5671906626340533e-06,51807.95578955548,6.573975325709453,510.6444626228817,496.8262808046999,496.8406106086015,509.5214493574141,516.7941766301414,516.789006535776,121.42717664445497,121.42717664445497,121.30859541726313,120.92547706671196,120.92547706671196,120.807385780514,6.573975325709453,6.573975325709453,6.573975325709453,0.0024557759062986406,0.0024557759062986406,1.637183937532427,-5.684341886080802e-14,5.684341886080802e-14,-3.789561257387201e-11,0.00025334928629661135,0.00012667464314830568,0.1688995241977409,0.0,0.0,0.0,0.038458842160318696,0.11769182208361131,25.63922810687913,0.11769182208361131,False,0.011144085842328283,8.969492792964987e-05,0.011813066229307629,False
main_camera_x_mm,production_searchsorted,camera_x_mm,x,0.07750000000000001,0.07750000000000001,0.007500000000000007,0.0015,0.0055,0.005505376344086021,0.058651026392960576,513,465,561,97,f0bc0aad475108d5,0.08025268817204306,512.8683083333447,True,1.5690479718687043e-06,51869.35444194064,6.690509729299775,505.65680902446087,491.56589993355175,491.5853668281479,504.3139154721346,511.5866427448619,511.5865581328064,121.32452557622823,121.32452557622823,121.20604459422019,120.89739679757508,120.89739679757508,120.77933293351495,6.690509729299775,6.690509729299775,6.690509729299775,0.22176753127371285,0.22176753127371285,147.8450208491419,0.0,0.0,0.0,-0.34359698971418595,0.17179849485709298,-229.06465980945728,1.4210854715202004e-14,7.105427357601002e-15,9.473903143468002e-12,0.0,0.0,0.0,0.22176753127371285,False,0.007515445023592548,5.53671993259674e-05,0.04397830957329892,False
main_camera_x_mm,bilinear_intensity,camera_x_mm,x,0.07750000000000001,0.07750000000000001,0.007500000000000007,0.0015,0.0055,0.005505376344086021,0.058651026392960576,513,465,561,97,9bcff78a6274d747,0.08025268817204306,512.8683083333447,True,1.5670802901600118e-06,51804.30711272766,6.536114149382964,510.6554626097297,496.5645535188206,496.5791389157749,509.5214493574141,516.7941766301414,516.789006535776,121.42695466741648,121.42695466741648,121.3083736569991,120.92547706671196,120.92547706671196,120.807385780514,6.536114149382964,6.536114149382964,6.536114149382964,0.01099998684799175,0.01099998684799175,7.333324565327833,0.0,0.0,0.0,-0.00022197703849258232,0.00011098851924629116,-0.1479846923283882,0.0,0.0,0.0,-0.03786117632648889,0.11518502717350242,-25.240784217659257,0.11518502717350242,False,0.011165751563062936,9.258742073468517e-05,0.011781320431136267,False
main_camera_x_mm,production_searchsorted,camera_x_mm,x,0.07900000000000001,0.07900000000000001,0.009000000000000008,0.0015,0.0055,0.005505376344086021,0.058651026392960576,513,465,561,97,2a5bf3d86ea33993,0.08175268817204326,512.8938833333448,True,1.572821900764201e-06,51994.11242195706,6.690509729299775,505.02353218591304,490.65989582227667,490.6802474865127,504.3139154721346,511.58664274486193,511.5865581328064,121.32707709716233,121.32707709716233,121.20859362343464,120.89739679757508,120.89739679757508,120.77933293351494,6.690509729299775,6.690509729299775,6.690509729299775,-0.6332768385478289,0.6332768385478289,-422.18455903188595,0.0,0.0,0.0,0.002551520934105156,0.001275760467052578,1.7010139560701039,0.0,0.0,0.0,0.0,0.0,0.0,0.6332768385478289,False,0.010516285388585815,7.775245066826374e-05,0.059438425442318574,False
main_camera_x_mm,bilinear_intensity,camera_x_mm,x,0.07900000000000001,0.07900000000000001,0.009000000000000008,0.0015,0.0055,0.005505376344086021,0.058651026392960576,513,465,561,97,4bf0daaf59438c76,0.08175268817204326,512.8938833333448,True,1.5672168327025732e-06,51808.820915787546,6.506173459544216,510.6485346062685,496.28489824263215,496.29975674044204,509.52144935741416,516.7941766301415,516.789006535776,121.42889960673399,121.42889960673399,121.31031669696179,120.92547706671196,120.92547706671196,120.807385780514,6.506173459544216,6.506173459544216,6.506173459544216,-0.0069280034611551855,0.0069280034611551855,-4.618668974103457,5.684341886080802e-14,5.684341886080802e-14,3.789561257387201e-11,0.0019449393175108298,0.0009724696587554149,1.2966262116738865,0.0,0.0,0.0,-0.029940689838747758,0.09161617791382753,-19.960459892498505,0.09161617791382753,False,0.011036320487947083,9.00070977201597e-05,0.011197136090636528,False
main_camera_x_mm,production_searchsorted,camera_x_mm,x,0.08050000000000002,0.08050000000000002,0.01050000000000001,0.0015,0.0055,0.005505376344086021,0.058651026392960576,513,465,561,97,6526f745d5bdee0f,0.08325268817204302,512.9194583333447,True,1.5692802680854143e-06,51877.03365571618,6.690509729299775,505.4809699130073,490.8446062766436,490.8647775595766,504.3139154721346,511.5866427448619,511.5865581328064,121.41531529336602,121.41531529336602,121.29674564952485,120.89739679757507,120.89739679757507,120.77933293351494,6.690509729299775,6.690509729299775,6.690509729299775,0.4574377270942591,0.4574377270942591,304.9584847295061,0.0,0.0,0.0,0.08823819620369022,0.04411909810184511,58.82546413579348,-1.4210854715202004e-14,7.105427357601002e-15,-9.473903143468002e-12,0.0,0.0,0.0,0.4574377270942591,False,0.01662489262289898,0.0001232122527226669,0.0877657937371448,False
main_camera_x_mm,bilinear_intensity,camera_x_mm,x,0.08050000000000002,0.08050000000000002,0.01050000000000001,0.0015,0.0055,0.005505376344086021,0.058651026392960576,513,465,561,97,1d3dc6d1510af290,0.08325268817204302,512.9194583333447,True,1.567224783165933e-06,51809.08374102258,6.549952623701296,510.64277235727724,496.0064087209136,496.0215391811471,509.52144935741416,516.7941766301415,516.789006535776,121.42673292997853,121.42673292997853,121.3081521361016,120.92547706671196,120.92547706671196,120.807385780514,6.549952623701296,6.549952623701296,6.549952623701296,-0.005762248991288743,0.005762248991288743,-3.8414993275258285,0.0,0.0,0.0,-0.0021666767554648914,0.0010833383777324457,-1.4444511703099276,0.0,0.0,0.0,0.04377916415707972,0.13457730393848621,29.186109438053144,0.13457730393848621,False,0.011091291450664818,9.189449263744437e-05,0.0121853222166248,False
main_camera_x_mm,production_searchsorted,camera_x_mm,x,0.08200000000000002,0.08200000000000002,0.01200000000000001,0.0015,0.0055,0.005505376344086021,0.058651026392960576,513,465,561,97,d0efd845f16f7a88,0.08475268817204323,512.9450333333447,True,1.56805217631925e-06,51836.435580801655,6.690509729299775,505.18017332189066,490.27108241279973,490.291813777631,504.3139154721346,511.58664274486193,511.5865581328064,121.18702948930941,121.18702948930941,121.06868278082374,120.89739679757511,120.89739679757511,120.77933293351494,6.690509729299775,6.690509729299775,6.690509729299775,-0.3007965911166366,0.3007965911166366,-200.5310607444244,0.0,0.0,0.0,-0.22828580405661114,0.11414290202830557,-152.19053603774077,4.263256414560601e-14,2.1316282072803006e-14,2.8421709430404007e-11,0.0,0.0,0.0,0.3007965911166366,False,0.011412430372314855,8.439061582326087e-05,0.056725104017208025,False
main_camera_x_mm,bilinear_intensity,camera_x_mm,x,0.08200000000000002,0.08200000000000002,0.01200000000000001,0.0015,0.0055,0.005505376344086021,0.058651026392960576,513,465,561,97,fe07a27e949a4843,0.08475268817204323,512.9450333333447,True,1.567129631199542e-06,51805.93822147246,6.561490636741572,510.64791550366635,495.7388245945755,495.75421636743226,509.52144935741416,516.7941766301414,516.789006535776,121.42623489023215,121.42623489023215,121.30765458272218,120.92547706671193,120.92547706671193,120.80738578051397,6.561490636741572,6.561490636741572,6.561490636741572,0.005143146389116282,0.005143146389116282,3.4287642594108547,0.0,0.0,0.0,-0.0004980397463754116,0.0002490198731877058,-0.33202649758360775,-2.842170943040401e-14,1.4210854715202004e-14,-1.8947806286936004e-11,0.01153801304027624,0.03523082899416837,7.692008693517494,0.03523082899416837,False,0.011079854432388972,8.39425372556972e-05,0.010390840184969182,False
main_camera_x_mm,production_searchsorted,camera_x_mm,x,0.08350000000000002,0.08350000000000002,0.013500000000000012,0.0015,0.0055,0.005505376344086021,0.058651026392960576,513,465,561,97,710a717fcaf4f45a,0.08625268817204343,512.9706083333447,True,1.5730885338907206e-06,52002.92674018911,6.690509729299775,505.0926055997678,489.9107874179496,489.9318706333617,504.3139154721346,511.5866427448619,511.5865581328064,121.52349832286075,121.52349832286075,121.40482303152982,120.89739679757508,120.89739679757508,120.77933293351494,6.690509729299775,6.690509729299775,6.690509729299775,-0.08756772212285568,0.08756772212285568,-58.37848141523712,0.0,0.0,0.0,0.3364688335513364,0.1682344167756682,224.31255570089093,-2.842170943040401e-14,1.4210854715202004e-14,-1.8947806286936004e-11,0.0,0.0,0.0,0.1682344167756682,False,0.010138882094899005,7.491453417547484e-05,0.05828884557187584,False
main_camera_x_mm,bilinear_intensity,camera_x_mm,x,0.08350000000000002,0.08350000000000002,0.013500000000000012,0.0015,0.0055,0.005505376344086021,0.058651026392960576,513,465,561,97,02e19e4675596929,0.08625268817204343,512.9706083333447,True,1.5671388645896545e-06,51806.24345750924,6.523629460414916,510.65637538221597,495.4745572003978,495.49020704688166,509.52144935741416,516.7941766301414,516.789006535776,121.4279056046213,121.4279056046213,121.30932366555427,120.92547706671196,120.92547706671196,120.807385780514,6.523629460414916,6.523629460414916,6.523629460414916,0.008459878549615496,0.008459878549615496,5.639919033076997,0.0,0.0,0.0,0.0016707143891494525,0.0008353571945747262,1.1138095927663016,2.842170943040401e-14,1.4210854715202004e-14,1.8947806286936004e-11,-0.037861176326656754,0.11540419219574947,-25.240784217771168,0.11540419219574947,False,0.01113746124492789,9.28524286874102e-05,0.011787458440170996,False
main_camera_x_mm,production_searchsorted,camera_x_mm,x,0.085,0.085,0.015,0.0015,0.0055,0.005505376344086021,0.058651026392960576,513,465,561,97,2f1c02964213d226,0.0877526881720432,512.9961833333447,True,1.5674077587016285e-06,51815.1325190621,6.690509729299775,505.6708761944254,490.21633073987994,490.2371155731417,504.3139154721346,511.58664274486193,511.5865581328064,121.04365037825117,121.04365037825117,120.92544368842866,120.89739679757507,120.89739679757507,120.77933293351494,6.690509729299775,6.690509729299775,6.690509729299775,0.5782705946575675,0.5782705946575675,385.51372977171167,0.0,0.0,0.0,-0.47984794460957403,0.23992397230478701,-319.898629739716,-1.4210854715202004e-14,7.105427357601002e-15,-9.473903143468002e-12,0.0,0.0,0.0,0.5782705946575675,False,0.006991905614681332,5.18279729831682e-05,0.049710229490961454,False
main_camera_x_mm,bilinear_intensity,camera_x_mm,x,0.085,0.085,0.015,0.0015,0.0055,0.005505376344086021,0.058651026392960576,513,465,561,97,7eda55d6cddb0533,0.0877526881720432,512.9961833333447,True,1.5672523986990454e-06,51809.996651208116,6.520609599696378,510.64536175788555,495.1908163033401,495.20674324054386,509.52144935741416,516.7941766301414,516.789006535776,121.42679600622637,121.42679600622637,121.30821515075154,120.92547706671196,120.92547706671196,120.80738578051397,6.520609599696378,6.520609599696378,6.520609599696378,-0.01101362433041686,0.01101362433041686,-7.342416220277906,0.0,0.0,0.0,-0.0011095983949331867,0.0005547991974665933,-0.7397322632887912,0.0,0.0,0.0,-0.003019860718537437,0.009258222702137862,-2.013240479024958,0.01101362433041686,False,0.011023748054224028,8.344066546053662e-05,0.010174644068009307,False
main_camera_x_mm,production_searchsorted,camera_x_mm,x,0.08650000000000001,0.08650000000000001,0.0165,0.0015,0.0055,0.005505376344086021,0.058651026392960576,514,465,561,97,12bc49487f5df4e4,0.08925268817204339,513.0217583333447,True,1.5686058715039483e-06,51854.73955384953,6.690509729299775,505.5997167450623,489.8724440177896,489.8935646779284,504.3139154721346,511.58664274486193,511.5865581328064,121.40812868078598,121.40812868078598,121.28956605512113,120.89739679757508,120.89739679757508,120.77933293351495,6.690509729299775,6.690509729299775,6.690509729299775,-0.07115944936305141,0.07115944936305141,-47.439632908700936,0.0,0.0,0.0,0.3644783025348062,0.1822391512674031,242.9855350232041,1.4210854715202004e-14,7.105427357601002e-15,9.473903143468002e-12,0.0,0.0,0.0,0.1822391512674031,False,0.012780589968758957,9.43948705523755e-05,0.07491951748501754,False
main_camera_x_mm,bilinear_intensity,camera_x_mm,x,0.08650000000000001,0.08650000000000001,0.0165,0.0015,0.0055,0.005505376344086021,0.058651026392960576,514,465,561,97,354fe0c92e967ca9,0.08925268817204339,513.0217583333447,True,1.567217578486663e-06,51808.84556980705,6.564388763853652,510.6434559926196,494.91618326534683,494.9323783988767,509.52144935741416,516.7941766301415,516.789006535776,121.42651057524601,121.42651057524601,121.30792999851236,120.92547706671193,120.92547706671193,120.807385780514,6.564388763853652,6.564388763853652,6.564388763853652,-0.0019057652659739688,0.0019057652659739688,-1.2705101773159793,0.0,0.0,0.0,-0.00028543098035527237,0.00014271549017763618,-0.19028732023684825,-2.842170943040401e-14,1.4210854715202004e-14,-1.8947806286936004e-11,0.04377916415727423,0.1342793598908689,29.186109438182818,0.1342793598908689,False,0.011147729814147448,9.202941510142504e-05,0.012250530665295955,False
main_camera_x_mm,production_searchsorted,camera_x_mm,x,0.08800000000000001,0.08800000000000001,0.018000000000000002,0.0015,0.0055,0.005505376344086021,0.058651026392960576,514,465,562,98,950eabb0f51aee9b,0.09075268817204316,513.0473333333447,True,1.5701170495009939e-06,51904.695851272525,6.690509729299775,505.5077483502603,489.5077483502603,489.52922515851196,504.3139154721346,511.5866427448619,511.5865581328064,121.3337527575209,121.3337527575209,121.21526276459362,120.89739679757507,120.89739679757507,120.77933293351494,6.690509729299775,6.690509729299775,6.690509729299775,-0.09196839480205199,0.09196839480205199,-61.31226320136799,0.0,0.0,0.0,-0.07437592326508025,0.03718796163254012,-49.58394884338683,-1.4210854715202004e-14,7.105427357601002e-15,-9.473903143468002e-12,0.0,0.0,0.0,0.09196839480205199,False,0.012290393703516445,9.084376653512979e-05,0.057775503646405345,False
main_camera_x_mm,bilinear_intensity,camera_x_mm,x,0.08800000000000001,0.08800000000000001,0.018000000000000002,0.0015,0.0055,0.005505376344086021,0.058651026392960576,514,465,562,98,df34a8f8df2b01dd,0.09075268817204316,513.0473333333447,True,1.5671024469461366e-06,51805.03956846733,6.5490059477736935,510.65285638823894,494.65285638823894,494.6693086769223,509.52144935741416,516.7941766301414,516.789006535776,121.42545812268735,121.42545812268735,121.30687857373941,120.92547706671193,120.92547706671193,120.80738578051397,6.5490059477736935,6.5490059477736935,6.5490059477736935,0.009400395619366009,0.009400395619366009,6.266930412910672,0.0,0.0,0.0,-0.0010524525586674827,0.0005262262793337413,-0.7016350391116551,0.0,0.0,0.0,-0.01538281607995895,0.046867474286908024,-10.255210719972633,0.046867474286908024,False,0.011103812844208635,8.412402831403198e-05,0.010504272846680717,False
main_camera_x_mm,production_searchsorted,camera_x_mm,x,0.08950000000000001,0.08950000000000001,0.019500000000000003,0.0015,0.0055,0.005505376344086021,0.058651026392960576,514,466,562,97,6a9cd7732fa619dc,0.09225268817204335,513.0729083333447,True,1.5729277671436418e-06,51997.61213697989,6.690509729299775,504.92753193443724,488.65480466171,488.6771144227825,504.3139154721346,511.58664274486193,511.5865581328064,121.33058916570226,121.33058916570226,121.21210226222014,120.89739679757508,120.89739679757508,120.77933293351494,6.690509729299775,6.690509729299775,6.690509729299775,-0.5802164158230312,0.5802164158230312,-386.8109438820208,0.0,0.0,0.0,-0.003163591818633904,0.001581795909316952,-2.1090612124226027,1.4210854715202004e-14,7.105427357601002e-15,9.473903143468002e-12,0.0,0.0,0.0,0.5802164158230312,False,0.011316259803421444,8.372409084827106e-05,0.06001151766033234,False
main_camera_x_mm,bilinear_intensity,camera_x_mm,x,0.08950000000000001,0.08950000000000001,0.019500000000000003,0.0015,0.0055,0.005505376344086021,0.058651026392960576,514,466,562,97,cb8d4055cdf8aac6,0.09225268817204335,513.0729083333447,True,1.5671817158866968e-06,51807.66002931229,6.511144771447037,510.65514657629967,494.3824193035724,494.3991356909712,509.52144935741416,516.7941766301415,516.789006535776,121.42818984824602,121.42818984824602,121.30960763159733,120.92547706671196,120.92547706671196,120.807385780514,6.511144771447037,6.511144771447037,6.511144771447037,0.00229018806072645,0.00229018806072645,1.5267920404843,0.0,0.0,0.0,0.00273172555867518,0.00136586277933759,1.82115037245012,2.842170943040401e-14,1.4210854715202004e-14,1.8947806286936004e-11,-0.037861176326656754,0.11562419282739389,-25.240784217771168,0.11562419282739389,False,0.011082638233604981,9.286317873796618e-05,0.011756587122023347,False
main_camera_x_mm,production_searchsorted,camera_x_mm,x,0.09100000000000001,0.09100000000000001,0.021000000000000005,0.0015,0.0055,0.005505376344086021,0.058651026392960576,514,466,562,97,58af4b284ca63b3b,0.09375268817204312,513.0984833333447,True,1.5658755915195806e-06,51764.482364283656,6.690509729299775,505.0157032079033,488.47024866244874,488.4927386539893,504.3139154721346,511.5866427448619,511.5865581328064,121.16030269630762,121.16030269630762,121.04198208820576,120.89739679757508,120.89739679757508,120.77933293351494,6.690509729299775,6.690509729299775,6.690509729299775,0.08817127346605957,0.08817127346605957,58.78084897737305,0.0,0.0,0.0,-0.17028646939463954,0.08514323469731977,-113.52431292975969,0.0,0.0,0.0,0.0,0.0,0.0,0.08817127346605957,False,0.014560522495298628,0.00010791982687303377,0.08539423276078704,False
main_camera_x_mm,bilinear_intensity,camera_x_mm,x,0.09100000000000001,0.09100000000000001,0.021000000000000005,0.0015,0.0055,0.005505376344086021,0.058651026392960576,514,466,562,97,e8079b22c7b9f536,0.09375268817204312,513.0984833333447,True,1.5672320617343288e-06,51809.324354853845,6.53504573984854,510.6448096646525,494.0993551191979,494.1163479364643,509.52144935741416,516.7941766301414,516.789006535776,121.42481097980247,121.42481097980247,121.30623206282999,120.92547706671196,120.92547706671196,120.80738578051397,6.53504573984854,6.53504573984854,6.53504573984854,-0.010336911647186753,0.010336911647186753,-6.891274431457835,0.0,0.0,0.0,-0.0033788684435478444,0.0016894342217739222,-2.2525789623652295,0.0,0.0,0.0,0.023900968401503242,0.07341556436070915,15.933978934335494,0.07341556436070915,False,0.011049683146022372,8.508300610816124e-05,0.010779543261654074,False
main_camera_x_mm,production_searchsorted,camera_x_mm,x,0.09250000000000001,0.09250000000000001,0.022500000000000006,0.0015,0.0055,0.005505376344086021,0.058651026392960576,514,466,562,97,15b15713b8353b70,0.09525268817204333,513.1240583333447,True,1.5634399188401244e-06,51683.96425917767,6.690509729299775,505.4348712855725,488.6166894673907,488.63903645033264,504.3139154721346,511.5866427448619,511.5865581328064,121.6659013595053,121.6659013595053,121.54708700270888,120.89739679757508,120.89739679757508,120.77933293351494,6.690509729299775,6.690509729299775,6.690509729299775,0.4191680776692124,0.4191680776692124,279.44538511280825,0.0,0.0,0.0,0.5055986631976737,0.25279933159883683,337.0657754651158,0.0,0.0,0.0,0.0,0.0,0.0,0.4191680776692124,False,0.008373905569035988,6.17875272153083e-05,0.04385922801860379,False
main_camera_x_mm,bilinear_intensity,camera_x_mm,x,0.09250000000000001,0.09250000000000001,0.022500000000000006,0.0015,0.0055,0.005505376344086021,0.058651026392960576,514,466,562,97,be027baee5ef7e0d,0.09525268817204333,513.1240583333447,True,1.5671895587522786e-06,51807.91929759599,6.5743824351324704,510.64714967132267,493.82896785314085,493.8462247204717,509.52144935741416,516.7941766301414,516.789006535776,121.42501661000395,121.42501661000395,121.30643749222074,120.92547706671196,120.92547706671196,120.807385780514,6.5743824351324704,6.5743824351324704,6.5743824351324704,0.002340006670181083,0.002340006670181083,1.5600044467873886,0.0,0.0,0.0,0.00020563020147790212,0.00010281510073895106,0.13708680098526807,0.0,0.0,0.0,0.03933669528393047,0.12038690117826828,26.22446352262031,0.12038690117826828,False,0.01114579998963815,9.003794510422457e-05,0.01188000981635122,False
main_camera_x_mm,production_searchsorted,camera_x_mm,x,0.09400000000000001,0.09400000000000001,0.024000000000000007,0.0015,0.0055,0.005505376344086021,0.058651026392960576,514,466,562,97,614cf0bf09fa0806,0.09675268817204308,513.1496333333447,True,1.5690414875811594e-06,51869.140085327585,6.690509729299775,505.65721337224886,488.5663042813398,488.58870046856504,504.3139154721346,511.5866427448619,511.5865581328064,121.32108693044579,121.32108693044579,121.20260930649027,120.89739679757508,120.89739679757508,120.77933293351495,6.690509729299775,6.690509729299775,6.690509729299775,0.22234208667634903,0.22234208667634903,148.22805778423267,0.0,0.0,0.0,-0.344814429059511,0.1724072145297555,-229.87628603967397,0.0,0.0,0.0,0.0,0.0,0.0,0.22234208667634903,False,0.007514168560968537,5.535764811650684e-05,0.043978305861788865,False
main_camera_x_mm,bilinear_intensity,camera_x_mm,x,0.09400000000000001,0.09400000000000001,0.024000000000000007,0.0015,0.0055,0.005505376344086021,0.058651026392960576,514,466,562,97,735c7093d269d490,0.09675268817204308,513.1496333333447,True,1.5670759486897146e-06,51804.16359304842,6.536521258805814,510.65823560549,493.56732651458094,493.5848388910315,509.52144935741416,516.7941766301415,516.789006535776,121.4247283674733,121.4247283674733,121.30614953117694,120.92547706671193,120.92547706671193,120.807385780514,6.536521258805814,6.536521258805814,6.536521258805814,0.011085934167340383,0.011085934167340383,7.390622778226922,0.0,0.0,0.0,-0.0002882425306438563,0.00014412126532192815,-0.1921616870959042,-2.842170943040401e-14,1.4210854715202004e-14,-1.8947806286936004e-11,-0.037861176326656754,0.1151778945025545,-25.240784217771168,0.1151778945025545,False,0.011165738127087396,9.257560893293369e-05,0.01178067962884702,False
main_camera_x_mm,production_searchsorted,camera_x_mm,x,0.09550000000000002,0.09550000000000002,0.02550000000000001,0.0015,0.0055,0.005505376344086021,0.058651026392960576,514,466,562,97,65be65dd04ffdb16,0.09825268817204329,513.1752083333447,True,1.572817623136314e-06,51993.97101277071,6.690509729299775,505.02361608365317,487.6599797200168,487.6832609898214,504.3139154721346,511.5866427448619,511.5865581328064,121.32466893771071,121.32466893771071,121.20618781570123,120.89739679757511,120.89739679757511,120.77933293351495,6.690509729299775,6.690509729299775,6.690509729299775,-0.6335972885956949,0.6335972885956949,-422.3981923971299,0.0,0.0,0.0,0.003582007264924414,0.001791003632462207,2.3880048432829426,2.842170943040401e-14,1.4210854715202004e-14,1.8947806286936004e-11,0.0,0.0,0.0,0.6335972885956949,False,0.01051698008929869,7.775726561446764e-05,0.05943842788747647,False
main_camera_x_mm,bilinear_intensity,camera_x_mm,x,0.09550000000000002,0.09550000000000002,0.02550000000000001,0.0015,0.0055,0.005505376344086021,0.058651026392960576,514,466,562,97,1904a071475024ce,0.09825268817204329,513.1752083333447,True,1.5672117642449692e-06,51808.65336347006,6.505702715843426,510.65147410733147,493.2878377436951,493.3056230583985,509.52144935741416,516.7941766301414,516.789006535776,121.42674045038032,121.42674045038032,121.30815964915924,120.92547706671196,120.92547706671196,120.80738578051397,6.505702715843426,6.505702715843426,6.505702715843426,-0.006761498158539325,0.006761498158539325,-4.5076654390262165,0.0,0.0,0.0,0.002012082907015156,0.001006041453507578,1.3413886046767705,2.842170943040401e-14,1.4210854715202004e-14,1.8947806286936004e-11,-0.03081854296238795,0.09429646670503854,-20.545695308258633,0.09429646670503854,False,0.011037255398020068,9.033559655256338e-05,0.011254347645374897,False
main_camera_x_mm,production_searchsorted,camera_x_mm,x,0.09700000000000002,0.09700000000000002,0.02700000000000001,0.0015,0.0055,0.005505376344086021,0.058651026392960576,514,466,562,97,db84a0a199671a92,0.09975268817204305,513.2007833333447,True,1.5692753980395093e-06,51876.872662463116,6.690509729299775,505.4809118095513,487.8445481731876,487.8676492003622,504.3139154721346,511.5866427448619,511.5865581328064,121.4126788083371,121.4126788083371,121.29411173918835,120.89739679757508,120.89739679757508,120.77933293351495,6.690509729299775,6.690509729299775,6.690509729299775,0.4572957258981205,0.4572957258981205,304.8638172654137,0.0,0.0,0.0,0.08800987062639365,0.044004935313196825,58.67324708426243,-2.842170943040401e-14,1.4210854715202004e-14,-1.8947806286936004e-11,0.0,0.0,0.0,0.4572957258981205,False,0.016625314498336246,0.00012321504426205545,0.08776579391252055,False
main_camera_x_mm,bilinear_intensity,camera_x_mm,x,0.09700000000000002,0.09700000000000002,0.02700000000000001,0.0015,0.0055,0.005505376344086021,0.058651026392960576,514,466,562,97,bc95c1aef3a230de,0.09975268817204305,513.2007833333447,True,1.567221030041781e-06,51808.95967080268,6.549481880000897,510.6455629151448,493.0091992787812,493.02725670136044,509.52144935741416,516.7941766301415,516.789006535776,121.42451016843168,121.42451016843168,121.3059315452203,120.92547706671193,120.92547706671193,120.80738578051397,6.549481880000897,6.549481880000897,6.549481880000897,-0.005911192186658809,0.005911192186658809,-3.9407947911058727,0.0,0.0,0.0,-0.0022302819486412773,0.0011151409743206386,-1.4868546324275183,-2.842170943040401e-14,1.4210854715202004e-14,-1.8947806286936004e-11,0.043779164157471406,0.13458704176831016,29.18610943831427,0.13458704176831016,False,0.011089551781961119,9.188551748784635e-05,0.01218299852548109,False
main_camera_x_mm,production_searchsorted,camera_x_mm,x,0.09850000000000002,0.09850000000000002,0.02850000000000001,0.0015,0.0055,0.005505376344086021,0.058651026392960576,514,466,562,97,5b693e1d3a14534f,0.10125268817204325,513.2263583333447,True,1.568047158425501e-06,51836.269700016564,6.690509729299775,505.1800653173111,487.27097440822024,487.2946355660247,504.3139154721346,511.58664274486193,511.5865581328064,121.1842935549021,121.1842935549021,121.06594951822738,120.89739679757507,120.89739679757507,120.77933293351495,6.690509729299775,6.690509729299775,6.690509729299775,-0.3008464922401686,0.3008464922401686,-200.56432816011238,0.0,0.0,0.0,-0.22838525343500748,0.11419262671750374,-152.25683562333833,-1.4210854715202004e-14,7.105427357601002e-15,-9.473903143468002e-12,0.0,0.0,0.0,0.3008464922401686,False,0.011412560003419687,8.439131249869425e-05,0.056725104059618614,False
main_camera_x_mm,bilinear_intensity,camera_x_mm,x,0.09850000000000002,0.09850000000000002,0.02850000000000001,0.0015,0.0055,0.005505376344086021,0.058651026392960576,514,466,562,97,3ee77c98adb71333,0.10125268817204325,513.2263583333447,True,1.5671269739161188e-06,51805.85037739236,6.561897746164591,510.650646692673,492.74155578358204,492.7598745767621,509.5214493574141,516.7941766301414,516.789006535776,121.42404608817884,121.42404608817884,121.30546791817085,120.92547706671196,120.92547706671196,120.807385780514,6.561897746164591,6.561897746164591,6.561897746164591,0.005083777528170685,0.005083777528170685,3.389185018780457,-5.684341886080802e-14,5.684341886080802e-14,-3.789561257387201e-11,-0.000464080252839949,0.0002320401264199745,-0.3093868352266327,2.842170943040401e-14,1.4210854715202004e-14,1.8947806286936004e-11,0.0124158661636935,0.037914040808650344,8.277244109129,0.037914040808650344,False,0.01108081334754494,8.402292759931338e-05,0.01041472564134288,False
main_camera_x_mm,production_searchsorted,camera_x_mm,x,0.1,0.1,0.03,0.0015,0.0055,0.005505376344086021,0.058651026392960576,514,466,562,97,b1ee79304a414ae3,0.10275268817204301,513.2519333333447,True,1.57308295544155e-06,52002.74232864628,6.690509729299775,505.09266180112246,486.91084361930433,486.93485646733234,504.3139154721346,511.58664274486193,511.5865581328064,121.52045858212225,121.52045858212225,121.40178625928814,120.89739679757508,120.89739679757508,120.77933293351495,6.690509729299775,6.690509729299775,6.690509729299775,-0.08740351618865816,0.08740351618865816,-58.26901079243877,0.0,0.0,0.0,0.3361650272201473,0.16808251361007365,224.11001814676487,1.4210854715202004e-14,7.105427357601002e-15,9.473903143468002e-12,0.0,0.0,0.0,0.16808251361007365,False,0.010138557053916671,7.491189277617338e-05,0.0582888454155671,False
main_camera_x_mm,bilinear_intensity,camera_x_mm,x,0.1,0.1,0.03,0.0015,0.0055,0.005505376344086021,0.058651026392960576,514,466,562,97,1bc0c51a808be090,0.10275268817204301,513.2519333333447,True,1.567131422443061e-06,51805.99743613425,6.524036569837765,510.65915378440724,492.47733560258905,492.49591242328967,509.52144935741416,516.7941766301414,516.789006535776,121.42560059003938,121.42560059003938,121.30702090196316,120.92547706671196,120.92547706671196,120.80738578051397,6.524036569837765,6.524036569837765,6.524036569837765,0.00850709173425912,0.00850709173425912,5.67139448950608,5.684341886080802e-14,5.684341886080802e-14,3.789561257387201e-11,0.0015545018605394034,0.0007772509302697017,1.0363345736929357,0.0,0.0,0.0,-0.03786117632682551,0.1153970323568521,-25.24078421788367,0.1153970323568521,False,0.01113912376789404,9.284280616586281e-05,0.011787109065147159,False
main_camera_x_mm,production_searchsorted,camera_x_mm,x,0.1015,0.1015,0.0315,0.0015,0.0055,0.005505376344086021,0.058651026392960576,514,466,562,97,52e5345b277be602,0.10425268817204321,513.2775083333447,True,1.5674021802524576e-06,51814.94810751926,6.690509729299775,505.670944315433,487.2163988608876,487.2401133151249,504.3139154721346,511.58664274486193,511.5865581328064,121.04057824144937,121.04057824144937,120.92237455176047,120.89739679757508,120.89739679757508,120.77933293351495,6.690509729299775,6.690509729299775,6.690509729299775,0.5782825143105583,0.5782825143105583,385.52167620703887,0.0,0.0,0.0,-0.479880340672878,0.239940170336439,-319.920227115252,0.0,0.0,0.0,0.0,0.0,0.0,0.5782825143105583,False,0.00699193040929877,5.18279729831682e-05,0.04971022952121509,False
main_camera_x_mm,bilinear_intensity,camera_x_mm,x,0.1015,0.1015,0.0315,0.0015,0.0055,0.005505376344086021,0.058651026392960576,514,466,562,97,5d947c91decf3f1f,0.10425268817204321,513.2775083333447,True,1.5672479932653542e-06,51809.851017036504,6.520138855995784,510.64815685373543,492.19361139918993,492.2124652943079,509.52144935741416,516.7941766301414,516.789006535776,121.42463971436827,121.42463971436827,121.30606096464722,120.92547706671196,120.92547706671196,120.807385780514,6.520138855995784,6.520138855995784,6.520138855995784,-0.010996930671808514,0.010996930671808514,-7.331287114539009,0.0,0.0,0.0,-0.0009608756711116939,0.00048043783555584696,-0.6405837807411293,0.0,0.0,0.0,-0.003897713841981343,0.011948779870430028,-2.5984758946542286,0.011948779870430028,False,0.0110236968535061,8.342046032384147e-05,0.010183628368259654,False
main_camera_x_mm,production_searchsorted,camera_x_mm,x,0.10300000000000001,0.10300000000000001,0.033,0.0015,0.0055,0.005505376344086021,0.058651026392960576,514,466,562,97,67cafd58f474e710,0.10575268817204297,513.3030833333447,True,1.5686002930547776e-06,51854.5551423067,6.690509729299775,505.5997813511537,486.872508623881,486.89655890842795,504.3139154721346,511.5866427448619,511.5865581328064,121.40507789226437,121.40507789226437,121.2865182458852,120.89739679757508,120.89739679757508,120.77933293351495,6.690509729299775,6.690509729299775,6.690509729299775,-0.07116296427932411,0.07116296427932411,-47.441976186216074,0.0,0.0,0.0,0.3644996508150058,0.1822498254075029,242.99976721000385,0.0,0.0,0.0,0.0,0.0,0.0,0.1822498254075029,False,0.012780635455407127,9.43948705523755e-05,0.07491951753084738,False
main_camera_x_mm,bilinear_intensity,camera_x_mm,x,0.10300000000000001,0.10300000000000001,0.033,0.0015,0.0055,0.005505376344086021,0.058651026392960576,514,466,562,97,e2a0bef0371173cc,0.10575268817204297,513.3030833333447,True,1.5672134724344684e-06,51808.70983254441,6.563918020153058,510.64628580923704,491.9190130819643,491.93813513950147,509.5214493574141,516.7941766301414,516.789006535776,121.42419073377044,121.42419073377044,121.305612422507,120.92547706671196,120.92547706671196,120.807385780514,6.563918020153058,6.563918020153058,6.563918020153058,-0.0018710444983867092,0.0018710444983867092,-1.2473629989244728,-5.684341886080802e-14,5.684341886080802e-14,-3.789561257387201e-11,-0.0004489805978238337,0.00022449029891191685,-0.2993203985492225,0.0,0.0,0.0,0.04377916415727423,0.13428905464801819,29.186109438182818,0.13428905464801819,False,0.011146290903529666,9.203178796867893e-05,0.012249516323931443,False
main_camera_x_mm,production_searchsorted,camera_x_mm,x,0.10450000000000001,0.10450000000000001,0.0345,0.0015,0.0055,0.005505376344086021,0.058651026392960576,514,466,562,97,8fdbbfaa20085196,0.10725268817204317,513.3286583333447,True,1.5701114710518234e-06,51904.5114397297,6.690509729299775,505.5078087759641,486.5078087759641,486.5322152127063,504.3139154721346,511.5866427448619,511.5865581328064,121.33071177093929,121.33071177093929,121.21222474772549,120.89739679757507,120.89739679757507,120.77933293351494,6.690509729299775,6.690509729299775,6.690509729299775,-0.09197257518957258,0.09197257518957258,-61.31505012638172,0.0,0.0,0.0,-0.07436612132508458,0.03718306066254229,-49.57741421672305,-1.4210854715202004e-14,7.105427357601002e-15,-9.473903143468002e-12,0.0,0.0,0.0,0.09197257518957258,False,0.01229043741212524,9.084376653512979e-05,0.05777550368184467,False
main_camera_x_mm,bilinear_intensity,camera_x_mm,x,0.10450000000000001,0.10450000000000001,0.0345,0.0015,0.0055,0.005505376344086021,0.058651026392960576,514,466,562,97,1a96edc062e5962b,0.10725268817204317,513.3286583333447,True,1.5670989833819172e-06,51804.9250704766,6.549413057196541,510.65554291349446,491.65554291349446,491.67492226611796,509.52144935741416,516.7941766301414,516.789006535776,121.42312750700671,121.42312750700671,121.30455023405065,120.92547706671196,120.92547706671196,120.807385780514,6.549413057196541,6.549413057196541,6.549413057196541,0.009257104257414994,0.009257104257414994,6.171402838276663,5.684341886080802e-14,5.684341886080802e-14,3.789561257387201e-11,-0.0010632267637333825,0.0005316133818666913,-0.7088178424889217,0.0,0.0,0.0,-0.01450496295651682,0.044196051541114736,-9.669975304344547,0.044196051541114736,False,0.011101424409755839,8.391211779460407e-05,0.010474825113431327,False
main_camera_x_mm,production_searchsorted,camera_x_mm,x,0.10600000000000001,0.10600000000000001,0.036000000000000004,0.0015,0.0055,0.005505376344086021,0.058651026392960576,514,466,562,97,bc5867062aa5d665,0.10875268817204338,513.3542333333447,True,1.5729216281390488e-06,51997.409194679305,6.690509729299775,504.9277583121724,485.65503103944513,485.68027026694557,504.3139154721346,511.5866427448619,511.5865581328064,121.3272447196911,121.3272447196911,121.20876108226952,120.89739679757508,120.89739679757508,120.77933293351495,6.690509729299775,6.690509729299775,6.690509729299775,-0.5800504637917356,0.5800504637917356,-386.70030919449044,0.0,0.0,0.0,-0.0034670512481937976,0.0017335256240968988,-2.3113674987958652,1.4210854715202004e-14,7.105427357601002e-15,9.473903143468002e-12,0.0,0.0,0.0,0.5800504637917356,False,0.011315942992640262,8.37214494489696e-05,0.06001151751592522,False
main_camera_x_mm,bilinear_intensity,camera_x_mm,x,0.10600000000000001,0.10600000000000001,0.036000000000000004,0.0015,0.0055,0.005505376344086021,0.058651026392960576,514,466,562,97,274674ac7ffbd04a,0.10875268817204338,513.3542333333447,True,1.5671764288627357e-06,51807.485251660684,6.511551880869886,510.65812855704115,491.38540128431384,491.4050444471221,509.5214493574141,516.7941766301414,516.789006535776,121.42585640545539,121.42585640545539,121.30727646755942,120.92547706671196,120.92547706671196,120.807385780514,6.511551880869886,6.511551880869886,6.511551880869886,0.0025856435466948824,0.0025856435466948824,1.723762364463255,-5.684341886080802e-14,5.684341886080802e-14,-3.789561257387201e-11,0.0027288984486801837,0.0013644492243400919,1.8192656324534557,0.0,0.0,0.0,-0.03786117632665498,0.11561700566450867,-25.240784217769985,0.11561700566450867,False,0.011084215562329473,9.286306284235122e-05,0.011757096880356853,False
main_camera_x_mm,production_searchsorted,camera_x_mm,x,0.10750000000000001,0.10750000000000001,0.037500000000000006,0.0015,0.0055,0.005505376344086021,0.058651026392960576,514,466,562,97,5a47252eae5f2662,0.11025268817204315,513.3798083333447,True,1.5658694525149878e-06,51764.27942198307,6.690509729299775,505.015943088892,485.4704885434375,485.49590798821924,504.3139154721346,511.58664274486193,511.5865581328064,121.15694263076242,121.15694263076242,121.03862530397456,120.89739679757511,120.89739679757511,120.77933293351495,6.690509729299775,6.690509729299775,6.690509729299775,0.0881847767196291,0.0881847767196291,58.789851146419394,0.0,0.0,0.0,-0.17030208892867904,0.08515104446433952,-113.53472595245269,2.842170943040401e-14,1.4210854715202004e-14,1.8947806286936004e-11,0.0,0.0,0.0,0.0881847767196291,False,0.014560579324013341,0.00010791982687303377,0.08539423282073834,False
main_camera_x_mm,bilinear_intensity,camera_x_mm,x,0.10750000000000001,0.10750000000000001,0.037500000000000006,0.0015,0.0055,0.005505376344086021,0.058651026392960576,514,466,562,97,1094e576e1d59115,0.11025268817204315,513.3798083333447,True,1.5672283175823622e-06,51809.20058123511,6.534574996147946,510.64768565140884,491.1022311059543,491.12215080213986,509.5214493574141,516.7941766301414,516.789006535776,121.422431523951,121.422431523951,121.30385493066588,120.92547706671193,120.92547706671193,120.80738578051397,6.534574996147946,6.534574996147946,6.534574996147946,-0.010442905632316979,0.010442905632316979,-6.961937088211319,0.0,0.0,0.0,-0.00342488150438669,0.001712440752193345,-2.283254336257793,-2.842170943040401e-14,1.4210854715202004e-14,-1.8947806286936004e-11,0.023023115278059336,0.07071467969317215,15.348743518706224,0.07071467969317215,False,0.011049106284124834,8.49660834710489e-05,0.010734707262843127,False
main_camera_x_mm,production_searchsorted,camera_x_mm,x,0.10900000000000001,0.10900000000000001,0.03900000000000001,0.0015,0.0055,0.005505376344086021,0.058651026392960576,514,466,562,97,8e76ef585308f8b7,0.11175268817204334,513.4053833333447,True,1.563433779835532e-06,51683.76131687709,6.690509729299775,505.4351166839088,485.616934865727,485.6422112965221,504.3139154721346,511.58664274486193,511.5865581328064,121.66254820088216,121.66254820088216,121.54373711865472,120.89739679757508,120.89739679757508,120.77933293351495,6.690509729299775,6.690509729299775,6.690509729299775,0.41917359501678675,0.41917359501678675,279.4490633445245,0.0,0.0,0.0,0.5056055701197408,0.2528027850598704,337.0703800798272,-2.842170943040401e-14,1.4210854715202004e-14,-1.8947806286936004e-11,0.0,0.0,0.0,0.41917359501678675,False,0.008373938399004454,6.17875272153083e-05,0.043859228049633936,False
main_camera_x_mm,bilinear_intensity,camera_x_mm,x,0.10900000000000001,0.10900000000000001,0.03900000000000001,0.0015,0.0055,0.005505376344086021,0.058651026392960576,514,466,562,97,bee8417457ec4dfa,0.11175268817204334,513.4053833333447,True,1.5671879109642557e-06,51807.86482526465,6.574789544555318,510.649914798901,490.8317329807192,490.8519168352302,509.52144935741416,516.7941766301414,516.789006535776,121.42258456031055,121.42258456031055,121.30400781757585,120.92547706671193,120.92547706671193,120.807385780514,6.574789544555318,6.574789544555318,6.574789544555318,0.002229147492187167,0.002229147492187167,1.486098328124778,5.684341886080802e-14,5.684341886080802e-14,3.789561257387201e-11,0.00015303635954921901,7.651817977460951e-05,0.10202423969947934,0.0,0.0,0.0,0.0402145484073726,0.12308236857356016,26.8096989382484,0.12308236857356016,False,0.011147507628040954,9.038130914319195e-05,0.011948051061473376,False
main_camera_x_mm,production_searchsorted,camera_x_mm,x,0.11050000000000001,0.11050000000000001,0.04050000000000001,0.0015,0.0055,0.005505376344086021,0.058651026392960576,514,466,562,97,38acf8293faf9f4d,0.1132526881720431,513.4309583333446,True,1.5690353485765671e-06,51868.93714302701,6.690509729299775,505.65744722793994,485.5665381370308,485.59186378338137,504.3139154721346,511.5866427448619,511.5865581328064,121.31773621071777,121.31773621071777,121.19926185894948,120.89739679757508,120.89739679757508,120.77933293351494,6.690509729299775,6.690509729299775,6.690509729299775,0.22233054403113783,0.22233054403113783,148.22036268742522,0.0,0.0,0.0,-0.3448119901643878,0.1724059950821939,-229.87466010959184,0.0,0.0,0.0,0.0,0.0,0.0,0.22233054403113783,False,0.007514198066225428,5.535764811650684e-05,0.04397830589310253,False
main_camera_x_mm,bilinear_intensity,camera_x_mm,x,0.11050000000000001,0.11050000000000001,0.04050000000000001,0.0015,0.0055,0.005505376344086021,0.058651026392960576,514,466,562,97,b755965df82c176a,0.1132526881720431,513.4309583333446,True,1.5670710529305659e-06,51804.001749770774,6.536928368228662,510.6610910447496,490.5701819538405,490.59062122927617,509.52144935741416,516.7941766301414,516.789006535776,121.42222426863732,121.42222426863732,121.30364787774995,120.92547706671196,120.92547706671196,120.807385780514,6.536928368228662,6.536928368228662,6.536928368228662,0.011176245848560029,0.011176245848560029,7.450830565706686,0.0,0.0,0.0,-0.00036029167323192723,0.00018014583661596362,-0.24019444882128482,2.842170943040401e-14,1.4210854715202004e-14,1.8947806286936004e-11,-0.037861176326655865,0.11517076271440284,-25.240784217770578,0.11517076271440284,False,0.011165720074953067,9.25637672739127e-05,0.01178006262566257,False
main_camera_x_mm,production_searchsorted,camera_x_mm,x,0.11200000000000002,0.11200000000000002,0.04200000000000001,0.0015,0.0055,0.005505376344086021,0.058651026392960576,514,466,562,97,728737738d9f4b92,0.1147526881720433,513.4565333333447,True,1.5728114841317214e-06,51993.768070470134,6.690509729299775,505.0238387996031,484.6602024359667,484.68641317577533,504.3139154721346,511.58664274486193,511.5865581328064,121.32134996011153,121.32134996011153,121.2028720792911,120.89739679757508,120.89739679757508,120.77933293351495,6.690509729299775,6.690509729299775,6.690509729299775,-0.6336084283368564,0.6336084283368564,-422.40561889123757,0.0,0.0,0.0,0.003613749393764465,0.0018068746968822325,2.4091662625096433,0.0,0.0,0.0,0.0,0.0,0.0,0.6336084283368564,False,0.010517021238014124,7.775726561446764e-05,0.05943842792953006,False
main_camera_x_mm,bilinear_intensity,camera_x_mm,x,0.11200000000000002,0.11200000000000002,0.04200000000000001,0.0015,0.0055,0.005505376344086021,0.058651026392960576,514,466,562,97,391b9fdd851688c1,0.1147526881720433,513.4565333333447,True,1.567206134332444e-06,51808.467250659305,6.505231972142832,510.65449921115527,490.29086284751895,490.31157489551936,509.52144935741416,516.7941766301415,516.789006535776,121.4242997236769,121.4242997236769,121.305721305978,120.92547706671198,120.92547706671198,120.807385780514,6.505231972142832,6.505231972142832,6.505231972142832,-0.006591833594313812,0.006591833594313812,-4.3945557295425415,0.0,0.0,0.0,0.002075455039573626,0.001037727519786813,1.383636693049084,1.4210854715202004e-14,7.105427357601002e-15,9.473903143468002e-12,-0.03169639608583008,0.09697642164746247,-21.13093072388672,0.09697642164746247,False,0.011038187504679725,9.066401143473769e-05,0.011312906404045767,False
main_camera_x_mm,production_searchsorted,camera_x_mm,x,0.11350000000000002,0.11350000000000002,0.04350000000000001,0.0015,0.0055,0.005505376344086021,0.058651026392960576,514,466,562,97,0470404f344cad96,0.11625268817204307,513.4821083333447,True,1.5692706475226453e-06,51876.715620583316,6.690509729299775,505.4815392612045,484.84517562484086,484.87120572676974,504.3139154721346,511.58664274486193,511.5865581328064,121.41002976341514,121.41002976341514,121.29146528122432,120.89739679757508,120.89739679757508,120.77933293351495,6.690509729299775,6.690509729299775,6.690509729299775,0.4577004616014051,0.4577004616014051,305.1336410676034,0.0,0.0,0.0,0.08867980330360581,0.044339901651802904,59.11986886907054,0.0,0.0,0.0,0.0,0.0,0.0,0.4577004616014051,False,0.016624496584136363,0.0001232085015539236,0.08776579321951593,False
main_camera_x_mm,bilinear_intensity,camera_x_mm,x,0.11350000000000002,0.11350000000000002,0.04350000000000001,0.0015,0.0055,0.005505376344086021,0.058651026392960576,514,466,562,97,36cead3d3a6af488,0.11625268817204307,513.4821083333447,True,1.5672167086346359e-06,51808.81681436813,6.549011136300107,510.64844194286457,490.01207830650094,490.0330626050297,509.52144935741416,516.7941766301414,516.789006535776,121.4220023172698,121.4220023172698,121.30342614313184,120.92547706671193,120.92547706671193,120.80738578051397,6.549011136300107,6.549011136300107,6.549011136300107,-0.006057268290703632,0.006057268290703632,-4.038178860469088,0.0,0.0,0.0,-0.0022974064070950817,0.0011487032035475409,-1.531604271396721,-4.263256414560601e-14,2.1316282072803006e-14,-2.8421709430404007e-11,0.04377916415727512,0.13459678100565628,29.18610943818341,0.13459678100565628,False,0.011087809614368324,9.187655412872974e-05,0.012180706325135456,False
main_camera_x_mm,production_searchsorted,camera_x_mm,x,0.11500000000000002,0.11500000000000002,0.04500000000000001,0.0015,0.0055,0.005505376344086021,0.058651026392960576,514,466,562,97,29c7a81cce2419d9,0.11775268817204326,513.5076833333447,True,1.5680410194209088e-06,51836.06675771599,6.690509729299775,505.1802961095714,484.27120520048044,484.2977958204018,504.3139154721346,511.5866427448619,511.5865581328064,121.1809702305812,121.1809702305812,121.06262943934038,120.89739679757508,120.89739679757508,120.77933293351494,6.690509729299775,6.690509729299775,6.690509729299775,-0.3012431516331162,0.3012431516331162,-200.8287677554108,0.0,0.0,0.0,-0.22905953283394354,0.11452976641697177,-152.706355222629,0.0,0.0,0.0,0.0,0.0,0.0,0.3012431516331162,False,0.011413479349798656,8.439785520682613e-05,0.05672510519844298,False
main_camera_x_mm,bilinear_intensity,camera_x_mm,x,0.11500000000000002,0.11500000000000002,0.04500000000000001,0.0015,0.0055,0.005505376344086021,0.058651026392960576,514,466,562,97,6c2321ac44829588,0.11775268817204326,513.5076833333447,True,1.5671237417515635e-06,51805.743528977306,6.562304855587271,510.65346927640826,489.7443783673173,489.765624091568,509.5214493574141,516.7941766301414,516.789006535776,121.42156870407199,121.42156870407199,121.3029929533844,120.92547706671196,120.92547706671196,120.807385780514,6.562304855587271,6.562304855587271,6.562304855587271,0.0050273335436941124,0.0050273335436941124,3.351555695796075,-5.684341886080802e-14,5.684341886080802e-14,-3.789561257387201e-11,-0.0004336131978135427,0.00021680659890677134,-0.28907546520902844,2.842170943040401e-14,1.4210854715202004e-14,1.8947806286936004e-11,0.013293719287164052,0.04059763836246703,8.862479524776035,0.04059763836246703,False,0.011082656348204118,8.410352923036571e-05,0.010440285913089624,False
main_camera_x_mm,production_searchsorted,camera_x_mm,x,0.11650000000000002,0.11650000000000002,0.046500000000000014,0.0015,0.0055,0.005505376344086021,0.058651026392960576,514,466,562,97,de1f1038219b316e,0.11925268817204304,513.5332583333447,True,1.5734264050616752e-06,52014.09603509671,6.690509729299775,505.1547221057207,483.9729039239025,483.9997858536643,504.3139154721346,511.5866427448619,511.5865581328064,121.57446008097271,121.57446008097271,121.45573502229989,120.89739679757507,120.89739679757507,120.77933293351495,6.690509729299775,6.690509729299775,6.690509729299775,-0.02557400385069286,0.02557400385069286,-17.04933590046191,0.0,0.0,0.0,0.39348985039151785,0.19674492519575892,262.3265669276786,-1.4210854715202004e-14,7.105427357601002e-15,-9.473903143468002e-12,0.0,0.0,0.0,0.19674492519575892,False,0.00991565065048679,7.326459241439407e-05,0.05821620116826415,False
main_camera_x_mm,bilinear_intensity,camera_x_mm,x,0.11650000000000002,0.11650000000000002,0.046500000000000014,0.0015,0.0055,0.005505376344086021,0.058651026392960576,514,466,562,97,8b4c42844565cc19,0.11925268817204304,513.5332583333447,True,1.567123437283563e-06,51805.73346391944,6.524443679260783,510.66203261565175,489.48021443383357,489.5017181306755,509.52144935741416,516.7941766301415,516.789006535776,121.4230090564719,121.4230090564719,121.30443189919019,120.92547706671196,120.92547706671196,120.807385780514,6.524443679260783,6.524443679260783,6.524443679260783,0.008563339243494283,0.008563339243494283,5.708892828996189,5.684341886080802e-14,5.684341886080802e-14,3.789561257387201e-11,0.0014403523999106937,0.0007201761999553469,0.9602349332737958,0.0,0.0,0.0,-0.037861176326488,0.11538987340477566,-25.240784217658668,0.11538987340477566,False,0.011140760537517601,9.283294354234985e-05,0.01178679134232599,False
main_camera_x_mm,production_searchsorted,camera_x_mm,x,0.11800000000000002,0.11800000000000002,0.048000000000000015,0.0015,0.0055,0.005505376344086021,0.058651026392960576,514,466,562,97,06ac081b5659fd6a,0.12075268817204324,513.5588333333446,True,1.5673960412478653e-06,51814.74516521869,6.690509729299775,505.6711761956429,484.21663074109745,484.2432746563893,504.3139154721346,511.58664274486193,511.5865581328064,121.03725046558955,121.03725046558955,120.91905002568174,120.89739679757507,120.89739679757507,120.77933293351494,6.690509729299775,6.690509729299775,6.690509729299775,0.5164540899222061,0.5164540899222061,344.30272661480404,0.0,0.0,0.0,-0.537209615383162,0.268604807691581,-358.1397435887747,0.0,0.0,0.0,0.0,0.0,0.0,0.5164540899222061,False,0.007212587217750723,5.347527334494753e-05,0.049794005737872224,False
main_camera_x_mm,bilinear_intensity,camera_x_mm,x,0.11800000000000002,0.11800000000000002,0.048000000000000015,0.0015,0.0055,0.005505376344086021,0.058651026392960576,514,466,562,97,0caf77f8489067e1,0.12075268817204324,513.5588333333446,True,1.5672430013919078e-06,51809.685996426706,6.5196681122951885,510.65104659505914,489.19650114051365,489.2182819011186,509.52144935741416,516.7941766301415,516.789006535776,121.4221887389212,121.4221887389212,121.30361238273082,120.92547706671196,120.92547706671196,120.807385780514,6.5196681122951885,6.5196681122951885,6.5196681122951885,-0.010986020592611112,0.010986020592611112,-7.324013728407408,0.0,0.0,0.0,-0.0008203175507048854,0.0004101587753524427,-0.5468783671365903,0.0,0.0,0.0,-0.004775566965594891,0.014639001270790217,-3.183711310396594,0.014639001270790217,False,0.011023671942188592,8.340017436849543e-05,0.010194477748503676,False
main_camera_x_mm,production_searchsorted,camera_x_mm,x,0.11950000000000002,0.11950000000000002,0.049500000000000016,0.0015,0.0055,0.005505376344086021,0.058651026392960576,514,466,562,97,c32dde3e1f18218d,0.122252688172043,513.5844083333448,True,1.5687018088772607e-06,51857.91103726482,6.690509729299775,505.6073665920716,483.88009386479894,483.9070664293841,504.3139154721346,511.58664274486193,511.5865581328064,121.40085548221089,121.40085548221089,121.28229995927903,120.89739679757511,120.89739679757511,120.77933293351495,6.690509729299775,6.690509729299775,6.690509729299775,-0.06380960357125787,0.06380960357125787,-42.53973571417191,0.0,0.0,0.0,0.36360501662133515,0.18180250831066758,242.40334441422343,4.263256414560601e-14,2.1316282072803006e-14,2.8421709430404007e-11,0.0,0.0,0.0,0.18180250831066758,False,0.012712001642468222,9.388758907051218e-05,0.07491418235972198,False
main_camera_x_mm,bilinear_intensity,camera_x_mm,x,0.11950000000000002,0.11950000000000002,0.049500000000000016,0.0015,0.0055,0.005505376344086021,0.058651026392960576,514,466,562,97,3386745a894700b1,0.122252688172043,513.5844083333448,True,1.5672087915897044e-06,51808.55509387453,6.563447276452463,510.64921238971016,488.92193966243747,488.9439885494859,509.52144935741416,516.7941766301415,516.789006535776,121.42157397638925,121.42157397638925,121.30299822055294,120.92547706671196,120.92547706671196,120.80738578051397,6.563447276452463,6.563447276452463,6.563447276452463,-0.0018342053489845966,0.0018342053489845966,-1.2228035659897312,0.0,0.0,0.0,-0.0006147625319385952,0.0003073812659692976,-0.40984168795906345,0.0,0.0,0.0,0.04377916415727423,0.13429875080516077,29.186109438182818,0.13429875080516077,False,0.011144843482793907,9.203408934028171e-05,0.012248511365598274,False
main_camera_x_mm,production_searchsorted,camera_x_mm,x,0.12100000000000002,0.12100000000000002,0.05100000000000002,0.0015,0.0055,0.005505376344086021,0.058651026392960576,514,466,562,97,38d64e5ab977bf59,0.1237526881720432,513.6099833333448,True,1.5701053320472304e-06,51904.308497429105,6.690509729299775,505.50803242525933,483.50803242525933,483.535368331094,504.3139154721346,511.5866427448619,511.5865581328064,121.32741725597374,121.32741725597374,121.20893345005969,120.89739679757511,120.89739679757511,120.77933293351495,6.690509729299775,6.690509729299775,6.690509729299775,-0.09933416681229801,0.09933416681229801,-66.22277787486534,0.0,0.0,0.0,-0.07343822623714402,0.03671911311857201,-48.95881749142935,0.0,0.0,0.0,0.0,0.0,0.0,0.09933416681229801,False,0.012358268756878725,9.135104801699312e-05,0.057782324682786206,False
main_camera_x_mm,bilinear_intensity,camera_x_mm,x,0.12100000000000002,0.12100000000000002,0.05100000000000002,0.0015,0.0055,0.005505376344086021,0.058651026392960576,514,466,562,97,56f1e5a1a0b7cf72,0.1237526881720432,513.6099833333448,True,1.5670949251645994e-06,51804.79091453221,6.549820166619392,510.65832627154333,488.65832627154333,488.68063259354375,509.52144935741416,516.7941766301414,516.789006535776,121.42049810377091,121.42049810377091,121.30192339859143,120.92547706671196,120.92547706671196,120.807385780514,6.549820166619392,6.549820166619392,6.549820166619392,0.009113881833172854,0.009113881833172854,6.0759212221152366,0.0,0.0,0.0,-0.0010758726183439649,0.0005379363091719824,-0.7172484122293099,0.0,0.0,0.0,-0.013627109833071138,0.041524245595636375,-9.084739888714092,0.041524245595636375,False,0.011099047465297334,8.377328266723119e-05,0.010447044269041916,False
main_camera_x_mm,production_searchsorted,camera_x_mm,x,0.12250000000000003,0.12250000000000003,0.05250000000000002,0.0015,0.0055,0.005505376344086021,0.058651026392960576,514,466,562,97,ef6569db865fa1dc,0.1252526881720434,513.6355583333448,True,1.5728111864424633e-06,51993.75822950292,6.690509729299775,504.93213397684514,482.6594067041178,482.68757134600827,504.3139154721346,511.5866427448619,511.5865581328064,121.32692491547328,121.32692491547328,121.2084415903605,120.89739679757507,120.89739679757507,120.77933293351494,6.690509729299775,6.690509729299775,6.690509729299775,-0.5758984484141934,0.5758984484141934,-383.93229894279557,0.0,0.0,0.0,-0.0004923405004575443,0.00024617025022877215,-0.32822700030502955,-4.263256414560601e-14,2.1316282072803006e-14,-2.8421709430404007e-11,0.0,0.0,0.0,0.5758984484141934,False,0.011249556858385369,8.322996359929626e-05,0.06000524180344608,False
main_camera_x_mm,bilinear_intensity,camera_x_mm,x,0.12250000000000003,0.12250000000000003,0.05250000000000002,0.0015,0.0055,0.005505376344086021,0.058651026392960576,514,466,562,97,abb4ae421006e2b8,0.1252526881720434,513.6355583333448,True,1.5671705541047362e-06,51807.291044784666,6.511958990292735,510.6612074139847,488.3884801412574,488.4110499848694,509.52144935741416,516.7941766301414,516.789006535776,121.42322317762189,121.42322317762189,121.30464581123748,120.92547706671196,120.92547706671196,120.807385780514,6.511958990292735,6.511958990292735,6.511958990292735,0.0028811424413675013,0.0028811424413675013,1.9207616275783341,0.0,0.0,0.0,0.002725073850982085,0.0013625369254910424,1.816715900654723,0.0,0.0,0.0,-0.037861176326656754,0.11560981939508219,-25.240784217771168,0.11560981939508219,False,0.011085801519875283,9.286296455257275e-05,0.01175766284072192,False
main_camera_x_mm,production_searchsorted,camera_x_mm,x,0.12400000000000003,0.12400000000000003,0.05400000000000002,0.0015,0.0055,0.005505376344086021,0.058651026392960576,514,466,562,97,cacf0a2d8acdbea6,0.12675268817204316,513.6611333333448,True,1.5658633135103957e-06,51764.0764796825,6.690509729299775,505.01617122168705,482.4707166762325,482.4990655857283,504.3139154721346,511.5866427448619,511.5865581328064,121.15366085003146,121.15366085003146,121.03534672810758,120.89739679757508,120.89739679757508,120.77933293351494,6.690509729299775,6.690509729299775,6.690509729299775,0.08403724484190889,0.08403724484190889,56.02482989460592,0.0,0.0,0.0,-0.1732640654418276,0.0866320327209138,-115.5093769612184,1.4210854715202004e-14,7.105427357601002e-15,9.473903143468002e-12,0.0,0.0,0.0,0.0866320327209138,False,0.014627917850080788,0.00010841131272270711,0.0853987543893612,False
main_camera_x_mm,bilinear_intensity,camera_x_mm,x,0.12400000000000003,0.12400000000000003,0.05400000000000002,0.0015,0.0055,0.005505376344086021,0.058651026392960576,514,466,562,97,36b3370b30548d67,0.12675268817204316,513.6611333333448,True,1.5672239767861816e-06,51809.057083840715,6.534104252447349,510.650658676358,488.1052041309034,488.12805061124436,509.52144935741416,516.7941766301414,516.789006535776,121.41975299663302,121.41975299663302,121.30117901909725,120.92547706671196,120.92547706671196,120.807385780514,6.534104252447349,6.534104252447349,6.534104252447349,-0.010548737626720595,0.010548737626720595,-7.032491751147063,0.0,0.0,0.0,-0.0034701809888701973,0.0017350904944350987,-2.3134539925801314,0.0,0.0,0.0,0.022145262154614542,0.06801413272910994,14.763508103076362,0.06801413272910994,False,0.011048527876336992,8.48725567549935e-05,0.010691426584036417,False
main_camera_x_mm,production_searchsorted,camera_x_mm,x,0.1255,0.1255,0.055499999999999994,0.0015,0.0055,0.005505376344086021,0.058651026392960576,514,466,562,97,d14394fb4f3e9577,0.12825268817204336,513.6867083333447,True,1.5626123421900307e-06,51656.60635338945,6.690509729299775,505.5573747994196,482.7391929812378,482.767279706842,504.3139154721346,511.5866427448619,511.5865581328064,121.57363196426164,121.57363196426164,121.45490771429651,120.89739679757508,120.89739679757508,120.77933293351495,6.690509729299775,6.690509729299775,6.690509729299775,0.5412035777325741,0.5412035777325741,360.8023851550494,0.0,0.0,0.0,0.4199711142301794,0.2099855571150897,279.9807428201196,0.0,0.0,0.0,0.0,0.0,0.0,0.5412035777325741,False,0.0078533008527841,5.7945749619681936e-05,0.04333137136926014,False
main_camera_x_mm,bilinear_intensity,camera_x_mm,x,0.1255,0.1255,0.055499999999999994,0.0015,0.0055,0.005505376344086021,0.058651026392960576,514,466,562,97,3fbbd2529f3c7f62,0.12825268817204336,513.6867083333447,True,1.5671857818442847e-06,51807.79444113338,6.575196653978168,510.6527591520783,487.8345773338965,487.85768809821883,509.52144935741416,516.7941766301415,516.789006535776,121.41986675461956,121.41986675461956,121.30129266599201,120.92547706671196,120.92547706671196,120.807385780514,6.575196653978168,6.575196653978168,6.575196653978168,0.0021004757203400004,0.0021004757203400004,1.4003171468933335,0.0,0.0,0.0,0.00011375798654000846,5.687899327000423e-05,0.07583865769333897,0.0,0.0,0.0,0.04109240153081828,0.12577822435394143,27.394934353878853,0.12577822435394143,False,0.011149293096520616,9.072561765096703e-05,0.012017173724898782,False
main_camera_x_mm,production_searchsorted,camera_x_mm,x,0.127,0.127,0.056999999999999995,0.0015,0.0055,0.005505376344086021,0.058651026392960576,514,466,562,97,795e5eb9c62347e9,0.12975268817204313,513.7122833333448,True,1.5690292095719748e-06,51868.73420072644,6.690509729299775,505.65766935909494,482.5667602681858,482.5950153851114,504.3139154721346,511.58664274486193,511.5865581328064,121.31446352410475,121.31446352410475,121.19599236831948,120.89739679757508,120.89739679757508,120.77933293351494,6.690509729299775,6.690509729299775,6.690509729299775,0.1002945596753193,0.1002945596753193,66.8630397835462,0.0,0.0,0.0,-0.2591684401568841,0.12958422007844206,-172.7789601045894,0.0,0.0,0.0,0.0,0.0,0.0,0.12958422007844206,False,0.008039901763743171,5.919942571213319e-05,0.04450418122891589,False
main_camera_x_mm,bilinear_intensity,camera_x_mm,x,0.127,0.127,0.056999999999999995,0.0015,0.0055,0.005505376344086021,0.058651026392960576,514,466,562,97,b17a10aeeae84137,0.12975268817204313,513.7122833333448,True,1.5670655605272003e-06,51803.82018271737,6.537335477651512,510.66404312975715,487.5731340388481,487.59650011888823,509.52144935741416,516.7941766301414,516.789006535776,121.41942196039771,121.41942196039771,121.3008483061395,120.92547706671193,120.92547706671193,120.807385780514,6.537335477651512,6.537335477651512,6.537335477651512,0.01128397767882916,0.01128397767882916,7.522651785886106,0.0,0.0,0.0,-0.00044479422184906525,0.00022239711092453263,-0.29652948123271017,-2.842170943040401e-14,1.4210854715202004e-14,-1.8947806286936004e-11,-0.037861176326655865,0.11516363180939646,-25.240784217770578,0.11516363180939646,False,0.011165632116388853,9.255135834777573e-05,0.011779452681136542,False
main_camera_x_mm,production_searchsorted,camera_x_mm,x,0.1285,0.1285,0.058499999999999996,0.0015,0.0055,0.005505376344086021,0.058651026392960576,514,466,562,97,7d7da092cb827256,0.13125268817204333,513.7378583333447,True,1.5728080895132935e-06,51993.65585167913,6.690509729299775,505.02334473433,481.65970837069364,481.68884928048783,504.3139154721346,511.58664274486193,511.5865581328064,121.31917713182386,121.31917713182386,121.20070137290607,120.89739679757508,120.89739679757508,120.77933293351495,6.690509729299775,6.690509729299775,6.690509729299775,-0.634324624764929,0.634324624764929,-422.8830831766193,0.0,0.0,0.0,0.0047136077191112236,0.0023568038595556118,3.142405146074149,0.0,0.0,0.0,0.0,0.0,0.0,0.634324624764929,False,0.01051531328885254,7.774433376256439e-05,0.05943842358467915,False
main_camera_x_mm,bilinear_intensity,camera_x_mm,x,0.1285,0.1285,0.058499999999999996,0.0015,0.0055,0.005505376344086021,0.058651026392960576,514,466,562,97,1819c2237c00e082,0.13125268817204333,513.7378583333447,True,1.5671999032810453e-06,51808.261265489105,6.504761228442237,510.6576219238317,487.2939855601954,487.31762424617165,509.52144935741416,516.7941766301414,516.789006535776,121.42155945466409,121.42155945466409,121.30298371300911,120.92547706671196,120.92547706671196,120.807385780514,6.504761228442237,6.504761228442237,6.504761228442237,-0.006421205925448703,0.006421205925448703,-4.280803950299135,0.0,0.0,0.0,0.002137494266378326,0.001068747133189163,1.4249961775855506,2.842170943040401e-14,1.4210854715202004e-14,1.8947806286936004e-11,-0.032574249209274875,0.09965604280408422,-21.716166139516584,0.09965604280408422,False,0.011039120951991763,9.099236252866461e-05,0.011372792233678621,False
main_camera_x_mm,production_searchsorted,camera_x_mm,x,0.13,0.13,0.06,0.0015,0.0055,0.005505376344086021,0.058651026392960576,514,466,562,97,2e8fa6e8b46bbbed,0.13275268817204308,513.7634333333447,True,1.569264508518053e-06,51876.51267828274,6.690509729299775,505.4817580973501,481.8453944609865,481.87435403670816,504.3139154721346,511.58664274486193,511.5865581328064,121.40677914903645,121.40677914903645,121.2882178412737,120.89739679757508,120.89739679757508,120.77933293351495,6.690509729299775,6.690509729299775,6.690509729299775,0.4584133630200995,0.4584133630200995,305.60890868006635,0.0,0.0,0.0,0.08760201721258909,0.043801008606294545,58.40134480839272,0.0,0.0,0.0,0.0,0.0,0.0,0.4584133630200995,False,0.016626277360828577,0.00012322143340582684,0.08776579552273002,False
main_camera_x_mm,bilinear_intensity,camera_x_mm,x,0.13,0.13,0.06,0.0015,0.0055,0.005505376344086021,0.058651026392960576,514,466,562,97,c997caa4fdf7db4d,0.13275268817204308,513.7634333333447,True,1.5672117879565792e-06,51808.65414732493,6.548540392599512,510.6514164395339,487.01505280317025,487.03896388441717,509.5214493574141,516.7941766301414,516.789006535776,121.41919594647293,121.41919594647293,121.30062251293144,120.92547706671196,120.92547706671196,120.80738578051397,6.548540392599512,6.548540392599512,6.548540392599512,-0.00620548429782275,0.00620548429782275,-4.1369895318818335,-5.684341886080802e-14,5.684341886080802e-14,-3.789561257387201e-11,-0.0023635081911663747,0.0011817540955831873,-1.5756721274442498,0.0,0.0,0.0,0.04377916415727512,0.13460652165324558,29.18610943818341,0.13460652165324558,False,0.011086067142593196,9.186753664616564e-05,0.012178445622666897,False
main_camera_x_mm,production_searchsorted,camera_x_mm,x,0.1315,0.1315,0.0615,0.0015,0.0055,0.005505376344086021,0.058651026392960576,514,466,562,97,438fde3c9434bc14,0.13425268817204328,513.7890083333447,True,1.5680348804163158e-06,51835.8638154154,6.690509729299775,505.18051516983667,481.2714242607458,481.3009443542411,504.3139154721346,511.5866427448619,511.5865581328064,121.17772495331711,121.17772495331711,121.05938733129237,120.89739679757508,120.89739679757508,120.77933293351495,6.690509729299775,6.690509729299775,6.690509729299775,-0.3012429275134423,0.3012429275134423,-200.82861834229485,0.0,0.0,0.0,-0.2290541957193426,0.1145270978596713,-152.7027971462284,0.0,0.0,0.0,0.0,0.0,0.0,0.3012429275134423,False,0.011413523999634145,8.439785520682613e-05,0.056725105238531054,False
main_camera_x_mm,bilinear_intensity,camera_x_mm,x,0.1315,0.1315,0.0615,0.0015,0.0055,0.005505376344086021,0.058651026392960576,514,466,562,97,d28de67a97a4a2b9,0.13425268817204328,513.7890083333447,True,1.5671199129427939e-06,51805.61695678657,6.562711965010288,510.6563878635846,486.74729695449366,486.7714695160615,509.52144935741416,516.7941766301415,516.789006535776,121.41879449635805,121.41879449635805,121.30022145485769,120.92547706671193,120.92547706671193,120.80738578051397,6.562711965010288,6.562711965010288,6.562711965010288,0.004971424050722817,0.004971424050722817,3.314282700481878,5.684341886080802e-14,5.684341886080802e-14,3.789561257387201e-11,-0.00040145011487879856,0.00020072505743939928,-0.26763340991919904,-2.842170943040401e-14,1.4210854715202004e-14,-1.8947806286936004e-11,0.014171572410775823,0.043281621739070526,9.447714940517216,0.043281621739070526,False,0.011084639600692631,8.4184400330694e-05,0.010467508093841517,False
main_camera_x_mm,production_searchsorted,camera_x_mm,x,0.133,0.133,0.063,0.0015,0.0055,0.005505376344086021,0.058651026392960576,514,466,562,97,a40aa36408e9e528,0.13575268817204306,513.8145833333447,True,1.573420266057083e-06,52013.893092796134,6.690509729299775,505.1549292150044,480.9731110331862,481.00292244819286,504.3139154721346,511.58664274486193,511.5865581328064,121.57124561785801,121.57124561785801,121.45252369830935,120.89739679757508,120.89739679757508,120.77933293351495,6.690509729299775,6.690509729299775,6.690509729299775,-0.0255859548322519,0.0255859548322519,-17.057303221501268,0.0,0.0,0.0,0.39352066454090107,0.19676033227045053,262.34710969393404,0.0,0.0,0.0,0.0,0.0,0.0,0.19676033227045053,False,0.00991568947119521,7.326459241439407e-05,0.0582162012094593,False
main_camera_x_mm,bilinear_intensity,camera_x_mm,x,0.133,0.133,0.063,0.0015,0.0055,0.005505376344086021,0.058651026392960576,514,466,562,97,83a8feb349199419,0.13575268817204306,513.8145833333447,True,1.5671149603337198e-06,51805.45323417256,6.524850788683633,510.66502553151423,486.48320734969604,486.50763781126864,509.52144935741416,516.7941766301414,516.789006535776,121.42013755777585,121.42013755777585,121.30156320469209,120.92547706671196,120.92547706671196,120.807385780514,6.524850788683633,6.524850788683633,6.524850788683633,0.008637667929633608,0.008637667929633608,5.758445286422405,0.0,0.0,0.0,0.0013430614177991629,0.0006715307088995814,0.8953742785327752,2.842170943040401e-14,1.4210854715202004e-14,1.8947806286936004e-11,-0.03786117632665498,0.1153827153424236,-25.240784217769985,0.1153827153424236,False,0.01114233464745745,9.282255962221955e-05,0.011786497685257493,False
main_camera_x_mm,production_searchsorted,camera_x_mm,x,0.1345,0.1345,0.0645,0.0015,0.0055,0.005505376344086021,0.058651026392960576,514,466,562,97,a5bf368b73681ec6,0.13725268817204325,513.8401583333448,True,1.5673899022432723e-06,51814.5422229181,6.690509729299775,505.6713963390387,481.2168508844933,481.24642427230134,504.3139154721346,511.5866427448619,511.5865581328064,121.03400085608229,121.03400085608229,120.91580358962126,120.89739679757511,120.89739679757511,120.77933293351495,6.690509729299775,6.690509729299775,6.690509729299775,0.5164671240343068,0.5164671240343068,344.31141602287124,0.0,0.0,0.0,-0.5372447617757246,0.2686223808878623,-358.1631745171497,2.842170943040401e-14,1.4210854715202004e-14,1.8947806286936004e-11,0.0,0.0,0.0,0.5164671240343068,False,0.007212615359059824,5.347527334494753e-05,0.04979400577278728,False
main_camera_x_mm,bilinear_intensity,camera_x_mm,x,0.1345,0.1345,0.0645,0.0015,0.0055,0.005505376344086021,0.058651026392960576,514,466,562,97,66fde0b76a50d328,0.13725268817204325,513.8401583333448,True,1.567237412874244e-06,51809.501252041126,6.519197368594399,510.6540319293679,486.1994864748224,486.2241940075618,509.52144935741416,516.7941766301415,516.789006535776,121.4194418591473,121.4194418591473,121.30086818545672,120.92547706671196,120.92547706671196,120.807385780514,6.519197368594399,6.519197368594399,6.519197368594399,-0.010993602146356807,0.010993602146356807,-7.329068097571204,0.0,0.0,0.0,-0.0006956986285473477,0.0003478493142736738,-0.46379908569823175,0.0,0.0,0.0,-0.005653420089234196,0.017328886965627465,-3.7689467261561305,0.017328886965627465,False,0.011023717398901116,8.338852002915623e-05,0.010207190929386099,False
main_camera_x_mm,production_searchsorted,camera_x_mm,x,0.136,0.136,0.066,0.0015,0.0055,0.005505376344086021,0.058651026392960576,514,466,562,97,b5186ca9da488be6,0.13875268817204303,513.8657333333447,True,1.5686956698726684e-06,51857.70809496425,6.690509729299775,505.60758279417524,480.8803100669025,480.9102121078528,504.3139154721346,511.5866427448619,511.5865581328064,121.39762845435742,121.39762845435742,121.27907608281996,120.89739679757508,120.89739679757508,120.77933293351494,6.690509729299775,6.690509729299775,6.690509729299775,-0.06381354486347846,0.06381354486347846,-42.54236324231897,0.0,0.0,0.0,0.36362759827513,0.181813799137565,242.41839885008667,-2.842170943040401e-14,1.4210854715202004e-14,-1.8947806286936004e-11,0.0,0.0,0.0,0.181813799137565,False,0.012712051431634501,9.388758907051218e-05,0.07491418241252149,False
main_camera_x_mm,bilinear_intensity,camera_x_mm,x,0.136,0.136,0.066,0.0015,0.0055,0.005505376344086021,0.058651026392960576,514,466,562,97,226ec548c681b727,0.13875268817204303,513.8657333333447,True,1.5672035330053687e-06,51808.381256375826,6.562976532751868,510.6522355867977,485.92496285952495,485.94993848173243,509.5214493574141,516.7941766301414,516.789006535776,121.41866153403566,121.41866153403566,121.3000886223813,120.92547706671196,120.92547706671196,120.807385780514,6.562976532751868,6.562976532751868,6.562976532751868,-0.0017963425701736924,0.0017963425701736924,-1.1975617134491283,-5.684341886080802e-14,5.684341886080802e-14,-3.789561257387201e-11,-0.0007803251116342835,0.00039016255581714177,-0.5202167410895223,0.0,0.0,0.0,0.04377916415746963,0.13430844836320344,29.186109438313085,0.13430844836320344,False,0.011143388232711382,9.203629192841925e-05,0.012247515639762294,False
main_camera_x_mm,production_searchsorted,camera_x_mm,x,0.1375,0.1375,0.0675,0.0015,0.0055,0.005505376344086021,0.058651026392960576,514,466,562,97,440eb0316771a99b,0.14025268817204323,513.8913083333447,True,1.5700991930426383e-06,51904.10555512854,6.690509729299775,505.5082443579287,480.5082443579287,480.5385097442978,504.3139154721346,511.58664274486193,511.5865581328064,121.32420051939992,121.32420051939992,121.2057198548302,120.89739679757507,120.89739679757507,120.77933293351494,6.690509729299775,6.690509729299775,6.690509729299775,-0.09933843624656902,0.09933843624656902,-66.22562416437934,0.0,0.0,0.0,-0.07342793495749333,0.03671396747874667,-48.95195663832889,-1.4210854715202004e-14,7.105427357601002e-15,-9.473903143468002e-12,0.0,0.0,0.0,0.09933843624656902,False,0.012358317120286687,9.135104801699312e-05,0.057782324723622616,False
main_camera_x_mm,bilinear_intensity,camera_x_mm,x,0.1375,0.1375,0.0675,0.0015,0.0055,0.005505376344086021,0.058651026392960576,514,466,562,97,96cca204cb67054f,0.14025268817204323,513.8913083333447,True,1.567090270303069e-06,51804.6370348122,6.550227276042409,510.66120481104304,485.66120481104304,485.6864380094697,509.52144935741416,516.7941766301414,516.789006535776,121.41757366359423,121.41757366359423,121.29900181431336,120.92547706671196,120.92547706671196,120.807385780514,6.550227276042409,6.550227276042409,6.550227276042409,0.008969224245333862,0.008969224245333862,5.979482830222575,5.684341886080802e-14,5.684341886080802e-14,3.789561257387201e-11,-0.001087870441438099,0.0005439352207190495,-0.7252469609587328,0.0,0.0,0.0,-0.012749256709459367,0.038852056367520114,-8.49950447297291,0.038852056367520114,False,0.011096686660010437,8.3635213531819e-05,0.010420943061947368,False
main_camera_x_mm,production_searchsorted,camera_x_mm,x,0.139,0.139,0.069,0.0015,0.0055,0.005505376344086021,0.058651026392960576,514,466,562,97,42d53d6df0be32b6,0.14175268817204342,513.9168833333447,True,1.5728050474378707e-06,51993.55528720234,6.690509729299775,504.93233718736985,479.6596099146426,479.6907040455852,504.3139154721346,511.58664274486193,511.5865581328064,121.3237356436169,121.3237356436169,121.20525543302743,120.89739679757508,120.89739679757508,120.77933293351494,6.690509729299775,6.690509729299775,6.690509729299775,-0.5759071705588212,0.5759071705588212,-383.9381137058808,0.0,0.0,0.0,-0.0004648757830238992,0.0002324378915119496,-0.3099171886825995,1.4210854715202004e-14,7.105427357601002e-15,9.473903143468002e-12,0.0,0.0,0.0,0.5759071705588212,False,0.01124960084355619,8.322996359929626e-05,0.06000524184589601,False
main_camera_x_mm,bilinear_intensity,camera_x_mm,x,0.139,0.139,0.069,0.0015,0.0055,0.005505376344086021,0.058651026392960576,514,466,562,97,ce4690e39c93a402,0.14175268817204342,513.9168833333447,True,1.5671640877940515e-06,51807.07728244799,6.512366099715585,510.66438103420927,485.391653761482,485.4171501933555,509.52144935741416,516.7941766301415,516.789006535776,121.42029521219001,121.42029521219001,121.30172070514685,120.92547706671196,120.92547706671196,120.807385780514,6.512366099715585,6.512366099715585,6.512366099715585,0.003176223166235559,0.003176223166235559,2.117482110823706,0.0,0.0,0.0,0.0027215485957867713,0.0013607742978933857,1.8143657305245142,0.0,0.0,0.0,-0.03786117632682373,0.11560263401943856,-25.24078421788249,0.11560263401943856,False,0.01108739495601474,9.286287496559437e-05,0.011758284937507666,False
main_camera_x_mm,production_searchsorted,camera_x_mm,x,0.1405,0.1405,0.07050000000000001,0.0015,0.0055,0.005505376344086021,0.058651026392960576,514,466,562,97,99149340fc786c62,0.14325268817204317,513.9424583333447,True,1.5658571745058032e-06,51763.87353738192,6.690509729299775,505.01638760615015,479.4709330606956,479.5022114463785,504.3139154721346,511.5866427448619,511.5865581328064,121.15045707050112,121.15045707050112,121.0321460772682,120.89739679757508,120.89739679757508,120.77933293351495,6.690509729299775,6.690509729299775,6.690509729299775,0.08405041878029351,0.08405041878029351,56.033612520195675,0.0,0.0,0.0,-0.17327857311578043,0.08663928655789022,-115.51904874385362,0.0,0.0,0.0,0.0,0.0,0.0,0.08663928655789022,False,0.014627974946066718,0.00010841131272270711,0.08539875444931591,False
main_camera_x_mm,bilinear_intensity,camera_x_mm,x,0.1405,0.1405,0.07050000000000001,0.0015,0.0055,0.005505376344086021,0.058651026392960576,514,466,562,97,7edcbfa2a18b73b0,0.14325268817204317,513.9424583333447,True,1.5672190393457886e-06,51808.8938626707,6.533633508746755,510.65372645948406,485.1082719140295,485.1340450859885,509.52144935741416,516.7941766301414,516.789006535776,121.41678033720939,121.41678033720939,121.29820926266132,120.92547706671193,120.92547706671193,120.807385780514,6.533633508746755,6.533633508746755,6.533633508746755,-0.010654574725208477,0.010654574725208477,-7.103049816805651,0.0,0.0,0.0,-0.003514874980623972,0.001757437490311986,-2.343249987082648,-2.842170943040401e-14,1.4210854715202004e-14,-1.8947806286936004e-11,0.02126740903116975,0.06531392340519235,14.1782726874465,0.06531392340519235,False,0.011047950385565846,8.478085550001191e-05,0.010649721012714124,False
main_camera_x_mm,production_searchsorted,camera_x_mm,x,0.14200000000000002,0.14200000000000002,0.07200000000000001,0.0015,0.0055,0.005505376344086021,0.058651026392960576,514,466,562,97,ca190c11fdf7eb93,0.1447526881720434,513.9680333333448,True,1.5626062031854384e-06,51656.403411088875,6.690509729299775,505.55759878994314,479.73941697176133,479.77043316612475,504.3139154721346,511.58664274486193,511.5865581328064,121.57042728715894,121.57042728715894,121.45170616676133,120.89739679757507,120.89739679757507,120.77933293351494,6.690509729299775,6.690509729299775,6.690509729299775,0.5412111837929956,0.5412111837929956,360.8074558619971,0.0,0.0,0.0,0.4199702166578163,0.20998510832890815,279.9801444385442,-1.4210854715202004e-14,7.105427357601002e-15,-9.473903143468002e-12,0.0,0.0,0.0,0.5412111837929956,False,0.007853331641958738,5.7945749619681936e-05,0.043331371399916836,False
main_camera_x_mm,bilinear_intensity,camera_x_mm,x,0.14200000000000002,0.14200000000000002,0.07200000000000001,0.0015,0.0055,0.005505376344086021,0.058651026392960576,514,466,562,97,52ce53c67b869f91,0.1447526881720434,513.9680333333448,True,1.567183081705052e-06,51807.7051803323,6.575603763401016,510.65569413201035,484.8375123138285,484.8635498994595,509.5214493574141,516.7941766301414,516.789006535776,121.4168581317259,121.4168581317259,121.29828698120663,120.92547706671196,120.92547706671196,120.80738578051397,6.575603763401016,6.575603763401016,6.575603763401016,0.001967672526291153,0.001967672526291153,1.3117816841941021,-5.684341886080802e-14,5.684341886080802e-14,-3.789561257387201e-11,7.779451651401814e-05,3.889725825700907e-05,0.05186301100934543,2.842170943040401e-14,1.4210854715202004e-14,1.8947806286936004e-11,0.041970254654261296,0.12847446860334163,27.98016976950753,0.12847446860334163,False,0.011151099170723357,9.10704663410518e-05,0.012087356239721197,False
main_camera_x_mm,production_searchsorted,camera_x_mm,x,0.14350000000000002,0.14350000000000002,0.07350000000000001,0.0015,0.0055,0.005505376344086021,0.058651026392960576,514,466,562,97,321d2f441d40a5a4,0.14625268817204315,513.9936083333447,True,1.569023070567382e-06,51868.53125842586,6.690509729299775,505.65787976557624,479.5669706746671,479.59815527361764,504.3139154721346,511.5866427448619,511.5865581328064,121.31126858791187,121.31126858791187,121.19280055218148,120.89739679757507,120.89739679757507,120.77933293351494,6.690509729299775,6.690509729299775,6.690509729299775,0.10028097563309757,0.10028097563309757,66.85398375539837,0.0,0.0,0.0,-0.2591586992470667,0.12957934962353335,-172.77246616471112,0.0,0.0,0.0,0.0,0.0,0.0,0.12957934962353335,False,0.00803993335007231,5.919942571213319e-05,0.04450418126060739,False
main_camera_x_mm,bilinear_intensity,camera_x_mm,x,0.14350000000000002,0.14350000000000002,0.07350000000000001,0.0015,0.0055,0.005505376344086021,0.058651026392960576,514,466,562,97,7ae53666d6941cec,0.14625268817204315,513.9936083333447,True,1.567059471479628e-06,51803.61889188853,6.537742587074361,510.66708958045143,484.5761804895423,484.602473282033,509.5214493574141,516.7941766301414,516.789006535776,121.4163263659285,121.4163263659285,121.29775573471176,120.92547706671196,120.92547706671196,120.80738578051397,6.537742587074361,6.537742587074361,6.537742587074361,0.011395448441078315,0.011395448441078315,7.5969656273855435,0.0,0.0,0.0,-0.0005317657974046597,0.00026588289870232984,-0.35451053160310647,0.0,0.0,0.0,-0.03786117632665498,0.11515650178736596,-25.240784217769985,0.11515650178736596,False,0.011165531874903958,9.253881257759867e-05,0.011778862932754377,False
main_camera_x_mm,production_searchsorted,camera_x_mm,x,0.14500000000000002,0.14500000000000002,0.07500000000000001,0.0015,0.0055,0.005505376344086021,0.058651026392960576,515,466,562,97,c7f81542e3468ed0,0.14775268817204334,514.0191833333447,True,1.5728019505087014e-06,51993.45290937856,6.690509729299775,505.0235440489787,478.6599076853423,478.69197808799333,504.3139154721346,511.58664274486193,511.5865581328064,121.3160134439231,121.3160134439231,121.19754077454427,120.89739679757508,120.89739679757508,120.77933293351495,6.690509729299775,6.690509729299775,6.690509729299775,-0.6343357165975476,0.6343357165975476,-422.8904777316984,0.0,0.0,0.0,0.004744856011228649,0.0023724280056143243,3.1632373408190992,1.4210854715202004e-14,7.105427357601002e-15,9.473903143468002e-12,0.0,0.0,0.0,0.6343357165975476,False,0.010515354431368404,7.774433376256439e-05,0.059438423626732746,False
main_camera_x_mm,bilinear_intensity,camera_x_mm,x,0.14500000000000002,0.14500000000000002,0.07500000000000001,0.0015,0.0055,0.005505376344086021,0.058651026392960576,515,466,562,97,d38ecead49b436ab,0.14775268817204334,514.0191833333447,True,1.5671930755854293e-06,51808.035556543124,6.504290484741642,510.6608387908116,484.2972024271753,484.3237676591799,509.52144935741416,516.7941766301414,516.789006535776,121.41852636612305,121.41852636612305,121.29995358646863,120.92547706671196,120.92547706671196,120.807385780514,6.504290484741642,6.504290484741642,6.504290484741642,-0.006250789639807408,0.006250789639807408,-4.167193093204939,5.684341886080802e-14,5.684341886080802e-14,3.789561257387201e-11,0.002200000194548579,0.0011000000972742896,1.4666667963657194,0.0,0.0,0.0,-0.03345210233271967,0.10233533023725082,-22.301401555146445,0.10233533023725082,False,0.011040058609249297,9.132081937752632e-05,0.011433984986873971,False
main_camera_x_mm,production_searchsorted,camera_x_mm,x,0.14650000000000002,0.14650000000000002,0.07650000000000001,0.0015,0.0055,0.005505376344086021,0.058651026392960576,515,466,563,98,243ca662c947496e,0.14925268817204312,514.0447583333447,True,1.5692593731427486e-06,51876.34291380987,6.690509729299775,505.4816789076457,478.84531527128206,478.87720461183744,504.3139154721346,511.5866427448619,511.5865581328064,121.40384310741231,121.40384310741231,121.28528466687773,120.89739679757508,120.89739679757508,120.77933293351494,6.690509729299775,6.690509729299775,6.690509729299775,0.45813485866699466,0.45813485866699466,305.4232391113298,0.0,0.0,0.0,0.08782966348921661,0.04391483174460831,58.553108992811076,0.0,0.0,0.0,0.0,0.0,0.0,0.45813485866699466,False,0.016625704141489214,0.00012321670419333976,0.08776579510519486,False
main_camera_x_mm,bilinear_intensity,camera_x_mm,x,0.14650000000000002,0.14650000000000002,0.07650000000000001,0.0015,0.0055,0.005505376344086021,0.058651026392960576,515,466,563,98,e4794ea1311ec204,0.14925268817204312,514.0447583333447,True,1.5672062708864544e-06,51808.471764841466,6.548069648898918,510.6544850525716,484.018121416208,484.04495918826245,509.52144935741416,516.7941766301414,516.789006535776,121.41609747510621,121.41609747510621,121.29752706741569,120.92547706671196,120.92547706671196,120.80738578051397,6.548069648898918,6.548069648898918,6.548069648898918,-0.006353738240022722,0.006353738240022722,-4.235825493348481,0.0,0.0,0.0,-0.002428891016833745,0.0012144455084168726,-1.6192606778891634,0.0,0.0,0.0,0.04377916415727601,0.13461626371078342,29.186109438184005,0.13461626371078342,False,0.011084328498537214,9.185849660199144e-05,0.01217621644735338,False
main_camera_x_mm,production_searchsorted,camera_x_mm,x,0.14800000000000002,0.14800000000000002,0.07800000000000001,0.0015,0.0055,0.005505376344086021,0.058651026392960576,515,467,563,97,f6f8394ef52c10e5,0.15075268817204332,514.0703333333447,True,1.5680291795893002e-06,51835.67535832398,6.690509729299775,505.18085986570907,478.27176895661813,478.30421840099643,504.3139154721346,511.58664274486193,511.5865581328064,121.17481848481656,121.17481848481656,121.05648370113998,120.89739679757508,120.89739679757508,120.77933293351495,6.690509729299775,6.690509729299775,6.690509729299775,-0.3008190419366201,0.3008190419366201,-200.54602795774676,0.0,0.0,0.0,-0.22902462259575884,0.11451231129787942,-152.6830817305059,0.0,0.0,0.0,0.0,0.0,0.0,0.3008190419366201,False,0.011413921680509235,8.440051967798743e-05,0.05672510583643067,False
main_camera_x_mm,bilinear_intensity,camera_x_mm,x,0.14800000000000002,0.14800000000000002,0.07800000000000001,0.0015,0.0055,0.005505376344086021,0.058651026392960576,515,467,563,97,04b705af8349e96e,0.15075268817204332,514.0703333333447,True,1.5671154889591378e-06,51805.47070939299,6.563119074433137,510.6594006791224,483.7503097700315,483.7774090768967,509.52144935741416,516.7941766301415,516.789006535776,121.41572943069143,121.41572943069143,121.29715938241927,120.92547706671196,120.92547706671196,120.80738578051397,6.563119074433137,6.563119074433137,6.563119074433137,0.004915626550825891,0.004915626550825891,3.277084367217261,0.0,0.0,0.0,-0.0003680444147846629,0.00018402220739233144,-0.24536294318977525,0.0,0.0,0.0,0.01504942553421973,0.045965991020728826,10.032950356146486,0.045965991020728826,False,0.011086626307926475,8.42655333027986e-05,0.010496378619303928,False
main_camera_x_mm,production_searchsorted,camera_x_mm,x,0.14950000000000002,0.14950000000000002,0.07950000000000002,0.0015,0.0055,0.005505376344086021,0.058651026392960576,515,467,563,97,be9b1d6e27bb85c7,0.15225268817204307,514.0959083333447,True,1.573414019014677e-06,52013.686578997585,6.690509729299775,505.1550871738566,477.9732689920384,478.0060099402884,504.3139154721346,511.58664274486193,511.5865581328064,121.56802850263857,121.56802850263857,121.44930972480392,120.89739679757507,120.89739679757507,120.77933293351494,6.690509729299775,6.690509729299775,6.690509729299775,-0.025772691852466778,0.025772691852466778,-17.181794568311187,0.0,0.0,0.0,0.3932100178220139,0.19660500891100696,262.1400118813426,-1.4210854715202004e-14,7.105427357601002e-15,-9.473903143468002e-12,0.0,0.0,0.0,0.19660500891100696,False,0.009916073866478591,7.326716624187769e-05,0.05821620142483494,False
main_camera_x_mm,bilinear_intensity,camera_x_mm,x,0.14950000000000002,0.14950000000000002,0.07950000000000002,0.0015,0.0055,0.005505376344086021,0.058651026392960576,515,467,563,97,3e1b28367b06452c,0.15225268817204307,514.0959083333447,True,1.5671058891962699e-06,51805.15336186016,6.5252578981064815,510.66811284854657,483.4862946667283,483.51365180084287,509.52144935741416,516.7941766301414,516.789006535776,121.41697633449563,121.41697633449563,121.29840506854399,120.92547706671196,120.92547706671196,120.807385780514,6.5252578981064815,6.5252578981064815,6.5252578981064815,0.008712169424143212,0.008712169424143212,5.808112949428808,0.0,0.0,0.0,0.001246903804201338,0.000623451902100669,0.831269202800892,0.0,0.0,0.0,-0.037861176326655865,0.11537555816759569,-25.240784217770578,0.11537555816759569,False,0.011143912367437983,9.281216651262937e-05,0.011786240067242578,False
main_camera_x_mm,production_searchsorted,camera_x_mm,x,0.15100000000000002,0.15100000000000002,0.08100000000000002,0.0015,0.0055,0.005505376344086021,0.058651026392960576,515,467,563,97,ceb76648d9730dcc,0.15375268817204327,514.1214833333447,True,1.567390933026441e-06,51814.57629839475,6.690509729299775,505.67310442612614,478.2185589715807,478.25106037883495,504.3139154721346,511.5866427448619,511.5865581328064,121.03257017875066,121.03257017875066,120.91437430943547,120.89739679757508,120.89739679757508,120.77933293351495,6.690509729299775,6.690509729299775,6.690509729299775,0.5180172522695443,0.5180172522695443,345.34483484636286,0.0,0.0,0.0,-0.5354583238879087,0.26772916194395435,-356.97221592527245,1.4210854715202004e-14,7.105427357601002e-15,9.473903143468002e-12,0.0,0.0,0.0,0.5180172522695443,False,0.0072080184964581255,5.3440979423878605e-05,0.04979396931056204,False
main_camera_x_mm,bilinear_intensity,camera_x_mm,x,0.15100000000000002,0.15100000000000002,0.08100000000000002,0.0015,0.0055,0.005505376344086021,0.058651026392960576,515,467,563,97,64983e82ce4cddf4,0.15375268817204327,514.1214833333447,True,1.5672312318645948e-06,51809.29692114363,6.518726624893998,510.6571119156104,483.2025664610649,483.23020067350524,509.52144935741416,516.7941766301415,516.789006535776,121.41640665282814,121.41640665282814,121.29783594320624,120.92547706671196,120.92547706671196,120.807385780514,6.518726624893998,6.518726624893998,6.518726624893998,-0.011000932936156005,0.011000932936156005,-7.333955290770669,0.0,0.0,0.0,-0.0005696816674856109,0.00028484083374280544,-0.3797877783237406,0.0,0.0,0.0,-0.00653127321248359,0.020018437016501228,-4.354182141655727,0.020018437016501228,False,0.011023765953892156,8.33990800926549e-05,0.010221755594025116,False
main_camera_x_mm,production_searchsorted,camera_x_mm,x,0.15250000000000002,0.15250000000000002,0.08250000000000002,0.0015,0.0055,0.005505376344086021,0.058651026392960576,515,467,563,97,9d7d9b870071a6e0,0.15525268817204305,514.1470583333447,True,1.5686893147924483e-06,51857.49800966772,6.690509729299775,505.6077121828596,477.88043945558684,477.913271057681,504.3139154721346,511.5866427448619,511.5865581328064,121.3943187539486,121.3943187539486,121.27576961454042,120.89739679757508,120.89739679757508,120.77933293351495,6.690509729299775,6.690509729299775,6.690509729299775,-0.06539224326655813,0.06539224326655813,-43.59482884437208,0.0,0.0,0.0,0.3617485751979359,0.18087428759896795,241.16571679862392,0.0,0.0,0.0,0.0,0.0,0.0,0.18087428759896795,False,0.01271675527409321,9.392239207773895e-05,0.074914206208228,False
main_camera_x_mm,bilinear_intensity,camera_x_mm,x,0.15250000000000002,0.15250000000000002,0.08250000000000002,0.0015,0.0055,0.005505376344086021,0.058651026392960576,515,467,563,97,bbc7dcd94bb40056,0.15525268817204305,514.1470583333447,True,1.5671976830253953e-06,51808.18786860811,6.5625057890510785,510.6553536982342,482.92808097096145,482.95598323563826,509.52144935741416,516.7941766301414,516.789006535776,121.41546232103691,121.41546232103691,121.29689253361401,120.92547706671196,120.92547706671196,120.807385780514,6.5625057890510785,6.5625057890510785,6.5625057890510785,-0.0017582173762207276,0.0017582173762207276,-1.172144917480485,0.0,0.0,0.0,-0.0009443317912314342,0.0004721658956157171,-0.6295545274876228,0.0,0.0,0.0,0.04377916415708061,0.13431814732004507,29.186109438053737,0.13431814732004507,False,0.011141936484912966,9.203847137529995e-05,0.012246530034826444,False
main_camera_x_mm,production_searchsorted,camera_x_mm,x,0.15400000000000003,0.15400000000000003,0.08400000000000002,0.0015,0.0055,0.005505376344086021,0.058651026392960576,515,467,563,97,fdf2a10364b96bdf,0.15675268817204324,514.1726333333447,True,1.57010952866262e-06,51904.447228516365,6.690509729299775,505.5104131823764,477.5104131823764,477.5436061382529,504.3139154721346,511.58664274486193,511.5865581328064,121.32094491336878,121.32094491336878,121.2024674281018,120.89739679757511,120.89739679757511,120.77933293351495,6.690509729299775,6.690509729299775,6.690509729299775,-0.09729900048318996,0.09729900048318996,-64.86600032212664,0.0,0.0,0.0,-0.07337384057981922,0.03668692028990961,-48.91589371987948,2.842170943040401e-14,1.4210854715202004e-14,1.8947806286936004e-11,0.0,0.0,0.0,0.09729900048318996,False,0.012346674797890988,9.12646197758397e-05,0.057782140729526,False
main_camera_x_mm,bilinear_intensity,camera_x_mm,x,0.15400000000000003,0.15400000000000003,0.08400000000000002,0.0015,0.0055,0.005505376344086021,0.058651026392960576,515,467,563,97,70ad03526bda3f29,0.15675268817204324,514.1726333333447,True,1.567085020168729e-06,51804.4634766522,6.550634385465091,510.66418023371665,482.66418023371665,482.69234021395715,509.52144935741416,516.7941766301415,516.789006535776,121.41436143673694,121.41436143673694,121.29579272439636,120.92547706671196,120.92547706671196,120.807385780514,6.550634385465091,6.550634385465091,6.550634385465091,0.00882653548245571,0.00882653548245571,5.884356988303807,0.0,0.0,0.0,-0.001100884299972904,0.000550442149986452,-0.7339228666486027,0.0,0.0,0.0,-0.011871403585987927,0.03617948377521965,-7.914269057325285,0.03617948377521965,False,0.011094326070627469,8.349735773121835e-05,0.010396533234952286,False
main_camera_x_mm,production_searchsorted,camera_x_mm,x,0.15550000000000003,0.15550000000000003,0.08550000000000002,0.0015,0.0055,0.005505376344086021,0.058651026392960576,515,467,563,97,6c87c12e92b06500,0.15825268817204344,514.1982083333447,True,1.5727978668453324e-06,51993.3179122424,6.690509729299775,504.932704615064,476.6599773423367,476.6940008019632,504.3139154721346,511.5866427448619,511.5865581328064,121.32000024510226,121.32000024510226,121.20152368236288,120.89739679757508,120.89739679757508,120.77933293351494,6.690509729299775,6.690509729299775,6.690509729299775,-0.5777085673124134,0.5777085673124134,-385.1390448749423,0.0,0.0,0.0,-0.0009446682665128492,0.0004723341332564246,-0.6297788443418995,-2.842170943040401e-14,1.4210854715202004e-14,-1.8947806286936004e-11,0.0,0.0,0.0,0.5777085673124134,False,0.011260682835355678,8.331250193487511e-05,0.06000541243098343,False
main_camera_x_mm,bilinear_intensity,camera_x_mm,x,0.15550000000000003,0.15550000000000003,0.08550000000000002,0.0015,0.0055,0.005505376344086021,0.058651026392960576,515,467,563,97,6e2c1190b1a7933f,0.15825268817204344,514.1982083333447,True,1.5671570223493915e-06,51806.84371402947,6.512773209138435,510.6676542212761,482.3949269485488,482.42334987145057,509.52144935741416,516.7941766301414,516.789006535776,121.41707749541187,121.41707749541187,121.29850613067023,120.92547706671196,120.92547706671196,120.807385780514,6.512773209138435,6.512773209138435,6.512773209138435,0.0034739875594596015,0.0034739875594596015,2.315991706306401,0.0,0.0,0.0,0.0027160586749346294,0.0013580293374673147,1.8107057832897528,0.0,0.0,0.0,-0.037861176326655865,0.1155954495358933,-25.240784217770578,0.1155954495358933,False,0.011088986438898552,9.286275109902651e-05,0.011758963085176247,False
main_camera_x_mm,production_searchsorted,camera_x_mm,x,0.157,0.157,0.087,0.0015,0.0055,0.005505376344086021,0.058651026392960576,515,467,563,97,c9a0c0884ad19fa5,0.15975268817204322,514.2237833333447,True,1.5608304523108065e-06,51597.70090283658,6.690509729299775,505.0473295244519,476.50187497899736,476.5360528354632,504.3139154721346,511.58664274486193,511.5865581328064,121.34005992420548,121.34005992420548,121.22156377193576,120.89739679757508,120.89739679757508,120.77933293351495,6.690509729299775,6.690509729299775,6.690509729299775,0.1146249093879419,0.1146249093879419,76.41660625862794,0.0,0.0,0.0,0.020059679103212602,0.010029839551606301,13.373119402141734,0.0,0.0,0.0,0.0,0.0,0.0,0.1146249093879419,False,0.01143670631892243,8.475969430146355e-05,0.07457810714264043,False
main_camera_x_mm,bilinear_intensity,camera_x_mm,x,0.157,0.157,0.087,0.0015,0.0055,0.005505376344086021,0.058651026392960576,515,467,563,97,dbe6722d09e71320,0.15975268817204322,514.2237833333447,True,1.5672136929387208e-06,51808.71712194118,6.53316276504616,510.65689451392916,482.1114399684746,482.14013973413034,509.52144935741416,516.7941766301415,516.789006535776,121.41350861964793,121.41350861964793,121.29494074013652,120.92547706671196,120.92547706671196,120.807385780514,6.53316276504616,6.53316276504616,6.53316276504616,-0.010759707346949199,0.010759707346949199,-7.173138231299466,0.0,0.0,0.0,-0.0035688757639462665,0.0017844378819731332,-2.379250509297511,0.0,0.0,0.0,0.020389555907724954,0.06261405165810237,13.593037271816636,0.06261405165810237,False,0.011047495765758364,8.471455201685744e-05,0.010609718201078403,False
main_camera_x_mm,production_searchsorted,camera_x_mm,x,0.1585,0.1585,0.0885,0.0015,0.0055,0.005505376344086021,0.058651026392960576,515,467,563,97,0aadbcb0b4f185cb,0.16125268817204297,514.2493583333447,True,1.5625980890427684e-06,51656.13517496755,6.690509729299775,505.55820363921356,476.74002182103175,476.7739671122222,504.3139154721346,511.5866427448619,511.5865581328064,121.56612696503342,121.56612696503342,121.44741004416915,120.89739679757508,120.89739679757508,120.77933293351495,6.690509729299775,6.690509729299775,6.690509729299775,0.5108741147616342,0.5108741147616342,340.58274317442283,0.0,0.0,0.0,0.22606704082794238,0.11303352041397119,150.71136055196158,0.0,0.0,0.0,0.0,0.0,0.0,0.5108741147616342,False,0.011093968420480943,8.159398722150881e-05,0.0603848714349631,False
main_camera_x_mm,bilinear_intensity,camera_x_mm,x,0.1585,0.1585,0.0885,0.0015,0.0055,0.005505376344086021,0.058651026392960576,515,467,563,97,df0d74479acfcbb8,0.16125268817204297,514.2493583333447,True,1.5671797735547077e-06,51807.59581999034,6.576010872823867,510.6587343384097,481.8405525202279,481.86951682440736,509.52144935741416,516.7941766301415,516.789006535776,121.41355639695189,121.41355639695189,121.29498847078301,120.92547706671196,120.92547706671196,120.80738578051397,6.576010872823867,6.576010872823867,6.576010872823867,0.0018398244805553077,0.0018398244805553077,1.2265496537035385,0.0,0.0,0.0,4.777730396199331e-05,2.3888651980996656e-05,0.031851535974662205,0.0,0.0,0.0,0.04284810777770698,0.13117110140574995,28.565405185137983,0.13117110140574995,False,0.011152777267684674,9.141481412244085e-05,0.012158485179482365,False
main_camera_x_mm,production_searchsorted,camera_x_mm,x,0.16,0.16,0.09,0.0015,0.0055,0.005505376344086021,0.058651026392960576,515,467,563,97,0cc4befff23b2c9b,0.16275268817204316,514.2749333333447,True,1.5688565937256073e-06,51863.02789175561,6.690509729299775,505.67671727571917,476.5858081848101,476.61990407525457,504.3139154721346,511.58664274486193,511.5865581328064,121.2995041272165,121.2995041272165,121.18104758021727,120.89739679757508,120.89739679757508,120.77933293351494,6.690509729299775,6.690509729299775,6.690509729299775,0.11851363650561098,0.11851363650561098,79.00909100374065,0.0,0.0,0.0,-0.2666228378169251,0.13331141890846254,-177.7485585446167,0.0,0.0,0.0,0.0,0.0,0.0,0.13331141890846254,False,0.007938629333992319,5.8453203114819456e-05,0.044484541282115174,False
main_camera_x_mm,bilinear_intensity,camera_x_mm,x,0.16,0.16,0.09,0.0015,0.0055,0.005505376344086021,0.058651026392960576,515,467,563,97,30f6b3d8555163af,0.16275268817204316,514.2749333333447,True,1.56705426946901e-06,51803.44692459537,6.538149696497211,510.67006782163014,481.5791587307211,481.6083783022731,509.52144935741416,516.7941766301414,516.789006535776,121.41301074377985,121.41301074377985,121.29444335047536,120.92547706671193,120.92547706671193,120.807385780514,6.538149696497211,6.538149696497211,6.538149696497211,0.011333483220425933,0.011333483220425933,7.555655480283955,0.0,0.0,0.0,-0.0005456531720398061,0.00027282658601990306,-0.36376878135987073,-2.842170943040401e-14,1.4210854715202004e-14,-1.8947806286936004e-11,-0.037861176326655865,0.11514937264815542,-25.240784217770578,0.11514937264815542,False,0.011164464714566301,9.251894176769377e-05,0.011777138569269178,False
main_camera_y_mm,production_searchsorted,camera_y_mm,y,-0.13,-0.13,-0.09,0.0015,0.0055,0.005505376344086021,0.058651026392960576,510,462,558,97,7a5899be44b1c0d9,-0.12724731182795673,509.3304333333446,False,1.567866069100564e-06,51830.283276051705,6.690509729299775,505.5998424215558,492.8725696942831,492.8907605441909,503.8986590388666,527.5350226752303,527.5193634733989,121.41027163922294,121.41027163922294,121.29170692082523,120.8607757115988,120.8607757115988,120.74274761031795,6.690509729299775,6.690509729299775,6.690509729299775,0.0,0.0,0.0,0.0,0.0,0.0,0.0,0.0,0.0,0.0,0.0,0.0,0.0,0.0,0.0,0.0,False,0.0,0.0,0.0,False
main_camera_y_mm,bilinear_intensity,camera_y_mm,y,-0.13,-0.13,-0.09,0.0015,0.0055,0.005505376344086021,0.058651026392960576,510,462,558,97,6f989c49f9be4d83,-0.12724731182795673,509.3304333333446,False,1.567268828321972e-06,51810.539779238745,6.640796140284745,510.640686628091,497.9134139008183,497.9266820513057,509.5201395202658,533.1565031566295,533.1353542277654,121.42857339886795,121.42857339886795,121.30999080765811,120.93439429121771,120.93439429121771,120.8162942967927,6.640796140284745,6.640796140284745,6.640796140284745,0.0,0.0,0.0,0.0,0.0,0.0,0.0,0.0,0.0,0.0,0.0,0.0,0.0,0.0,0.0,0.0,False,0.0,0.0,0.0,False
main_camera_y_mm,production_searchsorted,camera_y_mm,y,-0.1285,-0.1285,-0.0885,0.0015,0.0055,0.005505376344086021,0.058651026392960576,510,462,558,97,c0e413d61df76fd7,-0.12574731182795695,509.3560083333446,True,1.568619989537323e-06,51855.20626569663,6.690509729299775,505.5998424215558,492.8725696942831,492.8907605441909,504.2008965482682,527.5645329119045,527.5488448914828,121.41027163922294,121.41027163922294,121.29170692082526,120.91590423481868,120.91590423481868,120.79782229708937,6.690509729299775,6.690509729299775,6.690509729299775,0.0,0.0,0.0,0.302237509401607,0.302237509401607,201.49167293440465,0.0,0.0,0.0,0.055128523219877934,0.027564261609938967,36.752348813251956,0.0,0.0,0.0,0.302237509401607,False,0.016942828708043388,0.00012517291979552298,0.0855298551252068,False
main_camera_y_mm,bilinear_intensity,camera_y_mm,y,-0.1285,-0.1285,-0.0885,0.0015,0.0055,0.005505376344086021,0.058651026392960576,510,462,558,97,85936d7cc8954cf0,-0.12574731182795695,509.3560083333446,True,1.567241236983283e-06,51809.62766886886,6.581284003959385,510.640686628091,497.9134139008183,497.9266820513057,509.51235666591236,532.8759930295487,532.8551180363557,121.42857339886795,121.42857339886795,121.30999080765811,120.93427186790437,120.93427186790437,120.81617199303335,6.581284003959385,6.581284003959385,6.581284003959385,0.0,0.0,0.0,-0.007782854353422408,0.007782854353422408,-5.188569568948272,0.0,0.0,0.0,-0.00012242331334277878,6.121165667138939e-05,-0.08161554222851919,-0.05951213632535968,0.1792319326423651,-39.67475755023978,0.1792319326423651,False,0.013300242976263449,0.00010784014263158913,0.015324058347451002,False
main_camera_y_mm,production_searchsorted,camera_y_mm,y,-0.127,-0.127,-0.087,0.0015,0.0055,0.005505376344086021,0.058651026392960576,510,462,558,97,22f0ac8e0bc63d20,-0.12424731182795676,509.3815833333446,True,1.5657423390573141e-06,51760.07732420873,6.690509729299775,505.5998424215558,492.8725696942831,492.8907605441909,503.8956144643153,526.9865235552244,526.971399997065,121.41027163922294,121.41027163922294,121.29170692082526,120.61774946860936,120.61774946860936,120.49995869764392,6.690509729299775,6.690509729299775,6.690509729299775,0.0,0.0,0.0,-0.3052820839528749,0.3052820839528749,-203.52138930191663,0.0,0.0,0.0,-0.298154766209322,0.149077383104661,-198.769844139548,0.0,0.0,0.0,0.3052820839528749,False,0.014478090908631147,0.0001070149728146884,0.08599998678494138,False
main_camera_y_mm,bilinear_intensity,camera_y_mm,y,-0.127,-0.127,-0.087,0.0015,0.0055,0.005505376344086021,0.058651026392960576,510,462,558,97,67cca495282eded4,-0.12424731182795676,509.3815833333446,True,1.5671235050419076e-06,51805.73570386472,6.608606728456087,510.640686628091,497.9134139008183,497.9266820513057,509.51361973747316,532.6045288283823,532.5839189369482,121.42857339886794,121.42857339886794,121.30999080765811,120.9332246085152,120.9332246085152,120.81512575635844,6.608606728456087,6.608606728456087,6.608606728456087,0.0,0.0,0.0,0.0012630715607997445,0.0012630715607997445,0.8420477071998297,-1.4210854715202004e-14,7.105427357601002e-15,-9.473903143468002e-12,-0.0010472593891677207,0.0005236296945838603,-0.6981729261118138,0.027322724496702477,0.08303159225544672,18.215149664468317,0.08303159225544672,False,0.013204789067615604,9.944588157103097e-05,0.012914616861435734,False
main_camera_y_mm,production_searchsorted,camera_y_mm,y,-0.1255,-0.1255,-0.08549999999999999,0.0015,0.0055,0.005505376344086021,0.058651026392960576,510,462,558,97,48350d37fd1349d8,-0.12274731182795699,509.40715833334457,True,1.5744249393137377e-06,52047.1054318591,6.690509729299775,505.5998424215558,492.8725696942831,492.8907605441909,504.11232628045644,526.9305080986383,526.9154392430731,121.41027163922294,121.41027163922294,121.29170692082526,120.91750301628295,120.91750301628295,120.79941951724358,6.690509729299775,6.690509729299775,6.690509729299775,0.0,0.0,0.0,0.2167118161411281,0.2167118161411281,144.47454409408542,0.0,0.0,0.0,0.2997535476735891,0.14987677383679454,199.83569844905938,0.0,0.0,0.0,0.2167118161411281,False,0.009277050972957302,6.844563223336551e-05,0.05303700119688901,False
main_camera_y_mm,bilinear_intensity,camera_y_mm,y,-0.1255,-0.1255,-0.08549999999999999,0.0015,0.0055,0.005505376344086021,0.058651026392960576,510,462,558,97,0aece2a943b3230a,-0.12274731182795699,509.40715833334457,True,1.5672494108286255e-06,51809.89787863225,6.676491600294195,510.640686628091,497.9134139008183,497.9266820513057,509.523639528486,532.3418213466678,532.3214680055089,121.42857339886795,121.42857339886795,121.30999080765811,120.93323327834842,120.93323327834842,120.815134417725,6.676491600294195,6.676491600294195,6.676491600294195,0.0,0.0,0.0,0.010019791012837231,0.010019791012837231,6.679860675224821,1.4210854715202004e-14,7.105427357601002e-15,9.473903143468002e-12,8.669833221119916e-06,4.334916610559958e-06,0.005779888814079944,0.06788487183810776,0.2054438238722888,45.25658122540518,0.2054438238722888,False,0.013346079361433926,0.00010902537577480637,0.01590409720195436,False
main_camera_y_mm,production_searchsorted,camera_y_mm,y,-0.124,-0.124,-0.08399999999999999,0.0015,0.0055,0.005505376344086021,0.058651026392960576,510,462,558,97,40de8a9c975a6c06,-0.1212473118279568,509.43273333334463,True,1.564990714721659e-06,51735.23023873253,6.690509729299775,505.5998424215558,492.8725696942831,492.8907605441909,504.3569404085642,526.9023949540187,526.8873535526964,121.41027163922294,121.41027163922294,121.29170692082526,120.61080508960463,120.61080508960463,120.49302110025927,6.690509729299775,6.690509729299775,6.690509729299775,0.0,0.0,0.0,0.24461412810774164,0.24461412810774164,163.07608540516108,0.0,0.0,0.0,-0.30669792667832496,0.15334896333916248,-204.46528445221665,0.0,0.0,0.0,0.24461412810774164,False,0.01016274518152204,7.539603336269953e-05,0.06328256391854063,False
main_camera_y_mm,bilinear_intensity,camera_y_mm,y,-0.124,-0.124,-0.08399999999999999,0.0015,0.0055,0.005505376344086021,0.058651026392960576,510,462,558,97,528b3f62af8a98c8,-0.1212473118279568,509.43273333334463,True,1.567265447440751e-06,51810.42801457028,6.621172066657823,510.640686628091,497.9134139008183,497.9266820513057,509.51721043104544,532.0626649765,532.0425842489839,121.42857339886795,121.42857339886795,121.30999080765811,120.9333439460061,120.9333439460061,120.81524497730884,6.621172066657823,6.621172066657823,6.621172066657823,0.0,0.0,0.0,-0.006429097440559417,0.006429097440559417,-4.286064960372944,0.0,0.0,0.0,0.0001106676576796417,5.533382883982085e-05,0.07377843845309447,-0.05531953363637232,0.16571438098996394,-36.87968909091488,0.16571438098996394,False,0.013304548859925314,0.00010586096250277336,0.014912088049191372,False
main_camera_y_mm,production_searchsorted,camera_y_mm,y,-0.1225,-0.1225,-0.08249999999999999,0.0015,0.0055,0.005505376344086021,0.058651026392960576,510,462,558,97,8efc85a97705ddeb,-0.11974731182795703,509.45830833334463,True,1.568609800472559e-06,51854.86943710939,6.690509729299775,505.5998424215558,492.8725696942831,492.8907605441909,504.3182946994356,526.5910219721629,526.5762846460183,121.41027163922296,121.41027163922296,121.29170692082526,120.90789856270932,120.90789856270932,120.78982444301917,6.690509729299775,6.690509729299775,6.690509729299775,0.0,0.0,0.0,-0.03864570912855925,0.03864570912855925,-25.763806085706165,1.4210854715202004e-14,7.105427357601002e-15,9.473903143468002e-12,0.29709347310469525,0.14854673655234762,198.06231540313016,0.0,0.0,0.0,0.14854673655234762,False,0.01521404877617754,0.00011219462997726562,0.08275277971858583,False
main_camera_y_mm,bilinear_intensity,camera_y_mm,y,-0.1225,-0.1225,-0.08249999999999999,0.0015,0.0055,0.005505376344086021,0.058651026392960576,510,462,558,97,12de4cb2d1ea278a,-0.11974731182795703,509.45830833334463,True,1.567231449985487e-06,51809.30413175164,6.56310683227802,510.640686628091,497.9134139008183,497.9266820513057,509.51126372656626,531.7839909992936,531.7641824143333,121.42857339886795,121.42857339886795,121.30999080765812,120.93430184675492,120.93430184675492,120.81620194260769,6.56310683227802,6.56310683227802,6.56310683227802,0.0,0.0,0.0,-0.0059467044791858825,0.0059467044791858825,-3.964469652790588,0.0,0.0,0.0,0.0009579007488156321,0.00047895037440781607,0.6386004992104214,-0.05806523437980271,0.17539261567359438,-38.71015625320181,0.17539261567359438,False,0.013326416028615212,0.00010787622535735529,0.015220225945252292,False
main_camera_y_mm,production_searchsorted,camera_y_mm,y,-0.121,-0.121,-0.08099999999999999,0.0015,0.0055,0.005505376344086021,0.058651026392960576,510,462,558,97,4606a46a29db6546,-0.11824731182795684,509.4838833333446,True,1.5698076949379517e-06,51894.46925414717,6.690509729299775,505.5998424215558,492.8725696942831,492.8907605441909,504.4250236730723,526.4250236730724,526.4104484546416,121.41027163922294,121.41027163922294,121.29170692082523,120.82233772361123,120.82233772361123,120.70434715942798,6.690509729299775,6.690509729299775,6.690509729299775,0.0,0.0,0.0,0.10672897363667744,0.10672897363667744,71.15264909111829,-1.4210854715202004e-14,7.105427357601002e-15,-9.473903143468002e-12,-0.08556083909809331,0.042780419549046655,-57.040559398728874,0.0,0.0,0.0,0.10672897363667744,False,0.016898323103728404,0.0001249033351546845,0.09008118967325313,False
main_camera_y_mm,bilinear_intensity,camera_y_mm,y,-0.121,-0.121,-0.08099999999999999,0.0015,0.0055,0.005505376344086021,0.058651026392960576,510,462,558,97,3d1b96a16770ccf6,-0.11824731182795684,509.4838833333446,True,1.5671364419592118e-06,51806.16337055246,6.630991704115976,510.640686628091,497.9134139008183,497.9266820513057,509.51864494407727,531.5186449440772,531.499095486124,121.42857339886795,121.42857339886795,121.30999080765811,120.9324724110663,120.9324724110663,120.81437429347737,6.630991704115976,6.630991704115976,6.630991704115976,0.0,0.0,0.0,0.007381217511010618,0.007381217511010618,4.920811674007079,0.0,0.0,0.0,-0.0018294356886201513,0.0009147178443100756,-1.219623792413434,0.06788487183795588,0.20686809943148035,45.256581225303925,0.20686809943148035,False,0.013239970253425907,0.00011020622556126566,0.015943540239799343,False
main_camera_y_mm,production_searchsorted,camera_y_mm,y,-0.1195,-0.1195,-0.07949999999999999,0.0015,0.0055,0.005505376344086021,0.058651026392960576,510,462,558,97,4eee4a227a536715,-0.11674731182795663,509.50945833334464,True,1.567764900199952e-06,51826.938849585196,6.690509729299775,505.5998424215558,492.8725696942831,492.8907605441909,503.7890683574316,525.5163410847043,525.5026532516137,121.41027163922294,121.41027163922294,121.29170692082526,120.84120195985768,120.84120195985768,120.72319297356874,6.690509729299775,6.690509729299775,6.690509729299775,0.0,0.0,0.0,-0.6359553156407287,0.6359553156407287,-423.9702104271525,0.0,0.0,0.0,0.018864236246457722,0.009432118123228861,12.576157497638482,0.0,0.0,0.0,0.6359553156407287,False,0.01473708966686497,0.00010901184265677525,0.07520071583282652,False
main_camera_y_mm,bilinear_intensity,camera_y_mm,y,-0.1195,-0.1195,-0.07949999999999999,0.0015,0.0055,0.005505376344086021,0.058651026392960576,510,462,558,97,128a14183e5bf243,-0.11674731182795663,509.50945833334464,True,1.5672751402281649e-06,51810.74843729471,6.661060129356128,510.640686628091,497.9134139008183,497.9266820513057,509.524922052118,531.2521947793907,531.2329055266764,121.42857339886795,121.42857339886795,121.30999080765811,120.93386156465479,120.93386156465479,120.81576209047056,6.661060129356128,6.661060129356128,6.661060129356128,0.0,0.0,0.0,0.006277108040706025,0.006277108040706025,4.184738693804017,0.0,0.0,0.0,0.001389153588490899,0.0006945767942454495,0.926102392327266,0.03006842524015152,0.09069058319432825,20.04561682676768,0.09069058319432825,False,0.01321487734971841,9.81392803031495e-05,0.013021546962244973,False
main_camera_y_mm,production_searchsorted,camera_y_mm,y,-0.118,-0.118,-0.07799999999999999,0.0015,0.0055,0.005505376344086021,0.058651026392960576,510,462,558,97,f2f072389e72cd5c,-0.11524731182795686,509.5350333333446,True,1.5640984816597007e-06,51705.7349308992,6.690509729299775,505.5998424215558,492.8725696942831,492.8907605441909,503.7303993021046,525.18494475665,525.171580552786,121.41027163922294,121.41027163922294,121.29170692082526,120.73566241385555,120.73566241385555,120.61775649352953,6.690509729299775,6.690509729299775,6.690509729299775,0.0,0.0,0.0,-0.058669055326959096,0.058669055326959096,-39.11270355130606,0.0,0.0,0.0,-0.10553954600213444,0.05276977300106722,-70.35969733475629,0.0,0.0,0.0,0.058669055326959096,False,0.014166643413428262,0.0001046558238158843,0.082789692185409,False
main_camera_y_mm,bilinear_intensity,camera_y_mm,y,-0.118,-0.118,-0.07799999999999999,0.0015,0.0055,0.005505376344086021,0.058651026392960576,510,462,558,97,66a27c08188815d1,-0.11524731182795686,509.5350333333446,True,1.567255726161499e-06,51810.10664996691,6.601547993030769,510.640686628091,497.9134139008183,497.9266820513057,509.5156564534443,530.9702019079898,530.951188038939,121.42857339886794,121.42857339886794,121.30999080765811,120.9324409109945,120.9324409109945,120.81434282416734,6.601547993030769,6.601547993030769,6.601547993030769,0.0,0.0,0.0,-0.009265598673664499,0.009265598673664499,-6.177065782442999,-1.4210854715202004e-14,7.105427357601002e-15,-9.473903143468002e-12,-0.0014206536602898723,0.0007103268301449361,-0.9471024401932482,-0.05951213632535879,0.17868668100767124,-39.67475755023919,0.17868668100767124,False,0.013321692312516056,0.0001074099123945058,0.015304121649022834,False
main_camera_y_mm,production_searchsorted,camera_y_mm,y,-0.11649999999999999,-0.11649999999999999,-0.07649999999999998,0.0015,0.0055,0.005505376344086021,0.058651026392960576,510,462,558,97,150783345cf374e2,-0.11374731182795667,509.56060833334465,True,1.5592474319285792e-06,51545.369650531546,6.690509729299775,505.5998424215558,492.8725696942831,492.8907605441909,504.4553566960128,525.637174877831,525.6233690429893,121.41027163922294,121.41027163922294,121.29170692082526,121.1628657822638,121.1628657822638,121.04454267114829,6.690509729299775,6.690509729299775,6.690509729299775,0.0,0.0,0.0,0.7249573939081984,0.7249573939081984,483.3049292721322,0.0,0.0,0.0,0.427203368408243,0.2136016842041215,284.80224560549533,0.0,0.0,0.0,0.7249573939081984,False,0.009963202141559846,7.34308469381278e-05,0.06458615288703197,False
main_camera_y_mm,bilinear_intensity,camera_y_mm,y,-0.11649999999999999,-0.11649999999999999,-0.07649999999999998,0.0015,0.0055,0.005505376344086021,0.058651026392960576,510,462,558,97,91978c9ca56c9885,-0.11374731182795667,509.56060833334465,True,1.5671943917021447e-06,51808.07906453371,6.58549180793791,510.640686628091,497.9134139008183,497.9266820513057,509.51327073945123,530.6950889212694,530.6763437172447,121.42857339886795,121.42857339886795,121.30999080765811,120.93266342867936,120.93266342867936,120.81456512454982,6.58549180793791,6.58549180793791,6.58549180793791,0.0,0.0,0.0,-0.002385713993078298,0.002385713993078298,-1.5904759953855319,1.4210854715202004e-14,7.105427357601002e-15,9.473903143468002e-12,0.00022251768486114543,0.00011125884243057271,0.14834512324076363,-0.01605618509285911,0.0486436972352835,-10.704123395239407,0.0486436972352835,False,0.013311127931984983,0.00010008227561566146,0.01258220810328468,False
main_camera_y_mm,production_searchsorted,camera_y_mm,y,-0.11499999999999999,-0.11499999999999999,-0.07499999999999998,0.0015,0.0055,0.005505376344086021,0.058651026392960576,510,462,558,97,5eb81f9aacf5828f,-0.1122473118279569,509.58618333334465,True,1.5701389125566395e-06,51905.4185969137,6.690509729299775,505.5998424215558,492.8725696942831,492.8907605441909,504.4605690205617,525.3696599296526,525.3561153398775,121.41027163922294,121.41027163922294,121.29170692082526,120.8596177709251,120.8596177709251,120.74159080044566,6.690509729299775,6.690509729299775,6.690509729299775,0.0,0.0,0.0,0.005212324548892866,0.005212324548892866,3.474883032595244,0.0,0.0,0.0,-0.3032480113386953,0.15162400566934764,-202.16534089246352,0.0,0.0,0.0,0.15162400566934764,False,0.010565641396283892,7.762943136939472e-05,0.0669554438259487,False
main_camera_y_mm,bilinear_intensity,camera_y_mm,y,-0.11499999999999999,-0.11499999999999999,-0.07499999999999998,0.0015,0.0055,0.005505376344086021,0.058651026392960576,510,462,558,97,afa26c0ee853c611,-0.1122473118279569,509.58618333334465,True,1.5671534312727139e-06,51806.72500075087,6.653376679775715,510.640686628091,497.9134139008183,497.9266820513057,509.52368185739977,530.4327727664906,530.4142837305859,121.42857339886795,121.42857339886795,121.30999080765811,120.9317198320373,120.9317198320373,120.8136224493888,6.653376679775715,6.653376679775715,6.653376679775715,0.0,0.0,0.0,0.010411117948535775,0.010411117948535775,6.94074529902385,0.0,0.0,0.0,-0.0009435966420596742,0.0004717983210298371,-0.6290644280397828,0.0678848718378049,0.2061649268350132,45.25658122520326,0.2061649268350132,False,0.013338742113683322,0.00010992912583490823,0.015985854353339234,False
main_camera_y_mm,production_searchsorted,camera_y_mm,y,-0.11349999999999999,-0.11349999999999999,-0.07349999999999998,0.0015,0.0055,0.005505376344086021,0.058651026392960576,510,462,558,97,c8188b7f3dfee3be,-0.1107473118279567,509.6117583333446,True,1.5678637595051152e-06,51830.20692578893,6.690509729299775,505.5998424215558,492.8725696942831,492.8907605441909,503.89769917782064,524.5340628141843,524.5213342372173,121.41027163922294,121.41027163922294,121.29170692082526,120.85902810203613,120.85902810203613,120.74100170740523,6.690509729299775,6.690509729299775,6.690509729299775,0.0,0.0,0.0,-0.5628698427410654,0.5628698427410654,-375.246561827377,0.0,0.0,0.0,-0.0005896688889635016,0.0002948344444817508,-0.3931125926423344,0.0,0.0,0.0,0.5628698427410654,False,0.014467577883489027,0.00010704081495287494,0.0751037694070153,False
main_camera_y_mm,bilinear_intensity,camera_y_mm,y,-0.11349999999999999,-0.11349999999999999,-0.07349999999999998,0.0015,0.0055,0.005505376344086021,0.058651026392960576,510,462,558,97,1f468694ae03c68a,-0.1107473118279567,509.6117583333446,True,1.5672670489660867e-06,51810.48095755659,6.641436055729075,510.640686628091,497.9134139008183,497.9266820513057,509.5221501649121,530.1585138012757,530.1402925963916,121.42857339886795,121.42857339886795,121.30999080765812,120.93279005655378,120.93279005655378,120.81469162876417,6.641436055729075,6.641436055729075,6.641436055729075,0.0,0.0,0.0,-0.0015316924876742632,0.0015316924876742632,-1.0211283251161756,0.0,0.0,0.0,0.0010702245164821989,0.0005351122582410994,0.7134830109881326,-0.011940624046639314,0.03589342561329875,-7.960416031092876,0.03589342561329875,False,0.013182425706368866,9.825416396213328e-05,0.012397858397269278,False
main_camera_y_mm,production_searchsorted,camera_y_mm,y,-0.11199999999999999,-0.11199999999999999,-0.07199999999999998,0.0015,0.0055,0.005505376344086021,0.058651026392960576,510,462,558,97,f13b849c7715c268,-0.10924731182795694,509.63733333334466,True,1.5686515601246904e-06,51856.24992147737,6.690509729299775,505.5998424215558,492.8725696942831,492.8907605441909,504.2089607823243,524.5725971459607,524.5598309378103,121.41027163922294,121.41027163922294,121.29170692082526,120.92844528700417,120.92844528700417,120.81035110215355,6.690509729299775,6.690509729299775,6.690509729299775,0.0,0.0,0.0,0.31126160450367024,0.31126160450367024,207.50773633578015,0.0,0.0,0.0,0.06941718496803162,0.03470859248401581,46.27812331202108,0.0,0.0,0.0,0.31126160450367024,False,0.01692124452923275,0.0001250132726174865,0.08552943929661389,False
main_camera_y_mm,bilinear_intensity,camera_y_mm,y,-0.11199999999999999,-0.11199999999999999,-0.07199999999999998,0.0015,0.0055,0.005505376344086021,0.058651026392960576,510,462,558,97,66112497de9a547e,-0.10924731182795694,509.63733333334466,True,1.5672395421108102e-06,51809.571640026785,6.581923919403716,510.640686628091,497.9134139008183,497.9266820513057,509.5143165266453,529.8779528902817,529.8600056706623,121.42857339886795,121.42857339886795,121.30999080765811,120.93262955315484,120.93262955315484,120.81453128210681,6.581923919403716,6.581923919403716,6.581923919403716,0.0,0.0,0.0,-0.007833638266788512,0.007833638266788512,-5.222425511192341,0.0,0.0,0.0,-0.00016050339894491117,8.025169947245558e-05,-0.10700226596327411,-0.05951213632535968,0.1792146632926563,-39.67475755023978,0.1792146632926563,False,0.013299578734712268,0.00010782289211566826,0.015323297123349225,False
main_camera_y_mm,production_searchsorted,camera_y_mm,y,-0.11049999999999999,-0.11049999999999999,-0.07049999999999998,0.0015,0.0055,0.005505376344086021,0.058651026392960576,510,462,558,97,eff3a39d475d0516,-0.10774731182795674,509.6629083333446,True,1.5657400294618654e-06,51760.000973945964,6.690509729299775,505.5998424215558,492.8725696942831,492.8907605441909,503.89465646989504,523.9855655608042,523.9733726256861,121.41027163922296,121.41027163922296,121.29170692082526,120.61600458486747,120.61600458486747,120.49821551789007,6.690509729299775,6.690509729299775,6.690509729299775,0.0,0.0,0.0,-0.3143043124292717,0.3143043124292717,-209.53620828618114,1.4210854715202004e-14,7.105427357601002e-15,9.473903143468002e-12,-0.3124407021366977,0.15622035106834886,-208.29380142446516,0.0,0.0,0.0,0.3143043124292717,False,0.014499397808029096,0.00010717461999272488,0.08600038881771002,False
main_camera_y_mm,bilinear_intensity,camera_y_mm,y,-0.11049999999999999,-0.11049999999999999,-0.07049999999999998,0.0015,0.0055,0.005505376344086021,0.058651026392960576,510,462,558,97,7cc7c83ed11a88b9,-0.10774731182795674,509.6629083333446,True,1.5671222173304305e-06,51805.693134890265,6.607876783597647,510.640686628091,497.9134139008183,497.9266820513057,509.51551401833274,529.6064231092419,529.5887410554242,121.42857339886795,121.42857339886795,121.30999080765811,120.93166443236588,120.93166443236588,120.81356710381867,6.607876783597647,6.607876783597647,6.607876783597647,0.0,0.0,0.0,0.0011974916874351038,0.0011974916874351038,0.7983277916234025,0.0,0.0,0.0,-0.0009651207889618263,0.00048256039448091315,-0.6434138593078842,0.025952864193931724,0.0788610276014339,17.30190946262115,0.0788610276014339,False,0.013208175941119088,9.917094609684398e-05,0.0128518314956109,False
main_camera_y_mm,production_searchsorted,camera_y_mm,y,-0.10899999999999999,-0.10899999999999999,-0.06899999999999998,0.0015,0.0055,0.005505376344086021,0.058651026392960576,510,462,558,97,959507073c553018,-0.10624731182795696,509.68848333334466,True,1.574915686755142e-06,52063.328487773295,6.690509729299775,505.5998424215558,492.8725696942831,492.8907605441909,504.18878679353895,524.0069686117208,523.9947547751859,121.41027163922296,121.41027163922296,121.29170692082526,120.97599422744516,120.97599422744516,120.85785360808241,6.690509729299775,6.690509729299775,6.690509729299775,0.0,0.0,0.0,0.29413032364391256,0.29413032364391256,196.08688242927505,0.0,0.0,0.0,0.3599896425776876,0.1799948212888438,239.99309505179173,0.0,0.0,0.0,0.29413032364391256,False,0.008962161143648985,6.612229280594187e-05,0.05289521888624882,False
main_camera_y_mm,bilinear_intensity,camera_y_mm,y,-0.10899999999999999,-0.10899999999999999,-0.06899999999999998,0.0015,0.0055,0.005505376344086021,0.058651026392960576,510,462,558,97,21085696ef71b3fc,-0.10624731182795696,509.68848333334466,True,1.567242516308467e-06,51809.66996061048,6.675761655435602,510.640686628091,497.9134139008183,497.9266820513057,509.5254925544072,529.343674372589,529.3262489093345,121.42857339886795,121.42857339886795,121.30999080765811,120.93162420780467,120.93162420780467,120.81352691853922,6.675761655435602,6.675761655435602,6.675761655435602,0.0,0.0,0.0,0.009978536074470412,0.009978536074470412,6.6523573829802745,0.0,0.0,0.0,-4.022456120367224e-05,2.011228060183612e-05,-0.02681637413578149,0.067884871837955,0.20546651840258795,45.25658122530333,0.20546651840258795,False,0.01334789841922349,0.00010906259684676145,0.015907765749138835,False
main_camera_y_mm,production_searchsorted,camera_y_mm,y,-0.10750000000000001,-0.10750000000000001,-0.0675,0.0015,0.0055,0.005505376344086021,0.058651026392960576,510,462,558,97,ff5246b2a7c78c25,-0.10474731182795677,509.7140583333446,True,1.5649884051262105e-06,51735.15388846977,6.690509729299775,505.5998424215558,492.8725696942831,492.8907605441909,504.3559832383174,523.9014377837719,523.8893270046862,121.41027163922294,121.41027163922294,121.29170692082526,120.60906063499758,120.60906063499758,120.49127834922122,6.690509729299775,6.690509729299775,6.690509729299775,0.0,0.0,0.0,0.1671964447784262,0.1671964447784262,111.4642965189508,-1.4210854715202004e-14,7.105427357601002e-15,-9.473903143468002e-12,-0.3669335924475803,0.18346679622379014,-244.6223949650535,0.0,0.0,0.0,0.18346679622379014,False,0.010472647292322182,7.771937279012317e-05,0.06339861131712961,False
main_camera_y_mm,bilinear_intensity,camera_y_mm,y,-0.10750000000000001,-0.10750000000000001,-0.0675,0.0015,0.0055,0.005505376344086021,0.058651026392960576,510,462,558,97,faafcd9ff021cc31,-0.10474731182795677,509.7140583333446,True,1.5672637337794377e-06,51810.37136460951,6.621811982102021,510.640686628091,497.9134139008183,497.9266820513057,509.5191865056528,529.0646410511073,529.0474880813308,121.42857339886795,121.42857339886795,121.30999080765812,120.93176206242319,120.93176206242319,120.81366463853412,6.621811982102021,6.621811982102021,6.621811982102021,0.0,0.0,0.0,-0.0063060487544248645,0.0063060487544248645,-4.20403250294991,0.0,0.0,0.0,0.00013785461851512082,6.892730925756041e-05,0.09190307901008055,-0.05394967333358114,0.161628518566578,-35.96644888905409,0.161628518566578,False,0.013300557491593286,0.00010545474377493953,0.014795673248811574,False
main_camera_y_mm,production_searchsorted,camera_y_mm,y,-0.10600000000000001,-0.10600000000000001,-0.066,0.0015,0.0055,0.005505376344086021,0.058651026392960576,510,462,558,97,a35483048c66245c,-0.103247311827957,509.7396333333446,True,1.568623886360054e-06,51855.33508628278,6.690509729299775,505.5998424215558,492.8725696942831,492.8907605441909,504.31813206506104,523.5908593377883,523.5790518579663,121.41027163922291,121.41027163922291,121.29170692082523,120.90578898918288,120.90578898918288,120.78771692962313,6.690509729299775,6.690509729299775,6.690509729299775,0.0,0.0,0.0,-0.03785117325634246,0.03785117325634246,-25.23411550422831,-2.842170943040401e-14,1.4210854715202004e-14,-1.8947806286936004e-11,0.29672835418530497,0.14836417709265248,197.8189027902033,0.0,0.0,0.0,0.14836417709265248,False,0.015203594804383252,0.0001121173726437183,0.08275267900432476,False
main_camera_y_mm,bilinear_intensity,camera_y_mm,y,-0.10600000000000001,-0.10600000000000001,-0.066,0.0015,0.0055,0.005505376344086021,0.058651026392960576,510,462,558,97,a9a8f14357d3cd5d,-0.103247311827957,509.7396333333446,True,1.5672296884359504e-06,51809.24589870911,6.562376887419429,510.640686628091,497.9134139008183,497.9266820513057,509.5132321456043,528.7859594183316,528.7690785985872,121.42857339886795,121.42857339886795,121.30999080765811,120.93264484518262,120.93264484518262,120.81454655920102,6.562376887419429,6.562376887419429,6.562376887419429,0.0,0.0,0.0,-0.005954360048463059,0.005954360048463059,-3.969573365642039,0.0,0.0,0.0,0.0008827827594330984,0.0004413913797165492,0.5885218396220656,-0.059435094682592116,0.17951308446460934,-39.62339645506141,0.17951308446460934,False,0.01332582326769194,0.00010828149562731672,0.015343581581541749,False
main_camera_y_mm,production_searchsorted,camera_y_mm,y,-0.10450000000000001,-0.10450000000000001,-0.0645,0.0015,0.0055,0.005505376344086021,0.058651026392960576,510,462,558,97,660eaf06602de11d,-0.10174731182795681,509.7652083333446,True,1.569805385342503e-06,51894.3929038844,6.690509729299775,505.5998424215558,492.8725696942831,492.8907605441909,504.4240597389896,523.4240597389896,523.4124151494007,121.41027163922294,121.41027163922294,121.29170692082526,120.82060975731069,120.82060975731069,120.70262088059458,6.690509729299775,6.690509729299775,6.690509729299775,0.0,0.0,0.0,0.1059276739285906,0.1059276739285906,70.61844928572707,2.842170943040401e-14,1.4210854715202004e-14,1.8947806286936004e-11,-0.08517923187218912,0.04258961593609456,-56.786154581459414,0.0,0.0,0.0,0.1059276739285906,False,0.016908623504739626,0.0001249805924882318,0.09008127725763336,False
main_camera_y_mm,bilinear_intensity,camera_y_mm,y,-0.10450000000000001,-0.10450000000000001,-0.0645,0.0015,0.0055,0.005505376344086021,0.058651026392960576,510,462,558,97,4ecd07a576be58ca,-0.10174731182795681,509.7652083333446,True,1.5671338519826726e-06,51806.077751493314,6.630261759257535,510.640686628091,497.9134139008183,497.9266820513057,509.5204127440616,528.5204127440616,528.5037912472412,121.42857339886795,121.42857339886795,121.30999080765812,120.93083724316631,120.93083724316631,120.81274072242101,6.630261759257535,6.630261759257535,6.630261759257535,0.0,0.0,0.0,0.007180598457296128,0.007180598457296128,4.787065638197419,0.0,0.0,0.0,-0.0018076020163135809,0.0009038010081567904,-1.2050680108757206,0.06788487183810599,0.20689110973874844,45.25658122540399,0.20689110973874844,False,0.013237288210207237,0.00011021871300512961,0.015942645787529103,False
main_camera_y_mm,production_searchsorted,camera_y_mm,y,-0.10300000000000001,-0.10300000000000001,-0.063,0.0015,0.0055,0.005505376344086021,0.058651026392960576,510,462,558,97,94ff5abcf5ff684b,-0.10024731182795661,509.7907833333446,True,1.56766594705539e-06,51823.667671252566,6.690509729299775,505.5998424215558,492.8725696942831,492.8907605441909,503.7938756621691,522.5211483894418,522.5103855492177,121.41027163922294,121.41027163922294,121.29170692082526,120.84097689335537,120.84097689335537,120.72296812685795,6.690509729299775,6.690509729299775,6.690509729299775,0.0,0.0,0.0,-0.6301840768205125,0.6301840768205125,-420.12271788034167,0.0,0.0,0.0,0.02036713604468332,0.01018356802234166,13.578090696455547,0.0,0.0,0.0,0.6301840768205125,False,0.014675547316902213,0.00010855644753759319,0.07519688425817378,False
main_camera_y_mm,bilinear_intensity,camera_y_mm,y,-0.10300000000000001,-0.10300000000000001,-0.063,0.0015,0.0055,0.005505376344086021,0.058651026392960576,510,462,558,97,35edc311ccb56f16,-0.10024731182795661,509.7907833333446,True,1.5672733119158146e-06,51810.68799721701,6.661700044800459,510.640686628091,497.9134139008183,497.9266820513057,509.52695229126965,528.2542250185423,528.2378634706727,121.42857339886795,121.42857339886795,121.30999080765811,120.93223132058147,120.93223132058147,120.81413343843242,6.661700044800459,6.661700044800459,6.661700044800459,0.0,0.0,0.0,0.006539547208035401,0.006539547208035401,4.359698138690267,0.0,0.0,0.0,0.0013940774151564028,0.0006970387075782014,0.9293849434376018,0.03143828554292405,0.0948327130494605,20.958857028616034,0.0948327130494605,False,0.013218143635958456,9.843442427518153e-05,0.013093429477131229,False
main_camera_y_mm,production_searchsorted,camera_y_mm,y,-0.1015,-0.1015,-0.061500000000000006,0.0015,0.0055,0.005505376344086021,0.058651026392960576,510,462,558,97,61b405b16d54c70b,-0.09874731182795685,509.8163583333446,True,1.564096172064252e-06,51705.65858063643,6.690509729299775,505.5998424215558,492.8725696942831,492.8907605441909,503.72944072266387,522.1839861772094,522.1735525969581,121.41027163922294,121.41027163922294,121.29170692082526,120.73394705144443,120.73394705144443,120.616042806277,6.690509729299775,6.690509729299775,6.690509729299775,0.0,0.0,0.0,-0.06443493950524726,0.06443493950524726,-42.956626336831505,0.0,0.0,0.0,-0.10702984191094345,0.05351492095547172,-71.35322794062897,0.0,0.0,0.0,0.06443493950524726,False,0.01422918568093825,0.00010511121893506636,0.08279325523148767,False
main_camera_y_mm,bilinear_intensity,camera_y_mm,y,-0.1015,-0.1015,-0.061500000000000006,0.0015,0.0055,0.005505376344086021,0.058651026392960576,510,462,558,97,41ae82b7bba4bf76,-0.09874731182795685,509.8163583333446,True,1.5672540816425158e-06,51810.052285703,6.6021879084751,510.640686628091,497.9134139008183,497.9266820513057,509.51761380494685,527.9721592594923,527.9560731664654,121.42857339886795,121.42857339886795,121.30999080765812,120.9307447353786,120.9307447353786,120.81264830497295,6.6021879084751,6.6021879084751,6.6021879084751,0.0,0.0,0.0,-0.009338486322803874,0.009338486322803874,-6.225657548535916,0.0,0.0,0.0,-0.0014865852028691506,0.0007432926014345753,-0.991056801912767,-0.05951213632535879,0.17866951656524602,-39.67475755023919,0.17866951656524602,False,0.013322704609066356,0.00010739651300902788,0.015303519396994529,False
main_camera_y_mm,production_searchsorted,camera_y_mm,y,-0.1,-0.1,-0.060000000000000005,0.0015,0.0055,0.005505376344086021,0.058651026392960576,510,462,558,97,236e662017014b15,-0.09724731182795665,509.8419333333446,True,1.5585816134344331e-06,51523.35912179945,6.690509729299775,505.5998424215558,492.8725696942831,492.8907605441909,504.56716957564436,522.7489877574625,522.7380024178556,121.41027163922294,121.41027163922294,121.29170692082523,121.0635788380724,121.0635788380724,120.94535268686333,6.690509729299775,6.690509729299775,6.690509729299775,0.0,0.0,0.0,0.83772885298049,0.83772885298049,558.4859019869933,0.0,0.0,0.0,0.32963178662797077,0.16481589331398538,219.75452441864718,0.0,0.0,0.0,0.83772885298049,False,0.009539004512551292,7.030431943812768e-05,0.06437559287893753,False
main_camera_y_mm,bilinear_intensity,camera_y_mm,y,-0.1,-0.1,-0.060000000000000005,0.0015,0.0055,0.005505376344086021,0.058651026392960576,510,462,558,97,4374f2c497e69f74,-0.09724731182795665,509.8419333333446,True,1.5671966728785722e-06,51808.1544753247,6.5847618630793185,510.640686628091,497.9134139008183,497.9266820513057,509.5151031456122,527.6969213274305,527.6811040214466,121.42857339886795,121.42857339886795,121.30999080765811,120.93096955753724,120.93096955753724,120.8128729075787,6.5847618630793185,6.5847618630793185,6.5847618630793185,0.0,0.0,0.0,-0.002510659334632237,0.002510659334632237,-1.6737728897548247,0.0,0.0,0.0,0.00022482215864272348,0.00011241107932136174,0.14988143909514898,-0.017426045395781742,0.05278869864764759,-11.617363597187827,0.05278869864764759,False,0.013314201950420115,0.00010013376297627108,0.012628456203120971,False
main_camera_y_mm,production_searchsorted,camera_y_mm,y,-0.0985,-0.0985,-0.0585,0.0015,0.0055,0.005505376344086021,0.058651026392960576,510,462,558,97,6d17707e597a2560,-0.09574731182795687,509.86750833334463,True,1.5701366029611908e-06,51905.34224665094,6.690509729299775,505.5998424215558,492.8725696942831,492.8907605441909,504.4596031188132,522.3686940279041,522.3580800688925,121.41027163922294,121.41027163922294,121.29170692082526,120.857907936988,120.857907936988,120.7398826362683,6.690509729299775,6.690509729299775,6.690509729299775,0.0,0.0,0.0,-0.10756645683113675,0.10756645683113675,-71.71097122075783,0.0,0.0,0.0,-0.2056709010844031,0.10283545054220156,-137.11393405626873,0.0,0.0,0.0,0.10756645683113675,False,0.01099586827202889,8.075595886939486e-05,0.067162453687372,False
main_camera_y_mm,bilinear_intensity,camera_y_mm,y,-0.0985,-0.0985,-0.0585,0.0015,0.0055,0.005505376344086021,0.058651026392960576,510,462,558,97,db79272de742fa3a,-0.09574731182795687,509.86750833334463,True,1.5671498988390882e-06,51806.60822608556,6.652646734917425,510.640686628091,497.9134139008183,497.9266820513057,509.5255764945301,527.434667403621,527.4191062049847,121.42857339886794,121.42857339886794,121.30999080765811,120.92999365898432,120.92999365898432,120.81189796205173,6.652646734917425,6.652646734917425,6.652646734917425,0.0,0.0,0.0,0.010473348917912517,0.010473348917912517,6.982232611941678,-1.4210854715202004e-14,7.105427357601002e-15,-9.473903143468002e-12,-0.0009758985529231268,0.0004879492764615634,-0.6505990352820845,0.06788487183810687,0.2061877809696856,45.25658122540458,0.2061877809696856,False,0.013336316083518492,0.00010995729309014412,0.015988107420428926,False
main_camera_y_mm,production_searchsorted,camera_y_mm,y,-0.097,-0.097,-0.057,0.0015,0.0055,0.005505376344086021,0.058651026392960576,510,462,558,97,620cfae332ac8766,-0.09424731182795668,509.89308333334463,True,1.5678549678465663e-06,51829.91629244848,6.690509729299775,505.5998424215558,492.8725696942831,492.8907605441909,503.8985331270276,521.5348967633912,521.5250970595207,121.41027163922294,121.41027163922294,121.29170692082526,120.85434339213772,120.85434339213772,120.73632157241884,6.690509729299775,6.690509729299775,6.690509729299775,0.0,0.0,0.0,-0.5610699917856437,0.5610699917856437,-374.0466611904291,0.0,0.0,0.0,-0.0035645448502776844,0.0017822724251388422,-2.376363233518456,0.0,0.0,0.0,0.5610699917856437,False,0.014463470821188897,0.00010701027075282121,0.07510375215993956,False
main_camera_y_mm,bilinear_intensity,camera_y_mm,y,-0.097,-0.097,-0.057,0.0015,0.0055,0.005505376344086021,0.058651026392960576,510,462,558,97,ccdbc8363e3c9b22,-0.09424731182795668,509.89308333334463,True,1.567265125308755e-06,51810.41736557868,6.642075971173537,510.640686628091,497.9134139008183,497.9266820513057,509.52419174128426,527.1605553776479,527.1452618665369,121.42857339886795,121.42857339886795,121.30999080765812,120.93113316679188,120.93113316679188,120.81303635705866,6.642075971173537,6.642075971173537,6.642075971173537,0.0,0.0,0.0,-0.0013847532458726164,0.0013847532458726164,-0.9231688305817443,1.4210854715202004e-14,7.105427357601002e-15,9.473903143468002e-12,0.00113950780756511,0.000569753903782555,0.7596718717100733,-0.0105707637438881,0.03177912240073066,-7.047175829258734,0.03177912240073066,False,0.013178630887363107,9.81978833953398e-05,0.01236703734442012,False
main_camera_y_mm,production_searchsorted,camera_y_mm,y,-0.0955,-0.0955,-0.0555,0.0015,0.0055,0.005505376344086021,0.058651026392960576,510,462,558,97,c15e1a3d1c36f969,-0.09274731182795691,509.91865833334464,True,1.5686492505292417e-06,51856.173571214604,6.690509729299775,505.5998424215558,492.8725696942831,492.8907605441909,504.2079955717491,521.5716319353854,521.5617963573236,121.41027163922296,121.41027163922296,121.29170692082526,120.9267478784278,120.9267478784278,120.80865535120275,6.690509729299775,6.690509729299775,6.690509729299775,0.0,0.0,0.0,0.3094624447215324,0.3094624447215324,206.30829648102159,1.4210854715202004e-14,7.105427357601002e-15,9.473903143468002e-12,0.07240448629008256,0.03620224314504128,48.26965752672171,0.0,0.0,0.0,0.3094624447215324,False,0.01692547376538036,0.00012504381681754023,0.0855294547479199,False
main_camera_y_mm,bilinear_intensity,camera_y_mm,y,-0.0955,-0.0955,-0.0555,0.0015,0.0055,0.005505376344086021,0.058651026392960576,510,462,558,97,1d6f763c0e6fcebb,-0.09274731182795691,509.91865833334464,True,1.5672376936469257e-06,51809.51053378267,6.582563834848046,510.640686628091,497.9134139008183,497.9266820513057,509.5163055716022,526.8799419352385,526.8649224606924,121.42857339886795,121.42857339886795,121.30999080765811,120.9309308382664,120.9309308382664,120.81283422611966,6.582563834848046,6.582563834848046,6.582563834848046,0.0,0.0,0.0,-0.00788616968208089,0.00788616968208089,-5.2574464547205935,0.0,0.0,0.0,-0.00020232852547508173,0.00010116426273754087,-0.1348856836500545,-0.05951213632549113,0.17919739727089085,-39.67475755032742,0.17919739727089085,False,0.013298919886679634,0.00010780559820733174,0.015322546660935741,False
main_camera_y_mm,production_searchsorted,camera_y_mm,y,-0.094,-0.094,-0.054,0.0015,0.0055,0.005505376344086021,0.058651026392960576,510,462,558,97,46d431d718dd4ef0,-0.09124731182795671,509.94423333334464,True,1.5657377198664171e-06,51759.92462368321,6.690509729299775,505.5998424215558,492.8725696942831,492.8907605441909,503.8936940517208,520.9846031426298,520.9753408348734,121.41027163922294,121.41027163922294,121.29170692082526,120.61430874400781,120.61430874400781,120.49652133312502,6.690509729299775,6.690509729299775,6.690509729299775,0.0,0.0,0.0,-0.314301520028323,0.314301520028323,-209.53434668554868,-1.4210854715202004e-14,7.105427357601002e-15,-9.473903143468002e-12,-0.3124391344199893,0.15621956720999464,-208.29275627999286,0.0,0.0,0.0,0.314301520028323,False,0.014499419156168697,0.00010717461999272488,0.0860003888298759,False
main_camera_y_mm,bilinear_intensity,camera_y_mm,y,-0.094,-0.094,-0.054,0.0015,0.0055,0.005505376344086021,0.058651026392960576,510,462,558,97,936c3ca89e37035e,-0.09124731182795671,509.94423333334464,True,1.5671207839407162e-06,51805.64575010632,6.607146838739207,510.640686628091,497.9134139008183,497.9266820513057,509.51743951540226,526.6083486063113,526.5935943596254,121.42857339886794,121.42857339886794,121.30999080765811,120.93005125737966,120.93005125737966,120.8119555041986,6.607146838739207,6.607146838739207,6.607146838739207,0.0,0.0,0.0,0.0011339438000845803,0.0011339438000845803,0.7559625333897202,-1.4210854715202004e-14,7.105427357601002e-15,-9.473903143468002e-12,-0.0008795808867461119,0.00043979044337305595,-0.5863872578307413,0.02458300389116097,0.07469127381953737,16.38866926077398,0.07469127381953737,False,0.01321155906758136,9.89771167053663e-05,0.012792172965461202,False
main_camera_y_mm,production_searchsorted,camera_y_mm,y,-0.0925,-0.0925,-0.0525,0.0015,0.0055,0.005505376344086021,0.058651026392960576,510,462,558,97,bd06bc3c067945ca,-0.08974731182795695,509.96980833334464,True,1.574913377159694e-06,52063.25213751054,6.690509729299775,505.5998424215558,492.8725696942831,492.8907605441909,504.1878129284912,521.005994746673,520.9967115486783,121.41027163922294,121.41027163922294,121.29170692082526,120.97431346455677,120.97431346455677,120.85617448656403,6.690509729299775,6.690509729299775,6.690509729299775,0.0,0.0,0.0,0.29411887677042614,0.29411887677042614,196.0792511802841,0.0,0.0,0.0,0.3600047205489574,0.1800023602744787,240.00314703263825,0.0,0.0,0.0,0.29411887677042614,False,0.00896217436359401,6.612229280594187e-05,0.05289521889375796,False
main_camera_y_mm,bilinear_intensity,camera_y_mm,y,-0.0925,-0.0925,-0.0525,0.0015,0.0055,0.005505376344086021,0.058651026392960576,510,462,558,97,78f88ce2c3293067,-0.08974731182795695,509.96980833334464,True,1.5672356354462853e-06,51809.44249409208,6.675031710577163,510.640686628091,497.9134139008183,497.9266820513057,509.5274013723847,526.3455831905665,526.3310855507319,121.42857339886795,121.42857339886795,121.30999080765811,120.92998073102012,120.92998073102012,120.81188504671248,6.675031710577163,6.675031710577163,6.675031710577163,0.0,0.0,0.0,0.009961856982442896,0.009961856982442896,6.641237988295264,1.4210854715202004e-14,7.105427357601002e-15,9.473903143468002e-12,-7.052635953641584e-05,3.526317976820792e-05,-0.047017573024277226,0.06788487183795588,0.20548921794784827,45.256581225303925,0.20548921794784827,False,0.01334966566169522,0.00010909906907468212,0.015911438913310927,False
main_camera_y_mm,production_searchsorted,camera_y_mm,y,-0.091,-0.091,-0.051,0.0015,0.0055,0.005505376344086021,0.058651026392960576,510,462,558,97,b86ede99c42b1dd1,-0.08824731182795675,509.99538333334465,True,1.5649860955307622e-06,51735.07753820701,6.690509729299775,505.5998424215558,492.8725696942831,492.8907605441909,504.35502164219446,520.900476187649,520.891296035122,121.41027163922294,121.41027163922294,121.29170692082526,120.60736524657513,120.60736524657513,120.48958461645151,6.690509729299775,6.690509729299775,6.690509729299775,0.0,0.0,0.0,0.1672087137032463,0.1672087137032463,111.4724758021642,0.0,0.0,0.0,-0.3669482179816441,0.18347410899082206,-244.63214532109606,0.0,0.0,0.0,0.18347410899082206,False,0.010472662650359562,7.771937279012317e-05,0.06339861132603648,False
main_camera_y_mm,bilinear_intensity,camera_y_mm,y,-0.091,-0.091,-0.051,0.0015,0.0055,0.005505376344086021,0.058651026392960576,510,462,558,97,d0b57466142fe23a,-0.08824731182795675,509.99538333334465,True,1.5672618744398826e-06,51810.3098988391,6.622451897546483,510.640686628091,497.9134139008183,497.9266820513057,509.5211936953113,526.0666482407659,526.0524229983432,121.42857339886798,121.42857339886798,121.30999080765812,120.93012747531262,120.93012747531262,120.81203164770002,6.622451897546483,6.622451897546483,6.622451897546483,0.0,0.0,0.0,-0.006207677073405193,0.006207677073405193,-4.138451382270129,2.842170943040401e-14,1.4210854715202004e-14,1.8947806286936004e-11,0.00014674429249339482,7.337214624669741e-05,0.09782952832892988,-0.05257981303067982,0.15754176252784707,-35.053208687119884,0.15754176252784707,False,0.013296667639317705,0.0001050505996749203,0.0146812692341806,False
main_camera_y_mm,production_searchsorted,camera_y_mm,y,-0.0895,-0.0895,-0.049499999999999995,0.0015,0.0055,0.005505376344086021,0.058651026392960576,511,462,558,97,2b3ea099e277f0b7,-0.08674731182795699,510.0209583333446,True,1.5686215767646052e-06,51855.25873602001,6.690509729299775,505.5998424215558,492.8725696942831,492.8907605441909,504.31716544371,520.5898927164372,520.5810158680814,121.41027163922294,121.41027163922294,121.29170692082526,120.90410716840091,120.90410716840091,120.78603675124425,6.690509729299775,6.690509729299775,6.690509729299775,0.0,0.0,0.0,-0.03785619848446231,0.03785619848446231,-25.237465656308206,0.0,0.0,0.0,0.2967419218257845,0.14837096091289226,197.82794788385635,0.0,0.0,0.0,0.14837096091289226,False,0.015203617241741298,0.0001121173726437183,0.08275267901611727,False
main_camera_y_mm,bilinear_intensity,camera_y_mm,y,-0.0895,-0.0895,-0.049499999999999995,0.0015,0.0055,0.005505376344086021,0.058651026392960576,511,462,558,97,a2ebb11260e07e0a,-0.08674731182795699,510.0209583333446,True,1.5672277875775836e-06,51809.18306041599,6.562939761221125,510.640686628091,497.9134139008183,497.9266820513057,509.51523191910206,525.7879591918294,525.7740061066811,121.42857339886794,121.42857339886794,121.30999080765811,120.93093512842609,120.93093512842609,120.81283851208971,6.562939761221125,6.562939761221125,6.562939761221125,0.0,0.0,0.0,-0.005961776209232994,0.005961776209232994,-3.974517472821996,-4.263256414560601e-14,2.1316282072803006e-14,-2.8421709430404007e-11,0.0008076531134690867,0.0004038265567345434,0.5384354089793911,-0.0595121363253579,0.17972840647557206,-39.6747575502386,0.17972840647557206,False,0.01332522768002408,0.00010829184384296883,0.015349662050200193,False
main_camera_y_mm,production_searchsorted,camera_y_mm,y,-0.088,-0.088,-0.047999999999999994,0.0015,0.0055,0.005505376344086021,0.058651026392960576,511,462,559,98,3ec84fc869819b71,-0.08524731182795678,510.04653333334466,True,1.5698030588187053e-06,51894.315994006785,6.690509729299775,505.5998424215558,492.8725696942831,492.8907605441909,504.4230859675407,520.4230859675407,520.4143720164005,121.41027163922294,121.41027163922294,121.29170692082526,120.81891996085662,120.81891996085662,120.70093273433233,6.690509729299775,6.690509729299775,6.690509729299775,0.0,0.0,0.0,0.1059205238307186,0.1059205238307186,70.6136825538124,0.0,0.0,0.0,-0.0851872075442941,0.04259360377214705,-56.79147169619606,0.0,0.0,0.0,0.1059205238307186,False,0.016908659192396876,0.0001249806722564907,0.09008127727047446,False
main_camera_y_mm,bilinear_intensity,camera_y_mm,y,-0.088,-0.088,-0.047999999999999994,0.0015,0.0055,0.005505376344086021,0.058651026392960576,511,462,559,98,a47ae1549b69a7d3,-0.08524731182795678,510.04653333334466,True,1.5671311164352837e-06,51805.98732017467,6.629531814399096,510.640686628091,497.9134139008183,497.9266820513057,509.52221159920606,525.5222115992061,525.5085180331912,121.42857339886795,121.42857339886795,121.30999080765811,120.92914974475798,120.92914974475798,120.81105487196037,6.629531814399096,6.629531814399096,6.629531814399096,0.0,0.0,0.0,0.0069796801039956335,0.0069796801039956335,4.653120069330423,1.4210854715202004e-14,7.105427357601002e-15,9.473903143468002e-12,-0.001785383668106988,0.000892691834053494,-1.190255778737992,0.06659205317797046,0.20293361085362174,44.39470211864697,0.20293361085362174,False,0.013234611332968835,0.00010963087757944473,0.015817960382798597,False
main_camera_y_mm,production_searchsorted,camera_y_mm,y,-0.0865,-0.0865,-0.04649999999999999,0.0015,0.0055,0.005505376344086021,0.058651026392960576,511,463,559,97,23a4a98915992c6b,-0.08374731182795703,510.0721083333446,True,1.5676636205315922e-06,51823.59076137495,6.690509729299775,505.5998424215558,492.8725696942831,492.8907605441909,503.79290322394235,519.520175951215,519.5123437481377,121.41027163922294,121.41027163922294,121.29170692082526,120.83929975716572,120.83929975716572,120.72129262849661,6.690509729299775,6.690509729299775,6.690509729299775,0.0,0.0,0.0,-0.6301827435983682,0.6301827435983682,-420.1218290655788,0.0,0.0,0.0,0.020379796309100584,0.010189898154550292,13.586530872733723,0.0,0.0,0.0,0.6301827435983682,False,0.014675569066770703,0.00010855644753759319,0.07519688426888185,False
main_camera_y_mm,bilinear_intensity,camera_y_mm,y,-0.0865,-0.0865,-0.04649999999999999,0.0015,0.0055,0.005505376344086021,0.058651026392960576,511,463,559,97,5032ebcda23cbddb,-0.08374731182795703,510.0721083333446,True,1.5672713457449696e-06,51810.62299983371,6.662339960244788,510.640686628091,497.9134139008183,497.9266820513057,509.5290131243631,525.2562858516358,525.2428519787338,121.42857339886795,121.42857339886795,121.30999080765811,120.93054892219031,120.93054892219031,120.81245268300847,6.662339960244788,6.662339960244788,6.662339960244788,0.0,0.0,0.0,0.006801525157015931,0.006801525157015931,4.534350104677287,0.0,0.0,0.0,0.0013991774323329764,0.0006995887161664882,0.9327849548886509,0.03280814584569214,0.09897575504331713,21.872097230461424,0.09897575504331713,False,0.013221415799765374,9.873166294576916e-05,0.013168161992031358,False
main_camera_y_mm,production_searchsorted,camera_y_mm,y,-0.08499999999999999,-0.08499999999999999,-0.04499999999999999,0.0015,0.0055,0.005505376344086021,0.058651026392960576,511,463,559,97,fa4965960676dba2,-0.08224731182795682,510.09768333334466,True,1.5640938455404545e-06,51705.581670758824,6.690509729299775,505.5998424215558,492.8725696942831,492.8907605441909,503.72847225654334,519.1830177110888,519.1755147641053,121.41027163922294,121.41027163922294,121.29170692082523,120.73226992365642,120.73226992365642,120.61436731630909,6.690509729299775,6.690509729299775,6.690509729299775,0.0,0.0,0.0,-0.06443096739900511,0.06443096739900511,-42.95397826600341,0.0,0.0,0.0,-0.1070298335093014,0.0535149167546507,-71.35322233953427,0.0,0.0,0.0,0.06443096739900511,False,0.014229206798057175,0.00010511121893506636,0.08279325524332944,False
main_camera_y_mm,bilinear_intensity,camera_y_mm,y,-0.08499999999999999,-0.08499999999999999,-0.04499999999999999,0.0015,0.0055,0.005505376344086021,0.058651026392960576,511,463,559,97,5c846bb9dc33a2a4,-0.08224731182795682,510.09768333334466,True,1.5672522919956727e-06,51809.99312382389,6.602827823919429,510.640686628091,497.9134139008183,497.9266820513057,509.51960224314115,524.9741476976866,524.9609893503255,121.42857339886795,121.42857339886795,121.30999080765811,120.92899679068105,120.92899679068105,120.81090206725267,6.602827823919429,6.602827823919429,6.602827823919429,0.0,0.0,0.0,-0.009410881221924683,0.009410881221924683,-6.273920814616456,0.0,0.0,0.0,-0.0015521315092570376,0.0007760657546285188,-1.0347543395046916,-0.05951213632535879,0.17865235542009833,-39.67475755023919,0.17865235542009833,False,0.013323713159069805,0.00010738307763343872,0.015302926777825852,False
main_camera_y_mm,production_searchsorted,camera_y_mm,y,-0.08349999999999999,-0.08349999999999999,-0.04349999999999999,0.0015,0.0055,0.005505376344086021,0.058651026392960576,511,463,559,97,6392af5f4a01a0b3,-0.08074731182795662,510.1232583333446,True,1.5585792869106352e-06,51523.282211921825,6.690509729299775,505.5998424215558,492.8725696942831,492.8907605441909,504.5662089022314,519.7480270840496,519.7399723701002,121.41027163922294,121.41027163922294,121.29170692082526,121.061891649375,121.061891649375,120.94366714581115,6.690509729299775,6.690509729299775,6.690509729299775,0.0,0.0,0.0,0.8377366456880395,0.8377366456880395,558.4910971253597,0.0,0.0,0.0,0.3296217257185816,0.1648108628592908,219.7478171457211,0.0,0.0,0.0,0.8377366456880395,False,0.009539018701419221,7.030431943812768e-05,0.0643755928881019,False
main_camera_y_mm,bilinear_intensity,camera_y_mm,y,-0.08349999999999999,-0.08349999999999999,-0.04349999999999999,0.0015,0.0055,0.005505376344086021,0.058651026392960576,511,463,559,97,3e687972cce42c38,-0.08074731182795662,510.1232583333446,True,1.567198838517148e-06,51808.226066682575,6.584031918221029,510.640686628091,497.9134139008183,497.9266820513057,509.5169615762752,524.6987797580933,524.6858903247359,121.42857339886794,121.42857339886794,121.30999080765811,120.92922873414103,120.92922873414103,120.81113378420531,6.584031918221029,6.584031918221029,6.584031918221029,0.0,0.0,0.0,-0.0026406668659433308,0.0026406668659433308,-1.760444577295554,-1.4210854715202004e-14,7.105427357601002e-15,-9.473903143468002e-12,0.0002319434599797887,0.00011597172998989436,0.15462897331985914,-0.01879590569839973,0.05693289663046978,-12.530603798933152,0.05693289663046978,False,0.013317295806006529,0.00010018530334190797,0.012678117273483619,False
main_camera_y_mm,production_searchsorted,camera_y_mm,y,-0.08199999999999999,-0.08199999999999999,-0.04199999999999999,0.0015,0.0055,0.005505376344086021,0.058651026392960576,511,463,559,97,9a4e7a905c02dc2a,-0.07924731182795686,510.1488333333446,True,1.5701342595090434e-06,51905.26477715846,6.690509729299775,505.5998424215558,492.8725696942831,492.8907605441909,504.4586219458965,519.3677128549874,519.3600295416525,121.41027163922296,121.41027163922296,121.29170692082526,120.85622552836642,120.85622552836642,120.73820187062387,6.690509729299775,6.690509729299775,6.690509729299775,0.0,0.0,0.0,-0.10758695633489879,0.10758695633489879,-71.72463755659919,1.4210854715202004e-14,7.105427357601002e-15,9.473903143468002e-12,-0.2056661210085764,0.1028330605042882,-137.11074733905093,0.0,0.0,0.0,0.10758695633489879,False,0.010995895547188304,8.075603863765374e-05,0.06716245369717005,False
main_camera_y_mm,bilinear_intensity,camera_y_mm,y,-0.08199999999999999,-0.08199999999999999,-0.04199999999999999,0.0015,0.0055,0.005505376344086021,0.058651026392960576,511,463,559,97,8406e06c6e31f534,-0.07924731182795686,510.1488333333446,True,1.567146221901034e-06,51806.486674414344,6.651916790058834,510.640686628091,497.9134139008183,497.9266820513057,509.5275023297886,524.4365932388795,524.4239598470447,121.42857339886795,121.42857339886795,121.30999080765811,120.92821639432063,120.92821639432063,120.81012243299804,6.651916790058834,6.651916790058834,6.651916790058834,0.0,0.0,0.0,0.01054075351339634,0.01054075351339634,7.027169008930893,1.4210854715202004e-14,7.105427357601002e-15,9.473903143468002e-12,-0.0010123398204058276,0.0005061699102029138,-0.6748932136038851,0.0678848718378049,0.206210640170004,45.25658122520326,0.206210640170004,False,0.013333872047472935,0.00010998531959996975,0.015990394870903087,False
main_camera_y_mm,production_searchsorted,camera_y_mm,y,-0.08049999999999999,-0.08049999999999999,-0.04049999999999999,0.0015,0.0055,0.005505376344086021,0.058651026392960576,511,463,559,97,2d6999a4ab1964e3,-0.07774731182795666,510.1744083333447,True,1.5678524519492695e-06,51829.8331222899,6.690509729299775,505.5998424215558,492.8725696942831,492.8907605441909,503.897610745271,518.5339743816346,518.5271052660274,121.41027163922294,121.41027163922294,121.29170692082526,120.85255554249817,120.85255554249817,120.73453546872616,6.690509729299775,6.690509729299775,6.690509729299775,0.0,0.0,0.0,-0.5610112006255008,0.5610112006255008,-374.0074670836672,-1.4210854715202004e-14,7.105427357601002e-15,-9.473903143468002e-12,-0.003669985868256731,0.0018349929341283655,-2.4466572455044875,0.0,0.0,0.0,0.5610112006255008,False,0.014463382579882639,0.00010700945817215471,0.07510375215846694,False
main_camera_y_mm,bilinear_intensity,camera_y_mm,y,-0.08049999999999999,-0.08049999999999999,-0.04049999999999999,0.0015,0.0055,0.005505376344086021,0.058651026392960576,511,463,559,97,fa42baf44eba57b1,-0.07774731182795666,510.1744083333447,True,1.5672630572013668e-06,51810.34899839229,6.642715886617736,510.640686628091,497.9134139008183,497.9266820513057,509.52626473206806,524.1626283684317,524.1502625204156,121.42857339886795,121.42857339886795,121.30999080765811,120.92942530877716,120.92942530877716,120.81133016687404,6.642715886617736,6.642715886617736,6.642715886617736,0.0,0.0,0.0,-0.001237597720546546,0.001237597720546546,-0.8250651470310307,0.0,0.0,0.0,0.0012089144565265997,0.0006044572282632998,0.8059429710177332,-0.009200903441098696,0.027663916225919342,-6.13393562739913,0.027663916225919342,False,0.01317483673542797,9.814209048438838e-05,0.012339655032299956,False
main_camera_y_mm,production_searchsorted,camera_y_mm,y,-0.07899999999999999,-0.07899999999999999,-0.038999999999999986,0.0015,0.0055,0.005505376344086021,0.058651026392960576,511,463,559,97,5bf37083abdca208,-0.0762473118279569,510.1999833333446,True,1.5686433260677774e-06,51855.97772124884,6.690509729299775,505.5998424215558,492.8725696942831,492.8907605441909,504.2079021558976,518.571538519534,518.5646327201985,121.41027163922294,121.41027163922294,121.29170692082526,120.92378223970125,120.92378223970125,120.80569260860779,6.690509729299775,6.690509729299775,6.690509729299775,0.0,0.0,0.0,0.31029141062663257,0.31029141062663257,206.86094041775505,0.0,0.0,0.0,0.0712266972030875,0.03561334860154375,47.48446480205833,0.0,0.0,0.0,0.31029141062663257,False,0.01692332689154065,0.00012502775528524493,0.08552945055254126,False
main_camera_y_mm,bilinear_intensity,camera_y_mm,y,-0.07899999999999999,-0.07899999999999999,-0.038999999999999986,0.0015,0.0055,0.005505376344086021,0.058651026392960576,511,463,559,97,07fa5e540a1f8a0f,-0.0762473118279569,510.1999833333446,True,1.567235700494528e-06,51809.44464444721,6.583203750292508,510.640686628091,497.9134139008183,497.9266820513057,509.51832635078625,523.8819627144226,523.8698709539593,121.42857339886795,121.42857339886795,121.30999080765811,120.9291811088131,120.9291811088131,120.8110862053865,6.583203750292508,6.583203750292508,6.583203750292508,0.0,0.0,0.0,-0.007938381281803686,0.007938381281803686,-5.292254187869124,0.0,0.0,0.0,-0.0002441999640581116,0.0001220999820290558,-0.16279997603874108,-0.05951213632522734,0.17918013457453189,-39.67475755015156,0.17918013457453189,False,0.013298261413680353,0.00010778832943309516,0.01532180697813265,False
main_camera_y_mm,production_searchsorted,camera_y_mm,y,-0.0775,-0.0775,-0.0375,0.0015,0.0055,0.005505376344086021,0.058651026392960576,511,463,559,97,327199c329827693,-0.07474731182795669,510.2255583333447,True,1.5657354092980894e-06,51759.848241259155,6.690509729299775,505.5998424215558,492.8725696942831,492.8907605441909,503.8928349874592,517.9837440783683,517.9774122970417,121.41027163922294,121.41027163922294,121.29170692082523,120.61263524984766,120.61263524984766,120.49484947323646,6.690509729299775,6.690509729299775,6.690509729299775,0.0,0.0,0.0,-0.31506716843841787,0.31506716843841787,-210.04477895894524,0.0,0.0,0.0,-0.31114698985359723,0.15557349492679862,-207.43132656906482,0.0,0.0,0.0,0.31506716843841787,False,0.014501515959433994,0.00010718971399215066,0.0860003931181984,False
main_camera_y_mm,bilinear_intensity,camera_y_mm,y,-0.0775,-0.0775,-0.0375,0.0015,0.0055,0.005505376344086021,0.058651026392960576,511,463,559,97,05ed6c1de3d7f255,-0.07474731182795669,510.2255583333447,True,1.5671192056094117e-06,51805.593573864855,6.606416893880766,510.640686628091,497.9134139008183,497.9266820513057,509.5193970958973,523.6103061868064,523.5984797159208,121.42857339886795,121.42857339886795,121.30999080765811,120.92838704573524,120.92838704573524,120.81029291776089,6.606416893880766,6.606416893880766,6.606416893880766,0.0,0.0,0.0,0.0010707451110647526,0.0010707451110647526,0.7138300740431683,0.0,0.0,0.0,-0.0007940630778620061,0.00039703153893100307,-0.5293753852413374,0.02321314358825788,0.07052233067289299,15.475429058838586,0.07052233067289299,False,0.013214942626479499,9.889359987976399e-05,0.01273568755354337,False
main_camera_y_mm,production_searchsorted,camera_y_mm,y,-0.076,-0.076,-0.036,0.0015,0.0055,0.005505376344086021,0.058651026392960576,511,463,559,97,79f7fb1d6ecba11f,-0.07324731182795693,510.2511333333446,True,1.5749106718888978e-06,52063.162707071,6.690509729299775,505.5998424215558,492.8725696942831,492.8907605441909,504.18693227376446,518.0051140919463,517.9987614414658,121.41027163922294,121.41027163922294,121.29170692082526,120.97241773098598,120.97241773098598,120.85428060429554,6.690509729299775,6.690509729299775,6.690509729299775,0.0,0.0,0.0,0.29409728630525933,0.29409728630525933,196.06485753683955,0.0,0.0,0.0,0.3597824811383248,0.1798912405691624,239.85498742554984,0.0,0.0,0.0,0.29409728630525933,False,0.00896221940305884,6.612252752640375e-05,0.05289521891308344,False
main_camera_y_mm,bilinear_intensity,camera_y_mm,y,-0.076,-0.076,-0.036,0.0015,0.0055,0.005505376344086021,0.058651026392960576,511,463,559,97,660c0f6f93700c4d,-0.07324731182795693,510.2511333333446,True,1.5672286095454974e-06,51809.210232909005,6.674301765718722,510.640686628091,497.9134139008183,497.9266820513057,509.52934270833555,523.3475245265173,523.3359546783469,121.42857339886794,121.42857339886794,121.30999080765811,120.92828624886825,120.92828624886825,120.81019221932834,6.674301765718722,6.674301765718722,6.674301765718722,0.0,0.0,0.0,0.00994561243823,0.00994561243823,6.630408292153334,-1.4210854715202004e-14,7.105427357601002e-15,-9.473903143468002e-12,-0.00010079686698816204,5.039843349408102e-05,-0.06719791132544135,0.06788487183795588,0.20551192250926414,45.256581225303925,0.20551192250926414,False,0.013351448473327086,0.0001091355453386143,0.015915142139060565,False
main_camera_y_mm,production_searchsorted,camera_y_mm,y,-0.0745,-0.0745,-0.034499999999999996,0.0015,0.0055,0.005505376344086021,0.058651026392960576,511,463,559,97,123ed73d870c9a35,-0.07174731182795673,510.27670833334463,True,1.5649990375933333e-06,51735.50537498623,6.690509729299775,505.5998424215558,492.8725696942831,492.8907605441909,504.35715731101794,517.9026118564725,517.8963593058313,121.41027163922294,121.41027163922294,121.29170692082526,120.60859034700547,120.60859034700547,120.49080852049472,6.690509729299775,6.690509729299775,6.690509729299775,0.0,0.0,0.0,0.1702250372534877,0.1702250372534877,113.4833581689918,0.0,0.0,0.0,-0.3638273839805066,0.1819136919902533,-242.55158932033774,0.0,0.0,0.0,0.1819136919902533,False,0.010462745261229155,7.764564082033315e-05,0.06339849327800817,False
main_camera_y_mm,bilinear_intensity,camera_y_mm,y,-0.0745,-0.0745,-0.034499999999999996,0.0015,0.0055,0.005505376344086021,0.058651026392960576,511,463,559,97,af319b3ee4809deb,-0.07174731182795673,510.27670833334463,True,1.5672598703664886e-06,51810.243648478965,6.623091812990814,510.640686628091,497.9134139008183,497.9266820513057,509.523234141424,523.0686886868785,523.0573911393327,121.42857339886794,121.42857339886794,121.30999080765811,120.92844173973151,120.92844173973151,120.81034755834506,6.623091812990814,6.623091812990814,6.623091812990814,0.0,0.0,0.0,-0.0061085669115641394,0.0061085669115641394,-4.07237794104276,0.0,0.0,0.0,0.00015549086326416273,7.774543163208136e-05,0.10366057550944181,-0.05120995272790818,0.153454112581299,-34.13996848527212,0.153454112581299,False,0.013292777137619798,0.00010464778544745252,0.014568918366358458,False
main_camera_y_mm,production_searchsorted,camera_y_mm,y,-0.073,-0.073,-0.032999999999999995,0.0015,0.0055,0.005505376344086021,0.058651026392960576,511,463,559,97,ea18e63ad9d7f5a2,-0.07024731182795696,510.30228333334463,True,1.5686188714938093e-06,51855.16930558047,6.690509729299775,505.5998424215558,492.8725696942831,492.8907605441909,504.3162923016145,517.5890195743418,517.5830732661638,121.41027163922294,121.41027163922294,121.29170692082526,120.90220969346421,120.90220969346421,120.78414112931044,6.690509729299775,6.690509729299775,6.690509729299775,0.0,0.0,0.0,-0.04086500940343285,0.04086500940343285,-27.243339602288568,0.0,0.0,0.0,0.29361934645874044,0.14680967322937022,195.74623097249363,0.0,0.0,0.0,0.14680967322937022,False,0.015213489814714437,0.0001121911046135083,0.08275276663453797,False
main_camera_y_mm,bilinear_intensity,camera_y_mm,y,-0.073,-0.073,-0.032999999999999995,0.0015,0.0055,0.005505376344086021,0.058651026392960576,511,463,559,97,1d38855a1c3034e5,-0.07024731182795696,510.30228333334463,True,1.567225740422134e-06,51809.115385855664,6.563579676665455,510.640686628091,497.9134139008183,497.9266820513057,509.51726536785526,522.7899926405826,522.7789672571445,121.42857339886795,121.42857339886795,121.30999080765812,120.92917375897073,120.92917375897073,120.81107886272174,6.563579676665455,6.563579676665455,6.563579676665455,0.0,0.0,0.0,-0.005968773568724828,0.005968773568724828,-3.979182379149885,1.4210854715202004e-14,7.105427357601002e-15,9.473903143468002e-12,0.0007320192392228364,0.0003660096196114182,0.48801282614855757,-0.05951213632535879,0.17971104132553062,-39.67475755023919,0.17971104132553062,False,0.013324632667943554,0.00010827795066140845,0.015348703118285163,False
main_camera_y_mm,production_searchsorted,camera_y_mm,y,-0.0715,-0.0715,-0.03149999999999999,0.0015,0.0055,0.005505376344086021,0.058651026392960576,511,463,559,97,e333cb811af87154,-0.06874731182795676,510.32785833334464,True,1.569724892031252e-06,51891.731967975276,6.690509729299775,505.5998424215558,492.8725696942831,492.8907605441909,504.41597541661355,517.4159754166135,517.4101980968708,121.41027163922294,121.41027163922294,121.29170692082526,120.81658185037237,120.81658185037237,120.69859690715909,6.690509729299775,6.690509729299775,6.690509729299775,0.0,0.0,0.0,0.09968311499903848,0.09968311499903848,66.45540999935899,0.0,0.0,0.0,-0.08562784309184224,0.04281392154592112,-57.08522872789482,0.0,0.0,0.0,0.09968311499903848,False,0.016860581373414993,0.00012462508922288928,0.09007933140616764,False
main_camera_y_mm,bilinear_intensity,camera_y_mm,y,-0.0715,-0.0715,-0.03149999999999999,0.0015,0.0055,0.005505376344086021,0.058651026392960576,511,463,559,97,34b08b63fe1651ec,-0.06874731182795676,510.32785833334464,True,1.5671282398515797e-06,51805.8922264985,6.628801869540656,510.640686628091,497.9134139008183,497.9266820513057,509.5240451732249,522.524045173225,522.5132795041104,121.42857339886795,121.42857339886795,121.30999080765811,120.92741022733307,120.92741022733307,120.80931705328291,6.628801869540656,6.628801869540656,6.628801869540656,0.0,0.0,0.0,0.0067798053696606075,0.0067798053696606075,4.519870246440405,0.0,0.0,0.0,-0.001763531637664073,0.0008817658188320365,-1.1756877584427154,0.06522219287520059,0.1987397002494709,43.48146191680039,0.1987397002494709,False,0.013231938333247964,0.00010902056108342687,0.015687486116690567,False
main_camera_y_mm,production_searchsorted,camera_y_mm,y,-0.07,-0.07,-0.030000000000000006,0.0015,0.0055,0.005505376344086021,0.058651026392960576,511,463,559,97,d7b31e90c91a12e0,-0.067247311827957,510.3534333333446,True,1.5676607428156465e-06,51823.49563026931,6.690509729299775,505.5998424215558,492.8725696942831,492.8907605441909,503.7920866975802,516.519359424853,516.5144577066646,121.41027163922294,121.41027163922294,121.29170692082526,120.83730178588925,120.83730178588925,120.71929660836395,6.690509729299775,6.690509729299775,6.690509729299775,0.0,0.0,0.0,-0.6238887190333458,0.6238887190333458,-415.92581268889717,0.0,0.0,0.0,0.020719935516879673,0.010359967758439836,13.813290344586449,0.0,0.0,0.0,0.6238887190333458,False,0.014724263085692984,0.00010891121799052811,0.07519926458001341,False
main_camera_y_mm,bilinear_intensity,camera_y_mm,y,-0.07,-0.07,-0.030000000000000006,0.0015,0.0055,0.005505376344086021,0.058651026392960576,511,463,559,97,1bec10bc7d86bf8a,-0.067247311827957,510.3534333333446,True,1.567269231381254e-06,51810.55310351253,6.662979875689252,510.640686628091,497.9134139008183,497.9266820513057,509.53110881897754,522.2583815462502,522.2478753142715,121.42857339886795,121.42857339886795,121.30999080765811,120.92881380741885,120.92881380741885,120.81071926268504,6.662979875689252,6.662979875689252,6.662979875689252,0.0,0.0,0.0,0.007063645752623415,0.007063645752623415,4.70909716841561,0.0,0.0,0.0,0.0014035800857783443,0.0007017900428891721,0.9357200571855628,0.03417800614859612,0.10311970947764801,22.785337432397412,0.10311970947764801,False,0.013224684033151374,9.903131624268564e-05,0.013245694363142527,False
main_camera_y_mm,production_searchsorted,camera_y_mm,y,-0.0685,-0.0685,-0.028500000000000004,0.0015,0.0055,0.005505376344086021,0.058651026392960576,511,463,559,97,ede166bbaaadf2b4,-0.0657473118279568,510.37900833334464,True,1.556593060835018e-06,51457.621845785725,6.690509729299775,505.5998424215558,492.8725696942831,492.8907605441909,503.9213795681507,516.3759250226962,516.3711633771661,121.41027163922294,121.41027163922294,121.29170692082526,120.98834579473224,120.98834579473224,120.87019311329207,6.690509729299775,6.690509729299775,6.690509729299775,0.0,0.0,0.0,0.12929287057050942,0.12929287057050942,86.19524704700628,0.0,0.0,0.0,0.1510440088429874,0.0755220044214937,100.69600589532494,0.0,0.0,0.0,0.12929287057050942,False,0.009446369646437136,6.978024983863242e-05,0.05805889605280325,False
main_camera_y_mm,bilinear_intensity,camera_y_mm,y,-0.0685,-0.0685,-0.028500000000000004,0.0015,0.0055,0.005505376344086021,0.058651026392960576,511,463,559,97,af4555efa7be13f7,-0.0657473118279568,510.37900833334464,True,1.567250430467386e-06,51809.93158569871,6.6034677393637615,510.640686628091,497.9134139008183,497.9266820513057,509.52162399678423,521.9761694513297,521.9659388170999,121.42857339886795,121.42857339886795,121.30999080765811,120.92719266847276,120.92719266847276,120.80909970688245,6.6034677393637615,6.6034677393637615,6.6034677393637615,0.0,0.0,0.0,-0.009484822193314812,0.009484822193314812,-6.323214795543208,0.0,0.0,0.0,-0.00162113894609206,0.00081056947304603,-1.0807592973947067,-0.05951213632549024,0.1786351975716691,-39.674757550326824,0.1786351975716691,False,0.013324771096900681,0.00010737000487186414,0.015302437382787908,False
main_camera_y_mm,production_searchsorted,camera_y_mm,y,-0.067,-0.067,-0.027000000000000003,0.0015,0.0055,0.005505376344086021,0.058651026392960576,511,463,559,97,e86602c654bd92ee,-0.06424731182795704,510.40458333334465,True,1.5585764091946895e-06,51523.187080816184,6.690509729299775,505.5998424215558,492.8725696942831,492.8907605441909,504.5654051300514,516.7472233118696,516.7420990703541,121.41027163922294,121.41027163922294,121.29170692082523,121.0598821319198,121.0598821319198,120.94165959077533,6.690509729299775,6.690509729299775,6.690509729299775,0.0,0.0,0.0,0.6440255619006621,0.6440255619006621,429.3503746004414,0.0,0.0,0.0,0.0715363371875668,0.0357681685937834,47.69089145837787,0.0,0.0,0.0,0.6440255619006621,False,0.014401854920803469,0.00010563528853456163,0.08786188578381574,False
main_camera_y_mm,bilinear_intensity,camera_y_mm,y,-0.067,-0.067,-0.027000000000000003,0.0015,0.0055,0.005505376344086021,0.058651026392960576,511,463,559,97,b741b89868d03b58,-0.06424731182795704,510.40458333334465,True,1.5672008529676453e-06,51808.29266008745,6.583301973362437,510.640686628091,497.9134139008183,497.9266820513057,509.518856322549,521.7006745043672,521.6907129081716,121.42857339886795,121.42857339886795,121.30999080765812,120.92743342316611,120.92743342316611,120.80934022646379,6.583301973362437,6.583301973362437,6.583301973362437,0.0,0.0,0.0,-0.0027676742352014116,0.0027676742352014116,-1.845116156800941,0.0,0.0,0.0,0.00024075469335116395,0.00012037734667558198,0.16050312890077598,-0.020165766001324137,0.061076291419172105,-13.443844000882757,0.061076291419172105,False,0.013320339111879112,0.00010023613450071427,0.012731062681647568,False
main_camera_y_mm,production_searchsorted,camera_y_mm,y,-0.0655,-0.0655,-0.025500000000000002,0.0015,0.0055,0.005505376344086021,0.058651026392960576,511,463,559,97,4aaa83a0d1e734bd,-0.06274731182795684,510.43015833334465,True,1.5696514768849497e-06,51889.305020990076,6.690509729299775,505.5998424215558,492.8725696942831,492.8907605441909,504.52248679504015,516.4315777041311,516.4267617102793,121.41027163922294,121.41027163922294,121.29170692082526,120.81606619016543,120.81606619016543,120.69808175052658,6.690509729299775,6.690509729299775,6.690509729299775,0.0,0.0,0.0,-0.04291833501122255,0.04291833501122255,-28.612223340815035,0.0,0.0,0.0,-0.24381594175437726,0.12190797087718863,-162.54396116958483,0.0,0.0,0.0,0.12190797087718863,False,0.010688003510421153,7.849467349898569e-05,0.06705546504191955,False
main_camera_y_mm,bilinear_intensity,camera_y_mm,y,-0.0655,-0.0655,-0.025500000000000002,0.0015,0.0055,0.005505376344086021,0.058651026392960576,511,463,559,97,6eab306b5bec4c19,-0.06274731182795684,510.43015833334465,True,1.567143175158782e-06,51806.38595566222,6.651186845200394,510.640686628091,497.9134139008183,497.9266820513057,509.5293569499044,521.4384478589953,521.428742343508,121.42857339886795,121.42857339886795,121.30999080765808,120.92645036462966,120.92645036462966,120.80835812794545,6.651186845200394,6.651186845200394,6.651186845200394,0.0,0.0,0.0,0.01050062735538404,0.01050062735538404,7.000418236922694,0.0,0.0,0.0,-0.0009830585364483113,0.0004915292682241557,-0.6553723576322076,0.06788487183795677,0.20623350444088595,45.256581225304515,0.20623350444088595,False,0.013330928242107833,0.0001100096438202187,0.015992472002092105,False
main_camera_y_mm,production_searchsorted,camera_y_mm,y,-0.064,-0.064,-0.024,0.0015,0.0055,0.005505376344086021,0.058651026392960576,511,463,559,97,4824cb5c86bfdca4,-0.06124731182795663,510.45573333334465,True,1.5678495742333236e-06,51829.73799118425,6.690509729299775,505.5998424215558,492.8725696942831,492.8907605441909,503.8967921539276,515.5331557902912,515.5292171615897,121.41027163922294,121.41027163922294,121.29170692082526,120.85057531371338,120.85057531371338,120.73255717375855,6.690509729299775,6.690509729299775,6.690509729299775,0.0,0.0,0.0,-0.6256946411125455,0.6256946411125455,-417.129760741697,0.0,0.0,0.0,0.03450912354794866,0.01725456177397433,23.006082365299108,0.0,0.0,0.0,0.6256946411125455,False,0.014773570914754008,0.00010927082331082277,0.07520058705572334,False
main_camera_y_mm,bilinear_intensity,camera_y_mm,y,-0.064,-0.064,-0.024,0.0015,0.0055,0.005505376344086021,0.058651026392960576,511,463,559,97,af5713a79437d6d2,-0.06124731182795663,510.45573333334465,True,1.567260835039655e-06,51810.275538500995,6.643355802062198,510.640686628091,497.9134139008183,497.9266820513057,509.5283752344026,521.1647388707662,521.1553006492127,121.42857339886795,121.42857339886795,121.30999080765812,120.9276612737167,120.9276612737167,120.80956785450408,6.643355802062198,6.643355802062198,6.643355802062198,0.0,0.0,0.0,-0.0009817155018367885,0.0009817155018367885,-0.6544770012245257,0.0,0.0,0.0,0.0012109090870353612,0.0006054545435176806,0.8072727246902408,-0.007831043138196492,0.023547806791347325,-5.220695425464328,0.023547806791347325,False,0.013170536553564087,9.808304947534346e-05,0.012315679503449136,False
main_camera_y_mm,production_searchsorted,camera_y_mm,y,-0.06249999999999999,-0.06249999999999999,-0.022499999999999992,0.0015,0.0055,0.005505376344086021,0.058651026392960576,511,463,559,97,204755d814eb9af3,-0.05974731182795687,510.4813083333446,True,1.5686404483518317e-06,51855.8825901432,6.690509729299775,505.5998424215558,492.8725696942831,492.8907605441909,504.2070825676545,515.5707189312908,515.5667436198345,121.41027163922294,121.41027163922294,121.29170692082526,120.92180364940248,120.92180364940248,120.8037159505261,6.690509729299775,6.690509729299775,6.690509729299775,0.0,0.0,0.0,0.31029041372687516,0.31029041372687516,206.86027581791677,0.0,0.0,0.0,0.07122833568909925,0.03561416784454963,47.48555712606617,0.0,0.0,0.0,0.31029041372687516,False,0.01692335795353056,0.00012502775528524493,0.0855294505689023,False
main_camera_y_mm,bilinear_intensity,camera_y_mm,y,-0.06249999999999999,-0.06249999999999999,-0.022499999999999992,0.0015,0.0055,0.005505376344086021,0.058651026392960576,511,463,559,97,11ab4228694982a0,-0.05974731182795687,510.4813083333446,True,1.5672335538133755e-06,51809.37367978101,6.583843665736706,510.640686628091,497.9134139008183,497.9266820513057,509.52038469658515,520.8840210602216,520.8748569771549,121.42857339886795,121.42857339886795,121.30999080765811,120.927375200164,120.927375200164,120.80928206032007,6.583843665736706,6.583843665736706,6.583843665736706,0.0,0.0,0.0,-0.007990537817420318,0.007990537817420318,-5.327025211613545,0.0,0.0,0.0,-0.00028607355270082735,0.00014303677635041367,-0.19071570180055156,-0.059512136325492015,0.17916287520538504,-39.67475755032801,0.17916287520538504,False,0.013297602259748737,0.00010777104664370162,0.015321078076403793,False
main_camera_y_mm,production_searchsorted,camera_y_mm,y,-0.06099999999999999,-0.06099999999999999,-0.02099999999999999,0.0015,0.0055,0.005505376344086021,0.058651026392960576,511,463,559,97,5e8d96736032acf3,-0.05824731182795667,510.50688333334466,True,1.5657325315821434e-06,51759.7531101535,6.690509729299775,505.5998424215558,492.8725696942831,492.8907605441909,503.8920182431343,514.9829273340434,514.9795260378187,121.41027163922294,121.41027163922294,121.29170692082526,120.6106576124164,120.6106576124164,120.49287376709181,6.690509729299775,6.690509729299775,6.690509729299775,0.0,0.0,0.0,-0.315064324520165,0.315064324520165,-210.04288301344332,0.0,0.0,0.0,-0.3111460369860737,0.15557301849303684,-207.43069132404912,0.0,0.0,0.0,0.315064324520165,False,0.01450154256288143,0.00010718971399215066,0.08600039313454166,False
main_camera_y_mm,bilinear_intensity,camera_y_mm,y,-0.06099999999999999,-0.06099999999999999,-0.02099999999999999,0.0015,0.0055,0.005505376344086021,0.058651026392960576,511,463,559,97,cc4be1ec202e5881,-0.05824731182795667,510.50688333334466,True,1.5671174711676752e-06,51805.53623694794,6.605686949022176,510.640686628091,497.9134139008183,497.9266820513057,509.5213931138106,520.6123022047196,520.6034034720979,121.42857339886794,121.42857339886794,121.30999080765811,120.92666555739235,120.92666555739235,120.80857311055894,6.605686949022176,6.605686949022176,6.605686949022176,0.0,0.0,0.0,0.0010084172254209989,0.0010084172254209989,0.672278150280666,-1.4210854715202004e-14,7.105427357601002e-15,-9.473903143468002e-12,-0.0007096427716390963,0.00035482138581954814,-0.47309518109273085,0.02184328328547025,0.06635419792588916,14.562188856980166,0.06635419792588916,False,0.013218325446180366,9.888675957858062e-05,0.012682419963997235,False
main_camera_y_mm,production_searchsorted,camera_y_mm,y,-0.05949999999999999,-0.05949999999999999,-0.01949999999999999,0.0015,0.0055,0.005505376344086021,0.058651026392960576,511,463,559,97,33cdb169baed4680,-0.056747311827956906,510.53245833334466,True,1.574907794172952e-06,52063.06757596535,6.690509729299775,505.5998424215558,492.8725696942831,492.8907605441909,504.1861032419977,515.0042850601795,515.0008629068004,121.41027163922291,121.41027163922291,121.29170692082526,120.97045774762069,120.97045774762069,120.85232253497651,6.690509729299775,6.690509729299775,6.690509729299775,0.0,0.0,0.0,0.29408499886341133,0.29408499886341133,196.0566659089409,-2.842170943040401e-14,1.4210854715202004e-14,-1.8947806286936004e-11,0.35980013520428145,0.17990006760214072,239.8667568028543,0.0,0.0,0.0,0.29408499886341133,False,0.008962235875043146,6.612252752640375e-05,0.052895218923171,False
main_camera_y_mm,bilinear_intensity,camera_y_mm,y,-0.05949999999999999,-0.05949999999999999,-0.01949999999999999,0.0015,0.0055,0.005505376344086021,0.058651026392960576,511,463,559,97,0b3716590bcb2768,-0.056747311827956906,510.53245833334466,True,1.5672214262175344e-06,51808.9727675218,6.673571820860282,510.640686628091,497.9134139008183,497.9266820513057,509.5313228235396,520.3495046417214,520.3408625473447,121.42857339886795,121.42857339886795,121.30999080765812,120.92653377304931,120.92653377304931,120.80844145491156,6.673571820860282,6.673571820860282,6.673571820860282,0.0,0.0,0.0,0.009929709729021852,0.009929709729021852,6.619806486014568,1.4210854715202004e-14,7.105427357601002e-15,9.473903143468002e-12,-0.00013178434303995346,6.589217151997673e-05,-0.0878562286933023,0.06788487183810599,0.20553463208896033,45.25658122540399,0.20553463208896033,False,0.013353231935118953,0.00010917203085830042,0.015918875405320828,False
main_camera_y_mm,production_searchsorted,camera_y_mm,y,-0.05799999999999999,-0.05799999999999999,-0.017999999999999988,0.0015,0.0055,0.005505376344086021,0.058651026392960576,511,463,559,97,e260c59680a73244,-0.05524731182795671,510.5580333333446,True,1.5649961598773872e-06,51735.41024388057,6.690509729299775,505.5998424215558,492.8725696942831,492.8907605441909,504.35634141304973,514.9017959585043,514.8984738921384,121.41027163922294,121.41027163922294,121.29170692082526,120.60661312916066,120.60661312916066,120.4888332335267,6.690509729299775,6.690509729299775,6.690509729299775,0.0,0.0,0.0,0.17023817105200578,0.17023817105200578,113.49211403467052,2.842170943040401e-14,1.4210854715202004e-14,1.8947806286936004e-11,-0.36384461846002125,0.18192230923001063,-242.5630789733475,0.0,0.0,0.0,0.18192230923001063,False,0.010462764379052426,7.764564082033315e-05,0.06339849328997339,False
main_camera_y_mm,bilinear_intensity,camera_y_mm,y,-0.05799999999999999,-0.05799999999999999,-0.017999999999999988,0.0015,0.0055,0.005505376344086021,0.058651026392960576,511,463,559,97,9b9c6dd1e62124fe,-0.05524731182795671,510.5580333333446,True,1.5672577100870656e-06,51810.17223428316,6.6237317284351445,510.640686628091,497.9134139008183,497.9266820513057,509.52531384828416,520.0707683937387,520.0623985027291,121.42857339886795,121.42857339886795,121.30999080765812,120.92669811302329,120.92669811302329,120.8086056343973,6.6237317284351445,6.6237317284351445,6.6237317284351445,0.0,0.0,0.0,-0.0060089752554404186,0.0060089752554404186,-4.005983503626946,0.0,0.0,0.0,0.00016433997397768962,8.216998698884481e-05,0.10955998265179308,-0.04984009242513743,0.14936556843322502,-33.226728283424954,0.14936556843322502,False,0.013288888530504184,0.00010424621588572705,0.014458666821241821,False
main_camera_y_mm,production_searchsorted,camera_y_mm,y,-0.0565,-0.0565,-0.0165,0.0015,0.0055,0.005505376344086021,0.058651026392960576,511,463,559,97,e25fd02f3911b0e0,-0.053747311827956945,510.58360833334467,True,1.5686159937778634e-06,51855.07417447482,6.690509729299775,505.5998424215558,492.8725696942831,492.8907605441909,504.31547094382495,514.5881982165522,514.5851823979814,121.41027163922294,121.41027163922294,121.29170692082526,120.90024784406215,120.90024784406215,120.78218119577693,6.690509729299775,6.690509729299775,6.690509729299775,0.0,0.0,0.0,-0.04087046922478521,0.04087046922478521,-27.24697948319014,0.0,0.0,0.0,0.2936347149014864,0.1468173574507432,195.75647660099094,0.0,0.0,0.0,0.1468173574507432,False,0.0152135177892893,0.0001121911046135083,0.08275276665037966,False
main_camera_y_mm,bilinear_intensity,camera_y_mm,y,-0.0565,-0.0565,-0.0165,0.0015,0.0055,0.005505376344086021,0.058651026392960576,511,463,559,97,7bf3ad7541619b81,-0.053747311827956945,510.58360833334467,True,1.5672235345457832e-06,51809.042464323415,6.564219592109786,510.640686628091,497.9134139008183,497.9266820513057,509.51933788785215,519.7920651605795,519.7839674406961,121.42857339886795,121.42857339886795,121.30999080765811,120.92735387954691,120.92735387954691,120.80926076052391,6.564219592109786,6.564219592109786,6.564219592109786,0.0,0.0,0.0,-0.005975960432010652,0.005975960432010652,-3.9839736213404344,0.0,0.0,0.0,0.0006557665236215371,0.00032788326181076854,0.43717768241435806,-0.05951213632535879,0.1796936795307636,-39.67475755023919,0.1796936795307636,False,0.01332403976148514,0.00010826404342195062,0.015347753123970862,False
main_camera_y_mm,production_searchsorted,camera_y_mm,y,-0.055,-0.055,-0.015,0.0015,0.0055,0.005505376344086021,0.058651026392960576,511,463,559,97,f861b52237d990c6,-0.05224731182795674,510.6091833333446,True,1.5697220143153061e-06,51891.63683686963,6.690509729299775,505.5998424215558,492.8725696942831,492.8907605441909,504.4151522540488,514.4151522540488,514.4123054256756,121.41027163922294,121.41027163922294,121.29170692082526,120.81462285831533,120.81462285831533,120.69663982818028,6.690509729299775,6.690509729299775,6.690509729299775,0.0,0.0,0.0,0.09968131022384341,0.09968131022384341,66.4542068158956,0.0,0.0,0.0,-0.08562498574681854,0.04281249287340927,-57.083323831212354,0.0,0.0,0.0,0.09968131022384341,False,0.016860612305117886,0.00012462508922288928,0.09007933142328606,False
main_camera_y_mm,bilinear_intensity,camera_y_mm,y,-0.055,-0.055,-0.015,0.0015,0.0055,0.005505376344086021,0.058651026392960576,511,463,559,97,a1497e70f97a18fe,-0.05224731182795674,510.6091833333446,True,1.5671252095469642e-06,51805.79205113932,6.6280719246820645,510.640686628091,497.9134139008183,497.9266820513057,509.52591843677646,519.5259184367765,519.518080625803,121.42857339886795,121.42857339886795,121.30999080765811,120.92561196174532,120.92561196174532,120.80752054381392,6.6280719246820645,6.6280719246820645,6.6280719246820645,0.0,0.0,0.0,0.006580548924318919,0.006580548924318919,4.387032616212612,0.0,0.0,0.0,-0.001741917801595605,0.0008709589007978025,-1.16127853439707,0.06385233257227885,0.194546607334799,42.56822171485256,0.194546607334799,False,0.013229269856688194,0.00010843833740822886,0.015558690815007287,False
main_camera_y_mm,production_searchsorted,camera_y_mm,y,-0.0535,-0.0535,-0.013499999999999998,0.0015,0.0055,0.005505376344086021,0.058651026392960576,511,463,559,97,81b5be937d65457c,-0.05074731182795698,510.6347583333447,True,1.5676578650997006e-06,51823.40049916366,6.690509729299775,505.5998424215558,492.8725696942831,492.8907605441909,503.7912646665679,513.5185373938406,513.5165661659169,121.41027163922294,121.41027163922294,121.29170692082526,120.83535625525766,120.83535625525766,120.71735297766462,6.690509729299775,6.690509729299775,6.690509729299775,0.0,0.0,0.0,-0.6238875874809082,0.6238875874809082,-415.9250583206055,0.0,0.0,0.0,0.020733396942333115,0.010366698471166558,13.822264628222078,0.0,0.0,0.0,0.6238875874809082,False,0.01472429007916462,0.00010891121799052811,0.07519926459433532,False
main_camera_y_mm,bilinear_intensity,camera_y_mm,y,-0.0535,-0.0535,-0.013499999999999998,0.0015,0.0055,0.005505376344086021,0.058651026392960576,511,463,559,97,e276025b91f1fd49,-0.05074731182795698,510.6347583333447,True,1.5672669573159044e-06,51810.47792779849,6.663619791133449,510.640686628091,497.9134139008183,497.9266820513057,509.5332438038285,519.2605165311013,519.2529379016763,121.42857339886795,121.42857339886795,121.30999080765811,120.92701987259034,120.92701987259034,120.80892707974598,6.663619791133449,6.663619791133449,6.663619791133449,0.0,0.0,0.0,0.007325367052033016,0.007325367052033016,4.883578034688678,0.0,0.0,0.0,0.0014079108450175681,0.0007039554225087841,0.9386072300117121,0.035547866451384635,0.10726457665315632,23.698577634256424,0.10726457665315632,False,0.013227949759712115,9.933362064620844e-05,0.013325975895493454,False
main_camera_y_mm,production_searchsorted,camera_y_mm,y,-0.052,-0.052,-0.011999999999999997,0.0015,0.0055,0.005505376344086021,0.058651026392960576,511,463,559,97,1e095c632f4e2326,-0.049247311827956775,510.6603333333446,True,1.5565901831190722e-06,51457.526714680076,6.690509729299775,505.5998424215558,492.8725696942831,492.8907605441909,503.9205722782079,513.3751177327533,513.3732865630924,121.41027163922294,121.41027163922294,121.29170692082526,120.9863916756887,120.9863916756887,120.8682409025679,6.690509729299775,6.690509729299775,6.690509729299775,0.0,0.0,0.0,0.1293076116400016,0.1293076116400016,86.20507442666774,0.0,0.0,0.0,0.1510354204310289,0.07551771021551446,100.6902802873526,0.0,0.0,0.0,0.1293076116400016,False,0.009446386986935448,6.978024983863242e-05,0.05805889606390948,False
main_camera_y_mm,bilinear_intensity,camera_y_mm,y,-0.052,-0.052,-0.011999999999999997,0.0015,0.0055,0.005505376344086021,0.058651026392960576,511,463,559,97,50c0a8ae63ffee55,-0.049247311827956775,510.6603333333446,True,1.5672484430674843e-06,51809.86588652841,6.604107654808223,510.640686628091,497.9134139008183,497.9266820513057,509.52368398944094,518.9782294439864,518.970926485545,121.42857339886794,121.42857339886794,121.30999080765808,120.92532880384486,120.92532880384486,120.80723766243483,6.604107654808223,6.604107654808223,6.604107654808223,0.0,0.0,0.0,-0.009559814387557708,0.009559814387557708,-6.373209591705138,-1.4210854715202004e-14,7.105427357601002e-15,-9.473903143468002e-12,-0.0016910687454725348,0.0008455343727362674,-1.1273791636483566,-0.05951213632522645,0.1786180430174385,-39.674757550150964,0.1786180430174385,False,0.013325851980821462,0.00010735709133332028,0.01530199831231651,False
main_camera_y_mm,production_searchsorted,camera_y_mm,y,-0.050499999999999996,-0.050499999999999996,-0.010499999999999995,0.0015,0.0055,0.005505376344086021,0.058651026392960576,511,463,559,97,f2bff76570494a54,-0.04774731182795701,510.6859083333446,True,1.5585735314787437e-06,51523.091949710535,6.690509729299775,505.5998424215558,492.8725696942831,492.8907605441909,504.56459582118384,513.746414003002,513.7442202393272,121.41027163922294,121.41027163922294,121.29170692082523,121.05792527374942,121.05792527374942,120.93970464359926,6.690509729299775,6.690509729299775,6.690509729299775,0.0,0.0,0.0,0.6440235429759582,0.6440235429759582,429.3490286506388,0.0,0.0,0.0,0.07153359806072501,0.035766799030362506,47.689065373816675,0.0,0.0,0.0,0.6440235429759582,False,0.014401881545953753,0.00010563528853456163,0.08786188580078144,False
main_camera_y_mm,bilinear_intensity,camera_y_mm,y,-0.050499999999999996,-0.050499999999999996,-0.010499999999999995,0.0015,0.0055,0.005505376344086021,0.058651026392960576,511,463,559,97,c0674d462f0bf995,-0.04774731182795701,510.6859083333446,True,1.5672027077165172e-06,51808.353974099744,6.582572028503997,510.640686628091,497.9134139008183,497.9266820513057,509.52079022214946,518.7026084039676,518.6955746066981,121.42857339886795,121.42857339886795,121.30999080765811,120.92557969242117,120.92557969242117,120.80748830600278,6.582572028503997,6.582572028503997,6.582572028503997,0.0,0.0,0.0,-0.0028937672914821633,0.0028937672914821633,-1.929178194321442,1.4210854715202004e-14,7.105427357601002e-15,9.473903143468002e-12,0.0002508885763035096,0.0001254442881517548,0.1672590508690064,-0.021535626304225453,0.06521888324623572,-14.357084202816967,0.06521888324623572,False,0.013323363637222215,0.00010028635877450255,0.012787302337472864,False
main_camera_y_mm,production_searchsorted,camera_y_mm,y,-0.048999999999999995,-0.048999999999999995,-0.008999999999999994,0.0015,0.0055,0.005505376344086021,0.058651026392960576,511,463,559,97,eb55f1bb3f2ef46a,-0.046247311827956814,510.71148333334463,True,1.5696485991690038e-06,51889.20988988443,6.690509729299775,505.5998424215558,492.8725696942831,492.8907605441909,504.52166192638913,513.43075283548,513.4288673346641,121.41027163922294,121.41027163922294,121.29170692082523,120.81412427803164,120.81412427803164,120.69614173479135,6.690509729299775,6.690509729299775,6.690509729299775,0.0,0.0,0.0,-0.04293389479471443,0.04293389479471443,-28.62259652980962,0.0,0.0,0.0,-0.2438009957177769,0.12190049785888846,-162.5339971451846,0.0,0.0,0.0,0.12190049785888846,False,0.010688023244516152,7.849467349898569e-05,0.06705546505482535,False
main_camera_y_mm,bilinear_intensity,camera_y_mm,y,-0.048999999999999995,-0.048999999999999995,-0.008999999999999994,0.0015,0.0055,0.005505376344086021,0.058651026392960576,511,463,559,97,8daad42fba678997,-0.046247311827956814,510.71148333334463,True,1.567140076723795e-06,51806.28352805934,6.650456900341953,510.640686628091,497.9134139008183,497.9266820513057,509.5312357699588,518.4403266790497,518.4335490162772,121.42857339886795,121.42857339886795,121.30999080765812,120.92463529719352,120.92463529719352,120.80654483303611,6.650456900341953,6.650456900341953,6.650456900341953,0.0,0.0,0.0,0.010445547809354139,0.010445547809354139,6.9636985395694255,0.0,0.0,0.0,-0.0009443952276484424,0.0004721976138242212,-0.629596818432295,0.06788487183795588,0.2062563737821609,45.256581225303925,0.2062563737821609,False,0.013327916884184308,0.00011003345624089857,0.01599454800834743,False
main_camera_y_mm,production_searchsorted,camera_y_mm,y,-0.047499999999999994,-0.047499999999999994,-0.007499999999999993,0.0015,0.0055,0.005505376344086021,0.058651026392960576,511,463,559,97,60c6c68316602318,-0.04474731182795662,510.73705833334463,True,1.5678958537315444e-06,51831.26789195188,6.690509729299775,505.5998424215558,492.8725696942831,492.8907605441909,503.8910242540059,512.5273878903696,512.5263845818828,121.41027163922294,121.41027163922294,121.29170692082526,120.84997829541078,120.84997829541078,120.73196073848166,6.690509729299775,6.690509729299775,6.690509729299775,0.0,0.0,0.0,-0.6306376723832159,0.6306376723832159,-420.4251149221439,0.0,0.0,0.0,0.03585401737913685,0.017927008689568424,23.902678252757898,0.0,0.0,0.0,0.6306376723832159,False,0.014742280662877213,0.00010903918906715674,0.0751995957785459,False
main_camera_y_mm,bilinear_intensity,camera_y_mm,y,-0.047499999999999994,-0.047499999999999994,-0.007499999999999993,0.0015,0.0055,0.005505376344086021,0.058651026392960576,511,463,559,97,17b70d2f5dfec8ba,-0.04474731182795662,510.73705833334463,True,1.5672584537613574e-06,51810.19681855727,6.643995717506528,510.640686628091,497.9134139008183,497.9266820513057,509.53052474413704,518.1668883805006,518.1603777473165,121.42857339886795,121.42857339886795,121.30999080765811,120.92583918505886,120.92583918505886,120.8077475452297,6.643995717506528,6.643995717506528,6.643995717506528,0.0,0.0,0.0,-0.0007110258217721821,0.0007110258217721821,-0.47401721451478807,0.0,0.0,0.0,0.0012038878653441998,0.0006019439326720999,0.8025919102294665,-0.00646118283542485,0.019430793800325596,-4.307455223616567,0.019430793800325596,False,0.013166169470476476,9.802393505911787e-05,0.012295179677444533,False
main_camera_y_mm,production_searchsorted,camera_y_mm,y,-0.04599999999999999,-0.04599999999999999,-0.0059999999999999915,0.0015,0.0055,0.005505376344086021,0.058651026392960576,511,463,559,97,1134f097162273f0,-0.04324731182795685,510.7626333333447,True,1.568637570635886e-06,51855.78745903756,6.690509729299775,505.5998424215558,492.8725696942831,492.8907605441909,504.2062574781878,512.5698938418242,512.5688490236192,121.41027163922294,121.41027163922294,121.29170692082523,120.91987738791157,120.91987738791157,120.80179157014993,6.690509729299775,6.690509729299775,6.690509729299775,0.0,0.0,0.0,0.31523322418189537,0.31523322418189537,210.15548278793025,0.0,0.0,0.0,0.06989909250079052,0.03494954625039526,46.59939500052701,0.0,0.0,0.0,0.31523322418189537,False,0.01695421077423113,0.00012525938952891099,0.085530306280924,False
main_camera_y_mm,bilinear_intensity,camera_y_mm,y,-0.04599999999999999,-0.04599999999999999,-0.0059999999999999915,0.0015,0.0055,0.005505376344086021,0.058651026392960576,511,463,559,97,a072af618d6402ea,-0.04324731182795685,510.7626333333447,True,1.5672312474305894e-06,51809.297435721965,6.584483581181169,510.640686628091,497.9134139008183,497.9266820513057,509.52248205434216,517.8861184179785,517.879881974211,121.42857339886794,121.42857339886794,121.30999080765811,120.92551141099254,120.92551141099254,120.80742009125522,6.584483581181169,6.584483581181169,6.584483581181169,0.0,0.0,0.0,-0.008042689794876878,0.008042689794876878,-5.3617931965845855,-1.4210854715202004e-14,7.105427357601002e-15,-9.473903143468002e-12,-0.0003277740663207851,0.00016388703316039255,-0.21851604421385673,-0.05951213632535968,0.17914561915971372,-39.67475755023978,0.17914561915971372,False,0.013296944827214148,0.00010775376516222696,0.015320359958133455,False
main_camera_y_mm,production_searchsorted,camera_y_mm,y,-0.04449999999999999,-0.04449999999999999,-0.00449999999999999,0.0015,0.0055,0.005505376344086021,0.058651026392960576,511,463,559,97,92bedcda068496dd,-0.04174731182795665,510.78820833334464,True,1.56572022006944e-06,51759.346117998015,6.690509729299775,505.5998424215558,492.8725696942831,492.8907605441909,503.8931740780917,511.98408316900077,511.98361043153096,121.41027163922294,121.41027163922294,121.29170692082526,120.60640359262379,120.60640359262379,120.48862390161534,6.690509729299775,6.690509729299775,6.690509729299775,0.0,0.0,0.0,-0.31308340009610447,0.31308340009610447,-208.72226673073632,0.0,0.0,0.0,-0.3134737952877771,0.15673689764388854,-208.9825301918514,0.0,0.0,0.0,0.31308340009610447,False,0.01449555515979156,0.00010714526089581708,0.08600036129659056,False
main_camera_y_mm,bilinear_intensity,camera_y_mm,y,-0.04449999999999999,-0.04449999999999999,-0.00449999999999999,0.0015,0.0055,0.005505376344086021,0.058651026392960576,511,463,559,97,a9f30948f82146c5,-0.04174731182795665,510.78820833334464,True,1.5671155772189312e-06,51805.473627072104,6.604957004163886,510.640686628091,497.9134139008183,497.9266820513057,509.5234280467806,517.6143371376897,517.6083661053286,121.42857339886795,121.42857339886795,121.30999080765811,120.92488642902262,120.92488642902262,120.80679571961926,6.604957004163886,6.604957004163886,6.604957004163886,0.0,0.0,0.0,0.0009459924384600527,0.0009459924384600527,0.6306616256400351,1.4210854715202004e-14,7.105427357601002e-15,9.473903143468002e-12,-0.0006249819699206682,0.0003124909849603341,-0.4166546466137788,0.02047342298271726,0.06218687534199789,13.64894865514484,0.06218687534199789,False,0.013221709746632969,9.888020202934242e-05,0.012632413221251552,False
main_camera_y_mm,production_searchsorted,camera_y_mm,y,-0.04299999999999999,-0.04299999999999999,-0.002999999999999989,0.0015,0.0055,0.005505376344086021,0.058651026392960576,511,463,559,97,515e90fe30262287,-0.040247311827956885,510.81378333334465,True,1.574904916457006e-06,52062.972444859704,6.690509729299775,505.5998424215558,492.8725696942831,492.8907605441909,504.1852687308651,512.003450549047,512.0029588981201,121.41027163922294,121.41027163922294,121.29170692082526,120.96854983888021,120.96854983888021,120.85041648942816,6.690509729299775,6.690509729299775,6.690509729299775,0.0,0.0,0.0,0.2920946527734145,0.2920946527734145,194.72976851560966,0.0,0.0,0.0,0.36214624625641534,0.18107312312820767,241.43083083761022,0.0,0.0,0.0,0.2920946527734145,False,0.008968331558879931,6.616698062273734e-05,0.05289527180917151,False
main_camera_y_mm,bilinear_intensity,camera_y_mm,y,-0.04299999999999999,-0.04299999999999999,-0.002999999999999989,0.0015,0.0055,0.005505376344086021,0.058651026392960576,511,463,559,97,c5103c95575b89d7,-0.040247311827956885,510.81378333334465,True,1.567214083187939e-06,51808.73002274179,6.672841876001691,510.640686628091,497.9134139008183,497.9266820513057,509.5333418723233,517.3515236905051,517.3458093119011,121.42857339886795,121.42857339886795,121.30999080765811,120.92472378267728,120.92472378267728,120.80663323210825,6.672841876001691,6.672841876001691,6.672841876001691,0.0,0.0,0.0,0.009913825542696486,0.009913825542696486,6.609217028464324,0.0,0.0,0.0,-0.00016264634534479683,8.132317267239841e-05,-0.10843089689653122,0.0678848718378049,0.20555734668676579,45.25658122520326,0.20555734668676579,False,0.01335501663598721,0.00010920852016838217,0.015922638690670017,False
main_camera_y_mm,production_searchsorted,camera_y_mm,y,-0.0415,-0.0415,-0.0015000000000000013,0.0015,0.0055,0.005505376344086021,0.058651026392960576,511,463,559,97,24ff7f7dc33e1aa7,-0.03874731182795668,510.83935833334465,True,1.5649930486832602e-06,51735.30739448794,6.690509729299775,505.5998424215558,492.8725696942831,492.8907605441909,504.3555945037974,511.901049049252,511.9006573997898,121.41027163922294,121.41027163922294,121.29170692082526,120.60454321793028,120.60454321793028,120.48676534369403,6.690509729299775,6.690509729299775,6.690509729299775,0.0,0.0,0.0,0.17032577293230133,0.17032577293230133,113.55051528820088,0.0,0.0,0.0,-0.3640066209499224,0.1820033104749612,-242.6710806332816,0.0,0.0,0.0,0.1820033104749612,False,0.01046263524788064,7.764454064525546e-05,0.06339849327565335,False
main_camera_y_mm,bilinear_intensity,camera_y_mm,y,-0.0415,-0.0415,-0.0015000000000000013,0.0015,0.0055,0.005505376344086021,0.058651026392960576,511,463,559,97,e05a805e643c54d6,-0.03874731182795668,510.83935833334465,True,1.5672553901093862e-06,51810.095540806156,6.624371643879474,510.640686628091,497.9134139008183,497.9266820513057,509.52743239915685,517.0728869446114,517.0674446722045,121.42857339886794,121.42857339886794,121.30999080765811,120.92489716731359,120.92489716731359,120.80680644742364,6.624371643879474,6.624371643879474,6.624371643879474,0.0,0.0,0.0,-0.005909473166468615,0.005909473166468615,-3.9396487776457434,-1.4210854715202004e-14,7.105427357601002e-15,-9.473903143468002e-12,0.0001733846363123348,8.66923181561674e-05,0.11558975754155654,-0.04847023212221657,0.14527612978972465,-32.313488081477715,0.14527612978972465,False,0.01328577234295957,0.00010384557541203308,0.014350561289442591,False
main_camera_y_mm,production_searchsorted,camera_y_mm,y,-0.04,-0.04,0.0,0.0015,0.0055,0.005505376344086021,0.058651026392960576,511,463,559,97,35f4603a4c195f4c,-0.037247311827956917,510.86493333334465,True,1.5686098852987437e-06,51854.872241280784,6.690509729299775,505.5998424215558,492.8725696942831,492.8907605441909,504.3139154721346,511.5866427448619,511.5865581328064,121.41027163922294,121.41027163922294,121.29170692082526,120.89739679757508,120.89739679757508,120.77933293351495,6.690509729299775,6.690509729299775,6.690509729299775,0.0,0.0,0.0,-0.041679031662795296,0.041679031662795296,-27.786021108530196,0.0,0.0,0.0,0.29285357964479886,0.14642678982239943,195.23571976319923,0.0,0.0,0.0,0.14642678982239943,False,0.015211632827060392,0.0001121769810742872,0.08275276277774925,False
main_camera_y_mm,bilinear_intensity,camera_y_mm,y,-0.04,-0.04,0.0,0.0015,0.0055,0.005505376344086021,0.058651026392960576,511,463,559,97,558ff391774786b8,-0.037247311827956917,510.86493333334465,True,1.5672211696853867e-06,51808.96428712022,6.564859507554248,510.640686628091,497.9134139008183,497.9266820513057,509.52144935741416,516.7941766301414,516.789006535776,121.42857339886795,121.42857339886795,121.30999080765811,120.92547706671196,120.92547706671196,120.80738578051397,6.564859507554248,6.564859507554248,6.564859507554248,0.0,0.0,0.0,-0.00598304174269515,0.00598304174269515,-3.9886944951300998,1.4210854715202004e-14,7.105427357601002e-15,9.473903143468002e-12,0.0005798993983745504,0.0002899496991872752,0.3865995989163669,-0.05951213632522645,0.1796763210899018,-39.674757550150964,0.1796763210899018,False,0.01332344775098875,0.00010825013748637102,0.015346812070422117,False
main_camera_y_mm,production_searchsorted,camera_y_mm,y,-0.0385,-0.0385,0.0015000000000000013,0.0015,0.0055,0.005505376344086021,0.058651026392960576,511,463,559,97,c9e68f649fda6bd6,-0.03574731182795672,510.89050833334466,True,1.5697191365993602e-06,51891.54170576398,6.690509729299775,505.5998424215558,492.8725696942831,492.8907605441909,504.4143235940379,511.4143235940379,511.414407262403,121.41027163922294,121.41027163922294,121.29170692082523,120.81271615353175,120.81271615353175,120.69473498541305,6.690509729299775,6.690509729299775,6.690509729299775,0.0,0.0,0.0,0.10040812190328552,0.10040812190328552,66.93874793552368,0.0,0.0,0.0,-0.0846806440433312,0.0423403220216656,-56.45376269555413,0.0,0.0,0.0,0.10040812190328552,False,0.016862737598285504,0.00012464031293718807,0.09007933538291288,False
main_camera_y_mm,bilinear_intensity,camera_y_mm,y,-0.0385,-0.0385,0.0015000000000000013,0.0015,0.0055,0.005505376344086021,0.058651026392960576,511,463,559,97,6a8f2f5520a11feb,-0.03574731182795672,510.89050833334466,True,1.567122019540712e-06,51805.686596387175,6.6273419798236235,510.640686628091,497.9134139008183,497.9266820513057,509.5278304422609,516.5278304422609,516.5229204515946,121.42857339886795,121.42857339886795,121.30999080765811,120.92375675497819,120.92375675497819,120.80566714877212,6.6273419798236235,6.6273419798236235,6.6273419798236235,0.0,0.0,0.0,0.00638108484673694,0.00638108484673694,4.254056564491293,0.0,0.0,0.0,-0.00172031173377718,0.00086015586688859,-1.1468744891847866,0.062482472269375755,0.19035433187100673,41.65498151291717,0.19035433187100673,False,0.013226602256497598,0.0001078776133301836,0.015431618380458537,False
main_camera_y_mm,production_searchsorted,camera_y_mm,y,-0.037,-0.037,0.0030000000000000027,0.0015,0.0055,0.005505376344086021,0.058651026392960576,511,463,559,97,2aeb1d4a8914c3fc,-0.034247311827956955,510.91608333334466,True,1.5683697784858538e-06,51846.93482597864,6.690509729299775,505.5998424215558,492.8725696942831,492.8907605441909,503.8741412589981,510.6014139862708,510.6022915116748,121.41027163922294,121.41027163922294,121.29170692082526,120.86950648306892,120.86950648306892,120.75146985564406,6.690509729299775,6.690509729299775,6.690509729299775,0.0,0.0,0.0,-0.5401823350397876,0.5401823350397876,-360.12155669319174,0.0,0.0,0.0,0.05679032953716501,0.028395164768582504,37.86021969144334,0.0,0.0,0.0,0.5401823350397876,False,0.014268954654431752,0.00010554304306196883,0.07498937285566101,False
main_camera_y_mm,bilinear_intensity,camera_y_mm,y,-0.037,-0.037,0.0030000000000000027,0.0015,0.0055,0.005505376344086021,0.058651026392960576,511,463,559,97,698d325b5914df92,-0.034247311827956955,510.91608333334466,True,1.5672641216803447e-06,51810.38418777999,6.66425970657791,510.640686628091,497.9134139008183,497.9266820513057,509.5353718482585,516.2626445755312,516.2579935554379,121.42857339886795,121.42857339886795,121.30999080765811,120.92515110993403,120.92515110993403,120.80706014205322,6.66425970657791,6.66425970657791,6.66425970657791,0.0,0.0,0.0,0.007541405997585571,0.007541405997585571,5.02760399839038,0.0,0.0,0.0,0.0013943549558490531,0.0006971774779245266,0.9295699705660354,0.03691772675428684,0.11141035687212068,24.611817836191225,0.11141035687212068,False,0.013230960409939357,9.963459840008025e-05,0.013408905441458282,False
main_camera_y_mm,production_searchsorted,camera_y_mm,y,-0.0355,-0.0355,0.004500000000000004,0.0015,0.0055,0.005505376344086021,0.058651026392960576,511,463,559,97,bd7072686f0a3055,-0.03274731182795676,510.94165833334466,True,1.5565873054031263e-06,51457.43158357443,6.690509729299775,505.5998424215558,492.8725696942831,492.8907605441909,503.9197594444995,510.37430489904494,510.37540421066694,121.41027163922294,121.41027163922294,121.29170692082526,120.98449016262991,120.98449016262991,120.86634124645545,6.690509729299775,6.690509729299775,6.690509729299775,0.0,0.0,0.0,0.04561818550138241,0.04561818550138241,30.412123667588276,0.0,0.0,0.0,0.11498367956099287,0.057491839780496434,76.65578637399524,0.0,0.0,0.0,0.057491839780496434,False,0.009897853281724637,7.31484247671917e-05,0.0583263289179953,False
main_camera_y_mm,bilinear_intensity,camera_y_mm,y,-0.0355,-0.0355,0.004500000000000004,0.0015,0.0055,0.005505376344086021,0.058651026392960576,511,463,559,97,35e34691daca8bde,-0.03274731182795676,510.94165833334466,True,1.567246295965947e-06,51809.79490796519,6.604747570252554,510.640686628091,497.9134139008183,497.9266820513057,509.52578260355534,515.9803280581008,515.9759527377315,121.42857339886795,121.42857339886795,121.30999080765811,120.92340835990912,120.92340835990912,120.80531909393264,6.604747570252554,6.604747570252554,6.604747570252554,0.0,0.0,0.0,-0.009589244703136046,0.009589244703136046,-6.392829802090698,0.0,0.0,0.0,-0.0017427500249169725,0.0008713750124584863,-1.1618333499446483,-0.059512136325356124,0.17860089175881033,-39.674757550237416,0.17860089175881033,False,0.013326681229008987,0.0001073460766006348,0.015301571497293762,False
main_camera_y_mm,production_searchsorted,camera_y_mm,y,-0.033999999999999996,-0.033999999999999996,0.006000000000000005,0.0015,0.0055,0.005505376344086021,0.058651026392960576,511,463,559,97,7e2a04c09b29d4b6,-0.03124731182795699,510.96723333334467,True,1.566165794208839e-06,51774.07584161452,6.690509729299775,505.5998424215558,492.8725696942831,492.8907605441909,504.62326336002536,510.8050815418435,510.8057601731503,121.41027163922294,121.41027163922294,121.29170692082526,120.76513895134084,120.76513895134084,120.64720424533367,6.690509729299775,6.690509729299775,6.690509729299775,0.0,0.0,0.0,0.7035039155258573,0.7035039155258573,469.00261035057156,0.0,0.0,0.0,-0.21935121128906587,0.10967560564453294,-146.23414085937725,0.0,0.0,0.0,0.7035039155258573,False,0.00952255420263447,6.984614460969069e-05,0.06411850102196713,False
main_camera_y_mm,bilinear_intensity,camera_y_mm,y,-0.033999999999999996,-0.033999999999999996,0.006000000000000005,0.0015,0.0055,0.005505376344086021,0.058651026392960576,511,463,559,97,ad7483133295f240,-0.03124731182795699,510.96723333334467,True,1.5672014501935375e-06,51808.312403092146,6.581842083645406,510.640686628091,497.9134139008183,497.9266820513057,509.5227488985396,515.7045670803577,515.7004610578183,121.42857339886794,121.42857339886794,121.30999080765811,120.9237830800277,120.9237830800277,120.80569344811362,6.581842083645406,6.581842083645406,6.581842083645406,0.0,0.0,0.0,-0.00303370501575273,0.00303370501575273,-2.02247001050182,-1.4210854715202004e-14,7.105427357601002e-15,-9.473903143468002e-12,0.00037472011858596943,0.00018736005929298472,0.24981341239064628,-0.022905486607148084,0.06936067234518764,-15.27032440476539,0.06936067234518764,False,0.013324507468543344,0.00010032200525389459,0.012844032513825258,False
main_camera_y_mm,production_searchsorted,camera_y_mm,y,-0.032499999999999994,-0.032499999999999994,0.007500000000000007,0.0015,0.0055,0.005505376344086021,0.058651026392960576,511,463,559,97,715105277c1a8a28,-0.029747311827956792,510.99280833334467,True,1.5696457214530577e-06,51889.11475877877,6.690509729299775,505.5998424215558,492.8725696942831,492.8907605441909,504.52083156002857,510.42992246911945,510.4309674667082,121.41027163922294,121.41027163922294,121.29170692082526,120.81223461164281,120.81223461164281,120.69425391377986,6.690509729299775,6.690509729299775,6.690509729299775,0.0,0.0,0.0,-0.10243179999679342,0.10243179999679342,-68.28786666452895,0.0,0.0,0.0,0.047095660301962994,0.023547830150981497,31.397106867975328,0.0,0.0,0.0,0.10243179999679342,False,0.015485723585877109,0.00011428381742385659,0.08941491184267854,False
main_camera_y_mm,bilinear_intensity,camera_y_mm,y,-0.032499999999999994,-0.032499999999999994,0.007500000000000007,0.0015,0.0055,0.005505376344086021,0.058651026392960576,511,463,559,97,7c5647804ce17010,-0.029747311827956792,510.99280833334467,True,1.5671368185871805e-06,51806.17582106382,6.649726955483514,510.640686628091,497.9134139008183,497.9266820513057,509.53315311000364,515.4422440190946,515.4383941714196,121.42857339886795,121.42857339886795,121.30999080765812,120.92276402860467,120.92276402860467,120.804675391858,6.649726955483514,6.649726955483514,6.649726955483514,0.0,0.0,0.0,0.01040421146404924,0.01040421146404924,6.936140976032827,1.4210854715202004e-14,7.105427357601002e-15,9.473903143468002e-12,-0.0010190514230288272,0.0005095257115144136,-0.6793676153525515,0.06788487183810776,0.2062792481964538,45.25658122540518,0.2062792481964538,False,0.013323048018843764,0.000110043126220974,0.0159924175405495,False
main_camera_y_mm,production_searchsorted,camera_y_mm,y,-0.030999999999999993,-0.030999999999999993,0.009000000000000008,0.0015,0.0055,0.005505376344086021,0.058651026392960576,512,463,559,97,d84e4402e993cd2c,-0.028247311827956593,511.0183833333446,True,1.5678929760155985e-06,51831.17276084623,6.690509729299775,505.5998424215558,492.8725696942831,492.8907605441909,503.8901945796361,509.5265582159997,509.52848540524184,121.41027163922294,121.41027163922294,121.29170692082526,120.84810286926664,120.84810286926664,120.73008714380835,6.690509729299775,6.690509729299775,6.690509729299775,0.0,0.0,0.0,-0.6306369803924667,0.6306369803924667,-420.4246535949778,0.0,0.0,0.0,0.03586825762383228,0.01793412881191614,23.912171749221518,0.0,0.0,0.0,0.6306369803924667,False,0.014742307690693469,0.00010903918906715674,0.07519959579286788,False
main_camera_y_mm,bilinear_intensity,camera_y_mm,y,-0.030999999999999993,-0.030999999999999993,0.009000000000000008,0.0015,0.0055,0.005505376344086021,0.058651026392960576,512,463,559,97,0c5443c3ff7dd8db,-0.028247311827956593,511.0183833333446,True,1.567255931502613e-06,51810.11343810291,6.644635632950859,510.640686628091,497.9134139008183,497.9266820513057,509.5327107607221,515.1690743970858,515.1654913166198,121.42857339886795,121.42857339886795,121.30999080765812,120.92396166013644,120.92396166013644,120.8058718538277,6.644635632950859,6.644635632950859,6.644635632950859,0.0,0.0,0.0,-0.00044234928151354325,0.00044234928151354325,-0.29489952100902883,0.0,0.0,0.0,0.001197631531766774,0.000598815765883387,0.7984210211778494,-0.005091322532654985,0.015312876954914866,-3.39421502176999,0.015312876954914866,False,0.013161811727601273,9.796525114033483e-05,0.012278178322739374,False
main_camera_y_mm,production_searchsorted,camera_y_mm,y,-0.02949999999999999,-0.02949999999999999,0.01050000000000001,0.0015,0.0055,0.005505376344086021,0.058651026392960576,512,463,560,98,bdcd4bfba0f41051,-0.026747311827956827,511.0439583333447,True,1.5686346753173722e-06,51855.69174602884,6.690509729299775,505.5998424215558,492.8725696942831,492.8907605441909,504.2054211203476,509.56905748398395,509.5709431700347,121.41027163922291,121.41027163922291,121.29170692082523,120.9179917441066,120.9179917441066,120.799907767794,6.690509729299775,6.690509729299775,6.690509729299775,0.0,0.0,0.0,0.31522654071147826,0.31522654071147826,210.15102714098552,-2.842170943040401e-14,1.4210854715202004e-14,-1.8947806286936004e-11,0.06988887483996109,0.034944437419980545,46.59258322664073,0.0,0.0,0.0,0.31522654071147826,False,0.01695425311893927,0.00012525947247416202,0.08553030629739741,False
main_camera_y_mm,bilinear_intensity,camera_y_mm,y,-0.02949999999999999,-0.02949999999999999,0.01050000000000001,0.0015,0.0055,0.005505376344086021,0.058651026392960576,512,463,560,98,c45c3f3d8307ce65,-0.026747311827956827,511.0439583333447,True,1.567228781339548e-06,51809.21591205118,6.585123496625499,510.640686628091,497.9134139008183,497.9266820513057,509.5246178113164,514.8882541749527,514.884945332985,121.42857339886795,121.42857339886795,121.30999080765812,120.92359177560101,120.92359177560101,120.80550233050764,6.585123496625499,6.585123496625499,6.585123496625499,0.0,0.0,0.0,-0.008092949405750005,0.008092949405750005,-5.395299603833337,0.0,0.0,0.0,-0.0003698845354307423,0.00018494226771537114,-0.24658969028716152,-0.05951213632535968,0.17912836643814747,-39.67475755023978,0.17912836643814747,False,0.013296300538163726,0.00010773908614002342,0.015319652651377845,False
main_camera_y_mm,production_searchsorted,camera_y_mm,y,-0.02799999999999999,-0.02799999999999999,0.01200000000000001,0.0015,0.0055,0.005505376344086021,0.058651026392960576,512,464,560,97,4f264f50502324cb,-0.02524731182795663,511.0695333333446,True,1.5657173247509263e-06,51759.2504049893,6.690509729299775,505.5998424215558,492.8725696942831,492.8907605441909,503.89234054274226,508.9832496336513,508.98570739768087,121.41027163922294,121.41027163922294,121.29170692082526,120.60451914275781,120.60451914275781,120.48674129203243,6.690509729299775,6.690509729299775,6.690509729299775,0.0,0.0,0.0,-0.3130805776053194,0.3130805776053194,-208.72038507021293,2.842170943040401e-14,1.4210854715202004e-14,1.8947806286936004e-11,-0.31347260134879207,0.15673630067439603,-208.98173423252805,0.0,0.0,0.0,0.3130805776053194,False,0.014495581915064717,0.00010714526089581708,0.08600036131298823,False
main_camera_y_mm,bilinear_intensity,camera_y_mm,y,-0.02799999999999999,-0.02799999999999999,0.01200000000000001,0.0015,0.0055,0.005505376344086021,0.058651026392960576,512,464,560,97,c4d7d9585510b234,-0.02524731182795663,511.0695333333446,True,1.5671135242675831e-06,51805.40576091184,6.604227059305296,510.640686628091,497.9134139008183,497.9266820513057,509.5255011637963,514.6164102547054,514.613366885316,121.42857339886795,121.42857339886795,121.30999080765811,120.92305181722931,120.92305181722931,120.80496289943903,6.604227059305296,6.604227059305296,6.604227059305296,0.0,0.0,0.0,0.0008833524799456427,0.0008833524799456427,0.5889016532970951,0.0,0.0,0.0,-0.0005399583717036194,0.0002699791858518097,-0.35997224780241294,0.019103562679796404,0.05802036268442312,12.735708453197603,0.05802036268442312,False,0.013225095877015636,9.887374921323888e-05,0.012585708522213909,False
main_camera_y_mm,production_searchsorted,camera_y_mm,y,-0.02649999999999999,-0.02649999999999999,0.013500000000000012,0.0015,0.0055,0.005505376344086021,0.058651026392960576,512,464,560,97,be993470577ef424,-0.023747311827956863,511.0951083333446,True,1.5749020211384924e-06,52062.87673185099,6.690509729299775,505.5998424215558,492.8725696942831,492.8907605441909,504.184422989836,509.0026048080178,509.0050436705099,121.41027163922294,121.41027163922294,121.29170692082526,120.96668231854476,120.96668231854476,120.84855079284306,6.690509729299775,6.690509729299775,6.690509729299775,0.0,0.0,0.0,0.2920824470937191,0.2920824470937191,194.72163139581275,0.0,0.0,0.0,0.36216317578694657,0.18108158789347328,241.4421171912977,0.0,0.0,0.0,0.2920824470937191,False,0.008968348143084493,6.616698062273734e-05,0.052895271819292655,False
main_camera_y_mm,bilinear_intensity,camera_y_mm,y,-0.02649999999999999,-0.02649999999999999,0.013500000000000012,0.0015,0.0055,0.005505376344086021,0.058651026392960576,512,464,560,97,02d9a0b5a912e8a2,-0.023747311827956863,511.0951083333446,True,1.5672065804155935e-06,51808.4819972097,6.672111931143251,510.640686628091,497.9134139008183,497.9266820513057,509.53539923108,514.3535810492618,514.3507943490184,121.42857339886795,121.42857339886795,121.30999080765812,120.92285828537999,120.92285828537999,120.80476955658565,6.672111931143251,6.672111931143251,6.672111931143251,0.0,0.0,0.0,0.00989806728370013,0.00989806728370013,6.598711522466753,0.0,0.0,0.0,-0.00019353184931958367,9.676592465979184e-05,-0.12902123287972245,0.067884871837955,0.2055800663070959,45.25658122530333,0.2055800663070959,False,0.013356802246087514,0.00010924501587100978,0.015926431973739923,False
main_camera_y_mm,production_searchsorted,camera_y_mm,y,-0.025,-0.025,0.015,0.0015,0.0055,0.005505376344086021,0.058651026392960576,512,464,560,97,1e34698296f22cfb,-0.022247311827956664,511.1206833333447,True,1.5649901533647466e-06,51735.211681479224,6.690509729299775,505.5998424215558,492.8725696942831,492.8907605441909,504.3547617901363,508.90021633559087,508.9027551868256,121.41027163922294,121.41027163922294,121.29170692082526,120.60265930569633,120.60265930569633,120.48488327121811,6.690509729299775,6.690509729299775,6.690509729299775,0.0,0.0,0.0,0.17033880030032833,0.17033880030032833,113.55920020021888,0.0,0.0,0.0,-0.36402301284842054,0.18201150642421027,-242.68200856561367,0.0,0.0,0.0,0.18201150642421027,False,0.010462654482513099,7.764454064525546e-05,0.06339849328765841,False
main_camera_y_mm,bilinear_intensity,camera_y_mm,y,-0.025,-0.025,0.015,0.0015,0.0055,0.005505376344086021,0.058651026392960576,512,464,560,97,4eeb7a07d4b1c001,-0.022247311827956664,511.1206833333447,True,1.5672529103769111e-06,51810.01356617888,6.625011559323937,510.640686628091,497.9134139008183,497.9266820513057,509.52958916391,514.0750437093645,514.072529018242,121.42857339886794,121.42857339886794,121.30999080765811,120.92304089853506,120.92304089853506,120.80495199140759,6.625011559323937,6.625011559323937,6.625011559323937,0.0,0.0,0.0,-0.005810067170045841,0.005810067170045841,-3.8733781133638936,-1.4210854715202004e-14,7.105427357601002e-15,-9.473903143468002e-12,0.00018261315507572817,9.130657753786409e-05,0.12174210338381877,-0.04710037181931348,0.1411857963577147,-31.40024787954232,0.1411857963577147,False,0.013282657494413224,0.00010344554451307209,0.01424464892231031,False
main_camera_y_mm,production_searchsorted,camera_y_mm,y,-0.0235,-0.0235,0.0165,0.0015,0.0055,0.005505376344086021,0.058651026392960576,512,464,560,97,568bfd0e04fc7c6f,-0.0207473118279569,511.14625833334463,True,1.5686069723776623e-06,51854.775946369,6.690509729299775,505.5998424215558,492.8725696942831,492.8907605441909,504.3130715693939,508.58579884212116,508.5886447416894,121.41027163922294,121.41027163922294,121.29170692082526,120.89551619062655,120.89551619062655,120.77745416309664,6.690509729299775,6.690509729299775,6.690509729299775,0.0,0.0,0.0,-0.04169022074239592,0.04169022074239592,-27.793480494930616,0.0,0.0,0.0,0.29285688493021667,0.14642844246510833,195.2379232868111,0.0,0.0,0.0,0.14642844246510833,False,0.015211672217142034,0.00011217706401953827,0.08275276279375979,False
main_camera_y_mm,bilinear_intensity,camera_y_mm,y,-0.0235,-0.0235,0.0165,0.0015,0.0055,0.005505376344086021,0.058651026392960576,512,464,560,97,ba40f82d1b89e96d,-0.0207473118279569,511.14625833334463,True,1.567218645797867e-06,51808.88085282205,6.565499422998578,510.640686628091,497.9134139008183,497.9266820513057,509.52359914733466,513.796326420062,513.7940839137923,121.42857339886795,121.42857339886795,121.30999080765811,120.92354530657313,120.92354530657313,120.80545590685968,6.565499422998578,6.565499422998578,6.565499422998578,0.0,0.0,0.0,-0.005990016575310619,0.005990016575310619,-3.9933443835404128,1.4210854715202004e-14,7.105427357601002e-15,9.473903143468002e-12,0.0005044080380685045,0.00025220401903425227,0.336272025379003,-0.05951213632535879,0.17965896600316822,-39.67475755023919,0.17965896600316822,False,0.013322856625846794,0.00010823623291810022,0.01534587995927406,False
main_camera_y_mm,production_searchsorted,camera_y_mm,y,-0.022,-0.022,0.018000000000000002,0.0015,0.0055,0.005505376344086021,0.058651026392960576,512,464,560,97,dfec01ebf7c9731c,-0.0192473118279567,511.1718333333447,True,1.569716021386158e-06,51891.43872350936,6.690509729299775,505.5998424215558,492.8725696942831,492.8907605441909,504.41354360915705,508.41354360915705,508.4165577267261,121.41027163922294,121.41027163922294,121.29170692082526,120.81070748149772,120.81070748149772,120.6927282749728,6.690509729299775,6.690509729299775,6.690509729299775,0.0,0.0,0.0,0.10047203976313313,0.10047203976313313,66.98135984208875,0.0,0.0,0.0,-0.08480870912883631,0.042404354564418156,-56.539139419224206,0.0,0.0,0.0,0.10047203976313313,False,0.016862639949671458,0.00012463935971428544,0.09007933538616145,False
main_camera_y_mm,bilinear_intensity,camera_y_mm,y,-0.022,-0.022,0.018000000000000002,0.0015,0.0055,0.005505376344086021,0.058651026392960576,512,464,560,97,772139ca2e743653,-0.0192473118279567,511.1718333333447,True,1.5671186691660964e-06,51805.575840201534,6.626612034965183,510.640686628091,497.9134139008183,497.9266820513057,509.52978071812305,513.529780718123,513.5277985103904,121.42857339886795,121.42857339886795,121.30999080765811,120.92184619645235,120.92184619645235,120.8037584560261,6.626612034965183,6.626612034965183,6.626612034965183,0.0,0.0,0.0,0.0061815707883852156,0.0061815707883852156,4.12104719225681,0.0,0.0,0.0,-0.0016991101207821657,0.0008495550603910829,-1.1327400805214438,0.061112611966605,0.1861628736194262,40.74174131107,0.1861628736194262,False,0.013223935178302145,0.00010733832496162047,0.015306313601643043,False
main_camera_y_mm,production_searchsorted,camera_y_mm,y,-0.020499999999999997,-0.020499999999999997,0.019500000000000003,0.0015,0.0055,0.005505376344086021,0.058651026392960576,512,464,560,97,533b482e5017533a,-0.017747311827956934,511.19740833334464,True,1.5683666632726516e-06,51846.83184372402,6.690509729299775,505.5998424215558,492.8725696942831,492.8907605441909,503.8733615114318,507.6006342387045,507.60444221308074,121.41027163922294,121.41027163922294,121.29170692082526,120.86751162461196,120.86751162461196,120.74947694529102,6.690509729299775,6.690509729299775,6.690509729299775,0.0,0.0,0.0,-0.5401820977252214,0.5401820977252214,-360.12139848348096,0.0,0.0,0.0,0.05680414311424897,0.028402071557124486,37.869428742832646,0.0,0.0,0.0,0.5401820977252214,False,0.01426898297218816,0.00010554304306196883,0.07498937287158564,False
main_camera_y_mm,bilinear_intensity,camera_y_mm,y,-0.020499999999999997,-0.020499999999999997,0.019500000000000003,0.0015,0.0055,0.005505376344086021,0.058651026392960576,512,464,560,97,bddf6a0157be9471,-0.017747311827956934,511.19740833334464,True,1.5672609239441078e-06,51810.27847749117,6.664899622022242,510.640686628091,497.9134139008183,497.9266820513057,509.53751553331983,513.2647882605926,513.2630648345568,121.42857339886795,121.42857339886795,121.30999080765812,120.92321761135373,120.92321761135373,120.80512853165513,6.664899622022242,6.664899622022242,6.664899622022242,0.0,0.0,0.0,0.007734815196783984,0.007734815196783984,5.156543464522656,0.0,0.0,0.0,0.0013714149013850374,0.0006857074506925187,0.9142766009233583,0.03828758705705848,0.11555705043553118,25.52505803803899,0.11555705043553118,False,0.013233843742559011,9.993512919079317e-05,0.013494457888906056,False
main_camera_y_mm,production_searchsorted,camera_y_mm,y,-0.018999999999999996,-0.018999999999999996,0.021000000000000005,0.0015,0.0055,0.005505376344086021,0.058651026392960576,512,464,560,97,509e9759283db768,-0.016247311827956735,511.22298333334464,True,1.5565841725873566e-06,51457.328019416746,6.690509729299775,505.5998424215558,492.8725696942831,492.8907605441909,503.9189897239832,507.37353517852864,507.37756492933084,121.41027163922294,121.41027163922294,121.29170692082526,120.98247474630787,120.98247474630787,120.86432779831341,6.690509729299775,6.690509729299775,6.690509729299775,0.0,0.0,0.0,0.045628212551378056,0.045628212551378056,30.41880836758537,0.0,0.0,0.0,0.11496312169590794,0.05748156084795397,76.64208113060529,0.0,0.0,0.0,0.05748156084795397,False,0.009897884165122068,7.314850771244276e-05,0.058326328930598616,False
main_camera_y_mm,bilinear_intensity,camera_y_mm,y,-0.018999999999999996,-0.018999999999999996,0.021000000000000005,0.0015,0.0055,0.005505376344086021,0.058651026392960576,512,464,560,97,7b184e9f7a92e52d,-0.016247311827956735,511.22298333334464,True,1.5672439868993323e-06,51809.71857518454,6.605387485696883,510.640686628091,497.9134139008183,497.9266820513057,509.5279198459261,512.9824653004715,512.9810175804515,121.42857339886795,121.42857339886795,121.30999080765811,120.9214318696734,120.9214318696734,120.80334453386317,6.605387485696883,6.605387485696883,6.605387485696883,0.0,0.0,0.0,-0.00959568739375527,0.00959568739375527,-6.39712492917018,0.0,0.0,0.0,-0.0017857416803366277,0.0008928708401683139,-1.1904944535577517,-0.05951213632535879,0.17858374379328404,-39.67475755023919,0.17858374379328404,False,0.013327384887411042,0.00010733600579082789,0.015301156914718323,False
main_camera_y_mm,production_searchsorted,camera_y_mm,y,-0.017499999999999995,-0.017499999999999995,0.022500000000000006,0.0015,0.0055,0.005505376344086021,0.058651026392960576,512,464,560,97,dbf72cfeeed6356f,-0.01474731182795697,511.24855833334465,True,1.5661624591009486e-06,51773.96559011401,6.690509729299775,505.5998424215558,492.8725696942831,492.8907605441909,504.62254718684676,507.80436536866495,507.8079743868596,121.41027163922294,121.41027163922294,121.29170692082526,120.76299264913877,120.76299264913877,120.64506003912983,6.690509729299775,6.690509729299775,6.690509729299775,0.0,0.0,0.0,0.7035574628635572,0.7035574628635572,469.03830857570483,0.0,0.0,0.0,-0.21948209716910583,0.10974104858455291,-146.32139811273723,0.0,0.0,0.0,0.7035574628635572,False,0.00952244340893906,6.984519138678808e-05,0.06411850101585148,False
main_camera_y_mm,bilinear_intensity,camera_y_mm,y,-0.017499999999999995,-0.017499999999999995,0.022500000000000006,0.0015,0.0055,0.005505376344086021,0.058651026392960576,512,464,560,97,34d4712408e49e6a,-0.01474731182795697,511.24855833334465,True,1.5671995026128107e-06,51808.24802025821,6.581112138787117,510.640686628091,497.9134139008183,497.9266820513057,509.5247439298726,512.7065621116908,512.7053838283786,121.42857339886794,121.42857339886794,121.30999080765811,120.92195033187176,120.92195033187176,120.80386248975078,6.581112138787117,6.581112138787117,6.581112138787117,0.0,0.0,0.0,-0.003175916053464789,0.003175916053464789,-2.117277368976526,-1.4210854715202004e-14,7.105427357601002e-15,-9.473903143468002e-12,0.0005184621983573834,0.0002592310991786917,0.3456414655715889,-0.02427534690976607,0.0735016589483394,-16.183564606510714,0.0735016589483394,False,0.013325315789892423,0.0001003546938409862,0.01290337040988601,False
main_camera_y_mm,production_searchsorted,camera_y_mm,y,-0.015999999999999993,-0.015999999999999993,0.024000000000000007,0.0015,0.0055,0.005505376344086021,0.058651026392960576,512,464,560,97,b14a9f73437e82a6,-0.01324731182795677,511.27413333334465,True,1.5696951713110031e-06,51890.74946482655,6.690509729299775,505.5998424215558,492.8725696942831,492.8907605441909,504.522316681361,507.4314075904519,507.43538082522684,121.41027163922294,121.41027163922294,121.29170692082526,120.80866905332776,120.80866905332776,120.69069183745535,6.690509729299775,6.690509729299775,6.690509729299775,0.0,0.0,0.0,-0.1002305054857402,0.1002305054857402,-66.82033699049346,0.0,0.0,0.0,0.045676404188995434,0.022838202094497717,30.450936125996954,0.0,0.0,0.0,0.1002305054857402,False,0.01545205318408041,0.00011403508881208357,0.08941395219442809,False
main_camera_y_mm,bilinear_intensity,camera_y_mm,y,-0.015999999999999993,-0.015999999999999993,0.024000000000000007,0.0015,0.0055,0.005505376344086021,0.058651026392960576,512,464,560,97,1f0d31aeef178473,-0.01324731182795677,511.27413333334465,True,1.567133396058957e-06,51806.06267963494,6.648997010624922,510.640686628091,497.9134139008183,497.9266820513057,509.535109704764,512.444200613855,512.443278542943,121.42857339886795,121.42857339886795,121.30999080765812,120.9208354921113,120.9208354921113,120.80274873870103,6.648997010624922,6.648997010624922,6.648997010624922,0.0,0.0,0.0,0.01036577489139745,0.01036577489139745,6.9105165942649665,1.4210854715202004e-14,7.105427357601002e-15,9.473903143468002e-12,-0.0011148397604614502,0.0005574198802307251,-0.7432265069743001,0.0678848718378049,0.2063021276835921,45.25658122520326,0.2063021276835921,False,0.013317847643689939,0.00011005027476200605,0.015989606410491426,False
main_camera_y_mm,production_searchsorted,camera_y_mm,y,-0.014499999999999992,-0.014499999999999992,0.02550000000000001,0.0015,0.0055,0.005505376344086021,0.058651026392960576,512,464,560,97,a80debb6aa050310,-0.011747311827957005,511.29970833334465,True,1.567889640907708e-06,51831.06250934572,6.690509729299775,505.5998424215558,492.8725696942831,492.8907605441909,503.88947324531534,506.52583688167897,506.5306944628492,121.41027163922294,121.41027163922294,121.29170692082526,120.845983988371,120.845983988371,120.72797033213236,6.690509729299775,6.690509729299775,6.690509729299775,0.0,0.0,0.0,-0.6328434360456754,0.6328434360456754,-421.8956240304503,0.0,0.0,0.0,0.03731493504324135,0.018657467521620674,24.8766233621609,0.0,0.0,0.0,0.6328434360456754,False,0.014775470792527556,0.0001092879176789298,0.07520071879977451,False
main_camera_y_mm,bilinear_intensity,camera_y_mm,y,-0.014499999999999992,-0.014499999999999992,0.02550000000000001,0.0015,0.0055,0.005505376344086021,0.058651026392960576,512,464,560,97,d667d02eea008e9d,-0.011747311827957005,511.29970833334465,True,1.5672532432735539e-06,51810.02457102657,6.645275548395189,510.640686628091,497.9134139008183,497.9266820513057,509.53493645297215,512.1713000893358,512.1706445228423,121.42857339886795,121.42857339886795,121.30999080765811,120.92202599831349,120.92202599831349,120.80393808229948,6.645275548395189,6.645275548395189,6.645275548395189,0.0,0.0,0.0,-0.0001732517918640042,0.0001732517918640042,-0.11550119457600279,0.0,0.0,0.0,0.0011905062021924095,0.0005952531010962048,0.7936708014616064,-0.003721462229733241,0.01119405595697048,-2.4809748198221606,0.01119405595697048,False,0.013158947491842977,9.79071267330162e-05,0.012264688254861574,False
main_camera_y_mm,production_searchsorted,camera_y_mm,y,-0.01299999999999999,-0.01299999999999999,0.02700000000000001,0.0015,0.0055,0.005505376344086021,0.058651026392960576,512,464,560,97,5cb2539c296f8f4b,-0.010247311827956806,511.32528333334466,True,1.5685946117044383e-06,51854.36732907234,6.690509729299775,505.5998424215558,492.8725696942831,492.8907605441909,504.2071497955225,506.5707861591589,506.5755998445503,121.41027163922294,121.41027163922294,121.29170692082523,120.91622916800279,120.91622916800279,120.79814691295593,6.690509729299775,6.690509729299775,6.690509729299775,0.0,0.0,0.0,0.31767655020718166,0.31767655020718166,211.78436680478777,0.0,0.0,0.0,0.07024517963178312,0.03512258981589156,46.83011975452208,0.0,0.0,0.0,0.31767655020718166,False,0.016930863742657006,0.00012508640368596918,0.08552981762034888,False
main_camera_y_mm,bilinear_intensity,camera_y_mm,y,-0.01299999999999999,-0.01299999999999999,0.02700000000000001,0.0015,0.0055,0.005505376344086021,0.058651026392960576,512,464,560,97,1d99910b7f6349b4,-0.010247311827956806,511.32528333334466,True,1.5672261488161368e-06,51809.128886483864,6.585763412069962,510.640686628091,497.9134139008183,497.9266820513057,509.52679359467544,511.8904299583118,511.8900486790556,121.42857339886795,121.42857339886795,121.30999080765812,120.92161315315586,120.92161315315586,120.80352564031095,6.585763412069962,6.585763412069962,6.585763412069962,0.0,0.0,0.0,-0.0081428582967078,0.0081428582967078,-5.4285721978052,0.0,0.0,0.0,-0.00041284515762640694,0.00020642257881320347,-0.2752301050842713,-0.05951213632522645,0.1791111170389268,-39.674757550150964,0.1791111170389268,False,0.013295657417561219,0.0001077248718768423,0.0153189561353938,False
main_camera_y_mm,production_searchsorted,camera_y_mm,y,-0.01149999999999999,-0.01149999999999999,0.02850000000000001,0.0015,0.0055,0.005505376344086021,0.058651026392960576,512,464,560,97,ece13c6ba3915f23,-0.008747311827956607,511.35085833334466,True,1.565713787350915e-06,51759.133466145955,6.690509729299775,505.5998424215558,492.8725696942831,492.8907605441909,503.89168694988206,505.9825960407911,505.987984130595,121.41027163922294,121.41027163922294,121.29170692082526,120.60227123476791,120.60227123476791,120.48449557926521,6.690509729299775,6.690509729299775,6.690509729299775,0.0,0.0,0.0,-0.315462845640468,0.315462845640468,-210.308563760312,0.0,0.0,0.0,-0.31395793323487453,0.15697896661743727,-209.3052888232497,0.0,0.0,0.0,0.315462845640468,False,0.014519238096227877,0.00010731737646110735,0.08600085765890045,False
main_camera_y_mm,bilinear_intensity,camera_y_mm,y,-0.01149999999999999,-0.01149999999999999,0.02850000000000001,0.0015,0.0055,0.005505376344086021,0.058651026392960576,512,464,560,97,beb8196691f99851,-0.008747311827956607,511.35085833334466,True,1.5671113019282062e-06,51805.33229514732,6.603497114446855,510.640686628091,497.9134139008183,497.9266820513057,509.527614910944,511.61852400185313,511.61840825575746,121.42857339886795,121.42857339886795,121.30999080765811,120.92115720345309,120.92115720345309,120.80307013587158,6.603497114446855,6.603497114446855,6.603497114446855,0.0,0.0,0.0,0.0008213162685706266,0.0008213162685706266,0.5475441790470844,0.0,0.0,0.0,-0.0004559497027685211,0.00022797485138426055,-0.3039664685123474,0.017733702376892424,0.05385465971763042,11.822468251261617,0.05385465971763042,False,0.013228481580951908,9.886692298796518e-05,0.012542345087393844,False
main_camera_y_mm,production_searchsorted,camera_y_mm,y,-0.010000000000000002,-0.010000000000000002,0.03,0.0015,0.0055,0.005505376344086021,0.058651026392960576,512,464,560,97,dcac3757a08ec865,-0.007247311827956841,511.37643333334466,True,1.574626477830024e-06,52053.76786214956,6.690509729299775,505.5998424215558,492.8725696942831,492.8907605441909,504.2313082106642,506.04949002884604,506.0548127924897,121.41027163922294,121.41027163922294,121.29170692082526,120.92077873279031,120.92077873279031,120.80269203480907,6.690509729299775,6.690509729299775,6.690509729299775,0.0,0.0,0.0,0.3396212607821667,0.3396212607821667,226.4141738547778,0.0,0.0,0.0,0.31850749802239875,0.15925374901119937,212.3383320149325,0.0,0.0,0.0,0.3396212607821667,False,0.008794641948491647,6.488525862228896e-05,0.05285204602130546,False
main_camera_y_mm,bilinear_intensity,camera_y_mm,y,-0.010000000000000002,-0.010000000000000002,0.03,0.0015,0.0055,0.005505376344086021,0.058651026392960576,512,464,560,97,3efd5df630ecf74c,-0.007247311827956841,511.37643333334466,True,1.5671989216983706e-06,51808.228816475064,6.6713819862848105,510.640686628091,497.9134139008183,497.9266820513057,509.53749511232473,511.35567693050655,511.35581787100404,121.42857339886795,121.42857339886795,121.30999080765811,120.92093410059954,120.92093410059954,120.80284725089192,6.6713819862848105,6.6713819862848105,6.6713819862848105,0.0,0.0,0.0,0.00988020138072443,0.00988020138072443,6.586800920482953,0.0,0.0,0.0,-0.00022310285355331416,0.00011155142677665708,-0.14873523570220945,0.06788487183795588,0.20560279094978387,45.256581225303925,0.20560279094978387,False,0.013358597927113976,0.00010928159946506063,0.015930255260342804,False
main_camera_y_mm,production_searchsorted,camera_y_mm,y,-0.0085,-0.0085,0.0315,0.0015,0.0055,0.005505376344086021,0.058651026392960576,512,464,560,97,6144608fd8b21f51,-0.005747311827956642,511.40200833334467,True,1.5649866159647355e-06,51735.09474263588,6.690509729299775,505.5998424215558,492.8725696942831,492.8907605441909,504.3541090685113,505.8995636139658,505.905032790124,121.41027163922294,121.41027163922294,121.29170692082526,120.60041188403888,120.60041188403888,120.48263804430836,6.690509729299775,6.690509729299775,6.690509729299775,0.0,0.0,0.0,0.12280085784709627,0.12280085784709627,81.86723856473084,0.0,0.0,0.0,-0.3203668487514335,0.16018342437571675,-213.57789916762235,0.0,0.0,0.0,0.16018342437571675,False,0.010637228469905585,7.892626264570383e-05,0.0634345600007585,False
main_camera_y_mm,bilinear_intensity,camera_y_mm,y,-0.0085,-0.0085,0.0315,0.0015,0.0055,0.005505376344086021,0.058651026392960576,512,464,560,97,1706102c68d1258f,-0.005747311827956642,511.40200833334467,True,1.5672502566064972e-06,51809.92583823131,6.625651474768135,510.640686628091,497.9134139008183,497.9266820513057,509.5317879225773,511.07724246803184,511.0776553171841,121.42857339886795,121.42857339886795,121.30999080765812,120.92112194477156,120.92112194477156,120.80303491162235,6.625651474768135,6.625651474768135,6.625651474768135,0.0,0.0,0.0,-0.005707189747454322,0.005707189747454322,-3.804793164969548,0.0,0.0,0.0,0.00018784417201800352,9.392208600900176e-05,0.12522944801200234,-0.045730511516675065,0.13709456784423066,-30.487007677783375,0.13709456784423066,False,0.013279532436609695,0.0001030460589193676,0.014140976653707633,False
main_camera_y_mm,production_searchsorted,camera_y_mm,y,-0.006999999999999999,-0.006999999999999999,0.033,0.0015,0.0055,0.005505376344086021,0.058651026392960576,512,464,560,97,d6186183581be149,-0.004247311827956877,511.4275833333446,True,1.568602458973769e-06,51854.62674293451,6.690509729299775,505.5998424215558,492.8725696942831,492.8907605441909,504.31269040519027,505.5854176779176,505.59119363721646,121.41027163922294,121.41027163922294,121.29170692082526,120.89281161630664,120.89281161630664,120.77475222996259,6.690509729299775,6.690509729299775,6.690509729299775,0.0,0.0,0.0,-0.04141866332105337,0.04141866332105337,-27.612442214035582,0.0,0.0,0.0,0.29239973226776783,0.14619986613388392,194.93315484517856,0.0,0.0,0.0,0.14619986613388392,False,0.015211082950688685,0.00011217246498102681,0.08275276245796853,False
main_camera_y_mm,bilinear_intensity,camera_y_mm,y,-0.006999999999999999,-0.006999999999999999,0.033,0.0015,0.0055,0.005505376344086021,0.058651026392960576,512,464,560,97,34e6dc2e30945626,-0.004247311827956877,511.4275833333446,True,1.5672159457528898e-06,51808.791595136856,6.566139338442908,510.640686628091,497.9134139008183,497.9266820513057,509.525791560958,510.79851883368525,510.7992038738867,121.42857339886795,121.42857339886795,121.30999080765811,120.92154963020053,120.92154963020053,120.80346217938977,6.566139338442908,6.566139338442908,6.566139338442908,0.0,0.0,0.0,-0.005996361619281743,0.005996361619281743,-3.9975744128544948,0.0,0.0,0.0,0.0004276854289742005,0.00021384271448710024,0.28512361931613367,-0.05951213632522734,0.17964161426800662,-39.67475755015156,0.17964161426800662,False,0.013322265407705737,0.00010822231543149301,0.015344956791487504,False
main_camera_y_mm,production_searchsorted,camera_y_mm,y,-0.005499999999999998,-0.005499999999999998,0.0345,0.0015,0.0055,0.005505376344086021,0.058651026392960576,512,464,560,97,23ccefb50f6e381a,-0.0027473118279566777,511.4531583333447,True,1.5697175946634424e-06,51891.49073267578,6.690509729299775,505.5998424215558,492.8725696942831,492.8907605441909,504.41420796557935,505.41420796557935,505.4201511218629,121.41027163922294,121.41027163922294,121.29170692082526,120.81051550904162,120.81051550904162,120.69253648998982,6.690509729299775,6.690509729299775,6.690509729299775,0.0,0.0,0.0,0.10151756038908388,0.10151756038908388,67.6783735927226,0.0,0.0,0.0,-0.08229610726502301,0.041148053632511505,-54.86407151001534,0.0,0.0,0.0,0.10151756038908388,False,0.016860052572936705,0.00012461987667471304,0.09007932682322405,False
main_camera_y_mm,bilinear_intensity,camera_y_mm,y,-0.005499999999999998,-0.005499999999999998,0.0345,0.0015,0.0055,0.005505376344086021,0.058651026392960576,512,464,560,97,6eca9c4055b5cd6b,-0.0027473118279566777,511.4531583333447,True,1.5671151297718909e-06,51805.45883543441,6.625882090106744,510.640686628091,497.9134139008183,497.9266820513057,509.5317713864722,510.5317713864722,510.53271692222756,121.42857339886795,121.42857339886795,121.30999080765811,120.9198664490505,120.9198664490505,120.80178064197135,6.625882090106744,6.625882090106744,6.625882090106744,0.0,0.0,0.0,0.00597982551420273,0.00597982551420273,3.98655034280182,0.0,0.0,0.0,-0.0016831811500281901,0.0008415905750140951,-1.12212076668546,0.059742751663836025,0.18197223234072699,39.828501109224014,0.18197223234072699,False,0.013221261392629522,0.00010683198863243737,0.015182822101783094,False
main_camera_y_mm,production_searchsorted,camera_y_mm,y,-0.003999999999999997,-0.003999999999999997,0.036000000000000004,0.0015,0.0055,0.005505376344086021,0.058651026392960576,512,464,560,97,4a0e6efc19728cd9,-0.0012473118279569123,511.4787333333447,True,1.5683631258726407e-06,51846.71490488069,6.690509729299775,505.5998424215558,492.8725696942831,492.8907605441909,503.87270095041737,504.5999736776901,504.6067119846455,121.41027163922294,121.41027163922294,121.29170692082523,120.86529899737093,120.86529899737093,120.7472664788188,6.690509729299775,6.690509729299775,6.690509729299775,0.0,0.0,0.0,-0.541507015161983,0.541507015161983,-361.0046767746553,0.0,0.0,0.0,0.05478348832930635,0.027391744164653176,36.5223255528709,0.0,0.0,0.0,0.541507015161983,False,0.014272224464954719,0.00010556712514005269,0.07498938201013298,False
main_camera_y_mm,bilinear_intensity,camera_y_mm,y,-0.003999999999999997,-0.003999999999999997,0.036000000000000004,0.0015,0.0055,0.005505376344086021,0.058651026392960576,512,464,560,97,496546fc40b41fc2,-0.0012473118279569123,511.4787333333447,True,1.5672575465580867e-06,51810.166828366506,6.665539537466572,510.640686628091,497.9134139008183,497.9266820513057,509.5397028404793,510.26697556775207,510.26817969317415,121.42857339886794,121.42857339886794,121.30999080765811,120.92121832786918,120.92121832786918,120.80313120059586,6.665539537466572,6.665539537466572,6.665539537466572,0.0,0.0,0.0,0.00793145400712092,0.00793145400712092,5.28763600474728,-1.4210854715202004e-14,7.105427357601002e-15,-9.473903143468002e-12,0.0013518788186814845,0.0006759394093407423,0.9012525457876563,0.03965744735982746,0.1197046576456315,26.438298239884972,0.1197046576456315,False,0.013236720756286487,0.0001002362160354867,0.013582606664735751,False
main_camera_y_mm,production_searchsorted,camera_y_mm,y,-0.0024999999999999953,-0.0024999999999999953,0.037500000000000006,0.0015,0.0055,0.005505376344086021,0.058651026392960576,512,464,560,97,e6c3d24d81182307,0.0002526881720432868,511.5043083333447,True,1.5577817140715945e-06,51496.91616765602,6.690509729299775,505.5998424215558,492.8725696942831,492.8907605441909,504.1009627487787,504.55550820332417,504.5622899335943,121.41027163922294,121.41027163922294,121.29170692082523,121.11216418592855,121.11216418592855,120.99389058809072,6.690509729299775,6.690509729299775,6.690509729299775,0.0,0.0,0.0,0.22826179836135907,0.22826179836135907,152.17453224090605,0.0,0.0,0.0,0.24686518855762074,0.12343259427881037,164.57679237174716,0.0,0.0,0.0,0.22826179836135907,False,0.009132089655126132,6.748889083519182e-05,0.05755499023216304,False
main_camera_y_mm,bilinear_intensity,camera_y_mm,y,-0.0024999999999999953,-0.0024999999999999953,0.037500000000000006,0.0015,0.0055,0.005505376344086021,0.058651026392960576,512,464,560,97,b4fec6d5938064de,0.0002526881720432868,511.5043083333447,True,1.5672417686592622e-06,51809.64524493429,6.606027401141214,510.640686628091,497.9134139008183,497.9266820513057,509.53014127311906,509.9846867276645,509.986166525782,121.42857339886795,121.42857339886795,121.30999080765812,120.91941666946059,120.91941666946059,120.80133130161931,6.606027401141214,6.606027401141214,6.606027401141214,0.0,0.0,0.0,-0.009561567360265144,0.009561567360265144,-6.374378240176763,1.4210854715202004e-14,7.105427357601002e-15,9.473903143468002e-12,-0.0018016584085955856,0.0009008292042977928,-1.2011056057303904,-0.0595121363253579,0.17856659912027822,-39.6747575502386,0.17856659912027822,False,0.013327915548471393,0.00010732462574193077,0.015300704391076296,False
main_camera_y_mm,production_searchsorted,camera_y_mm,y,-0.000999999999999994,-0.000999999999999994,0.03900000000000001,0.0015,0.0055,0.005505376344086021,0.058651026392960576,512,464,560,97,3e7b057c29ee0599,0.0017526881720430522,511.5298833333447,True,1.5661589217009374e-06,51773.84865127066,6.690509729299775,505.5998424215558,492.8725696942831,492.8907605441909,504.62189028357676,504.80370846539495,504.8102478125967,121.41027163922294,121.41027163922294,121.29170692082526,120.76077091510301,120.76077091510301,120.64284047475621,6.690509729299775,6.690509729299775,6.690509729299775,0.0,0.0,0.0,0.5209275347980338,0.5209275347980338,347.2850231986892,0.0,0.0,0.0,-0.3513932708255396,0.1756966354127698,-234.26218055035974,0.0,0.0,0.0,0.5209275347980338,False,0.010286141783678551,7.550480826403903e-05,0.0648109805415494,False
main_camera_y_mm,bilinear_intensity,camera_y_mm,y,-0.000999999999999994,-0.000999999999999994,0.03900000000000001,0.0015,0.0055,0.005505376344086021,0.058651026392960576,512,464,560,97,7460a5b5d2949a32,0.0017526881720430522,511.5298833333447,True,1.5671973723528466e-06,51808.17759844121,6.580382193928526,510.640686628091,497.9134139008183,497.9266820513057,509.5267834340833,509.7086016159015,509.71035102838596,121.42857339886794,121.42857339886794,121.30999080765812,120.92005023763087,120.92005023763087,120.80196425107069,6.580382193928526,6.580382193928526,6.580382193928526,0.0,0.0,0.0,-0.003357839035743382,0.003357839035743382,-2.2385593571622544,-1.4210854715202004e-14,7.105427357601002e-15,-9.473903143468002e-12,0.0006335681702864804,0.0003167840851432402,0.4223787801909869,-0.025645207212687815,0.07764184329074238,-17.096804808458543,0.07764184329074238,False,0.013326295958887117,0.00010038823535238125,0.012965794284227127,False
main_camera_y_mm,production_searchsorted,camera_y_mm,y,0.0005000000000000074,0.0005000000000000074,0.04050000000000001,0.0015,0.0055,0.005505376344086021,0.058651026392960576,512,464,560,97,63fd3c5fec1e0cd1,0.0032526881720432513,511.55545833334463,True,1.569691633910992e-06,51890.63252598321,6.690509729299775,505.5998424215558,492.8725696942831,492.8907605441909,504.52165381608523,504.43074472517617,504.43764829478044,121.41027163922294,121.41027163922294,121.29170692082526,120.80646026898935,120.80646026898935,120.68848521013291,6.690509729299775,6.690509729299775,6.690509729299775,0.0,0.0,0.0,-0.10023646749152704,0.10023646749152704,-66.82431166101803,0.0,0.0,0.0,0.04568935388634543,0.022844676943172715,30.45956925756362,0.0,0.0,0.0,0.10023646749152704,False,0.01545208808481261,0.00011403508881208357,0.08941395221712449,False
main_camera_y_mm,bilinear_intensity,camera_y_mm,y,0.0005000000000000074,0.0005000000000000074,0.04050000000000001,0.0015,0.0055,0.005505376344086021,0.058651026392960576,512,464,560,97,8cfeaae307c75823,0.0032526881720432513,511.55545833334463,True,1.5671298232998555e-06,51805.94457189605,6.648267065766633,510.640686628091,497.9134139008183,497.9266820513057,509.537112256385,509.4462031654759,509.44820882644706,121.42857339886795,121.42857339886795,121.30999080765811,120.9188383477158,120.9188383477158,120.80075354464188,6.648267065766633,6.648267065766633,6.648267065766633,0.0,0.0,0.0,0.010328822301687524,0.010328822301687524,6.885881534458349,1.4210854715202004e-14,7.105427357601002e-15,9.473903143468002e-12,-0.0012118899150692641,0.0006059449575346321,-0.807926610046176,0.06788487183810687,0.20632501224850347,45.25658122540458,0.20632501224850347,False,0.013312627128349188,0.00011005726470860139,0.015986874487710898,False
main_camera_y_mm,production_searchsorted,camera_y_mm,y,0.0020000000000000087,0.0020000000000000087,0.04200000000000001,0.0015,0.0055,0.005505376344086021,0.058651026392960576,512,464,560,97,d1ae0a42d665ba0f,0.004752688172043017,511.5810333333447,True,1.5678861035076969e-06,51830.94557050238,6.690509729299775,505.5998424215558,492.8725696942831,492.8907605441909,503.88881095063033,503.52517458699396,503.53296250243636,121.41027163922294,121.41027163922294,121.29170692082523,120.84379044780516,120.84379044780516,120.72577893369599,6.690509729299775,6.690509729299775,6.690509729299775,0.0,0.0,0.0,-0.6328428654549043,0.6328428654549043,-421.89524363660286,0.0,0.0,0.0,0.03733017881580736,0.01866508940790368,24.886785877204904,0.0,0.0,0.0,0.6328428654549043,False,0.014775504089991474,0.0001092879176789298,0.07520071881889549,False
main_camera_y_mm,bilinear_intensity,camera_y_mm,y,0.0020000000000000087,0.0020000000000000087,0.04200000000000001,0.0015,0.0055,0.005505376344086021,0.058651026392960576,512,464,560,97,bbef178fec367015,0.004752688172043017,511.5810333333447,True,1.5672503708382816e-06,51809.92961448865,6.645915463839651,510.640686628091,497.9134139008183,497.9266820513057,509.53720699744144,509.17357063380507,509.175842537483,121.42857339886794,121.42857339886794,121.30999080765811,120.9200223828355,120.9200223828355,120.80193642347726,6.645915463839651,6.645915463839651,6.645915463839651,0.0,0.0,0.0,9.474105644358133e-05,9.474105644358133e-05,0.06316070429572089,-1.4210854715202004e-14,7.105427357601002e-15,-9.473903143468002e-12,0.0011840351196923393,0.0005920175598461697,0.7893567464615595,-0.0023516019269820276,0.007074330509647951,-1.5677346179880185,0.007074330509647951,False,0.013156191728287091,9.784960405523598e-05,0.012254719277301462,False
main_camera_y_mm,production_searchsorted,camera_y_mm,y,0.00350000000000001,0.00350000000000001,0.04350000000000001,0.0015,0.0055,0.005505376344086021,0.058651026392960576,512,464,560,97,856fc729fcd25733,0.006252688172043216,511.60660833334464,True,1.568591074304427e-06,51854.25039022899,6.690509729299775,505.5998424215558,492.8725696942831,492.8907605441909,504.2064865818848,503.5701229455212,503.5778669660821,121.41027163922294,121.41027163922294,121.29170692082526,120.91403720183489,120.91403720183489,120.79595708737996,6.690509729299775,6.690509729299775,6.690509729299775,0.0,0.0,0.0,0.31767563125447396,0.31767563125447396,211.7837541696493,0.0,0.0,0.0,0.07024675402972491,0.035123377014862456,46.83116935314994,0.0,0.0,0.0,0.31767563125447396,False,0.016930901941374026,0.00012508640368596918,0.08552981764219195,False
main_camera_y_mm,bilinear_intensity,camera_y_mm,y,0.00350000000000001,0.00350000000000001,0.04350000000000001,0.0015,0.0055,0.005505376344086021,0.058651026392960576,512,464,560,97,786bdb025d2bdc00,0.006252688172043216,511.60660833334464,True,1.5672233363173735e-06,51809.03591131813,6.58640332751416,510.640686628091,497.9134139008183,497.9266820513057,509.529014065672,508.89265042930833,508.89519666912344,121.42857339886795,121.42857339886795,121.30999080765811,120.91956625888739,120.91956625888739,120.80148074496269,6.58640332751416,6.58640332751416,6.58640332751416,0.0,0.0,0.0,-0.008192931769428924,0.008192931769428924,-5.461954512952616,1.4210854715202004e-14,7.105427357601002e-15,9.473903143468002e-12,-0.0004561239481120083,0.00022806197405600415,-0.3040826320746722,-0.05951213632549113,0.1790938709626867,-39.67475755032742,0.1790938709626867,False,0.013296372166597483,0.00010771067475974836,0.015318270425227948,False
main_camera_y_mm,production_searchsorted,camera_y_mm,y,0.005000000000000011,0.005000000000000011,0.04500000000000001,0.0015,0.0055,0.005505376344086021,0.058651026392960576,512,464,560,97,3ebd1b34a3914bca,0.007752688172042981,511.6321833333447,True,1.5657102499509039e-06,51759.01652730261,6.690509729299775,505.5998424215558,492.8725696942831,492.8907605441909,503.8910265828115,502.9819356737206,502.9902540959142,121.41027163922296,121.41027163922296,121.29170692082526,120.60007989347359,120.60007989347359,120.4823063779526,6.690509729299775,6.690509729299775,6.690509729299775,0.0,0.0,0.0,-0.3154599990733118,0.3154599990733118,-210.30666604887452,1.4210854715202004e-14,7.105427357601002e-15,9.473903143468002e-12,-0.3139573083612959,0.15697865418064794,-209.30487224086392,0.0,0.0,0.0,0.3154599990733118,False,0.014519270839212232,0.00010731737646110735,0.0860008576807198,False
main_camera_y_mm,bilinear_intensity,camera_y_mm,y,0.005000000000000011,0.005000000000000011,0.04500000000000001,0.0015,0.0055,0.005505376344086021,0.058651026392960576,512,464,560,97,0702957d623fe81c,0.007752688172042981,511.6321833333447,True,1.5671088941481995e-06,51805.25269911403,6.602767169588415,510.640686628091,497.9134139008183,497.9266820513057,509.52977378708096,508.62068287799,508.623494711117,121.42857339886795,121.42857339886795,121.30999080765812,120.91919425984123,120.91919425984123,120.80110910919687,6.602767169588415,6.602767169588415,6.602767169588415,0.0,0.0,0.0,0.000759721408940095,0.000759721408940095,0.5064809392933967,0.0,0.0,0.0,-0.00037199904615192736,0.00018599952307596368,-0.2479993641012849,0.016363842074255786,0.0496897662063821,10.909228049503858,0.0496897662063821,False,0.013231865328539037,9.88596216837803e-05,0.012502360013458811,False
main_camera_y_mm,production_searchsorted,camera_y_mm,y,0.006500000000000013,0.006500000000000013,0.046500000000000014,0.0015,0.0055,0.005505376344086021,0.058651026392960576,512,464,560,97,791a128777353036,0.00925268817204318,511.65775833334465,True,1.5746229404300131e-06,52053.650923306224,6.690509729299775,505.5998424215558,492.8725696942831,492.8907605441909,504.2306351328402,503.048816951022,503.05707005946823,121.41027163922294,121.41027163922294,121.29170692082526,120.91860499929962,120.91860499929962,120.80052042410499,6.690509729299775,6.690509729299775,6.690509729299775,0.0,0.0,0.0,0.33960855002868584,0.33960855002868584,226.40570001912388,-1.4210854715202004e-14,7.105427357601002e-15,-9.473903143468002e-12,0.31852510582602633,0.15926255291301317,212.35007055068422,0.0,0.0,0.0,0.33960855002868584,False,0.00879466181817477,6.488525862228896e-05,0.05285204603476192,False
main_camera_y_mm,bilinear_intensity,camera_y_mm,y,0.006500000000000013,0.006500000000000013,0.046500000000000014,0.0015,0.0055,0.005505376344086021,0.058651026392960576,512,464,560,97,15c4949702c28dee,0.00925268817204318,511.65775833334465,True,1.5671911051347151e-06,51807.97041767654,6.67065204142637,510.640686628091,497.9134139008183,497.9266820513057,509.5396311503317,508.3578129685135,508.3608815105364,121.42857339886795,121.42857339886795,121.30999080765812,120.9189464590299,120.9189464590299,120.80086155037849,6.67065204142637,6.67065204142637,6.67065204142637,0.0,0.0,0.0,0.009857363250716844,0.009857363250716844,6.571575500477896,0.0,0.0,0.0,-0.00024780081133712883,0.00012390040566856442,-0.16520054089141922,0.067884871837955,0.20562552061694644,45.25658122530333,0.20562552061694644,False,0.013360412802554409,0.00010931831510126725,0.015934108544088894,False
main_camera_y_mm,production_searchsorted,camera_y_mm,y,0.008000000000000014,0.008000000000000014,0.048000000000000015,0.0015,0.0055,0.005505376344086021,0.058651026392960576,512,464,560,97,73bd94220a0bf89e,0.01075268817204338,511.68333333334465,True,1.5649830785647241e-06,51734.977803792535,6.690509729299775,505.5998424215558,492.8725696942831,492.8907605441909,504.3534495695323,502.89890411498686,502.907303622687,121.41027163922294,121.41027163922294,121.29170692082526,120.59822105158679,120.59822105158679,120.48044935134108,6.690509729299775,6.690509729299775,6.690509729299775,0.0,0.0,0.0,0.12281443669212422,0.12281443669212422,81.87629112808281,0.0,0.0,0.0,-0.32038394771282697,0.16019197385641348,-213.589298475218,0.0,0.0,0.0,0.16019197385641348,False,0.010637252366504028,7.892626264570383e-05,0.06343456001674205,False
main_camera_y_mm,bilinear_intensity,camera_y_mm,y,0.008000000000000014,0.008000000000000014,0.048000000000000015,0.0015,0.0055,0.005505376344086021,0.058651026392960576,512,464,560,97,ee2878878480fa9c,0.01075268817204338,511.68333333334465,True,1.5672474173954542e-06,51809.83198001502,6.626291390212597,510.640686628091,497.9134139008183,497.9266820513057,509.5340316806095,508.07948622606403,508.0828265715463,121.42857339886795,121.42857339886795,121.30999080765811,120.91913508983394,120.91913508983394,120.80104999697278,6.626291390212597,6.626291390212597,6.626291390212597,0.0,0.0,0.0,-0.005599469722199046,0.005599469722199046,-3.7329798147993642,0.0,0.0,0.0,0.00018863080404685206,9.431540202342603e-05,0.12575386936456803,-0.04436065121377375,0.13300244395385435,-29.573767475849166,0.13300244395385435,False,0.013276391078033306,0.0001026470444741657,0.014039591925237262,False
main_camera_y_mm,production_searchsorted,camera_y_mm,y,0.009500000000000015,0.009500000000000015,0.049500000000000016,0.0015,0.0055,0.005505376344086021,0.058651026392960576,512,464,560,97,873a947014987240,0.012252688172043145,511.7089083333447,True,1.5685989215737578e-06,51854.50980409117,6.690509729299775,505.5998424215558,492.8725696942831,492.8907605441909,504.3120249580622,502.58475223078943,502.59345852743905,121.41027163922294,121.41027163922294,121.29170692082526,120.89063767174571,120.89063767174571,120.77258040839438,6.690509729299775,6.690509729299775,6.690509729299775,0.0,0.0,0.0,-0.04142461147012,0.04142461147012,-27.616407646746666,0.0,0.0,0.0,0.29241662015891734,0.14620831007945867,194.94441343927824,0.0,0.0,0.0,0.14620831007945867,False,0.01521111733296779,0.00011217246498102681,0.08275276247911813,False
main_camera_y_mm,bilinear_intensity,camera_y_mm,y,0.009500000000000015,0.009500000000000015,0.049500000000000016,0.0015,0.0055,0.005505376344086021,0.058651026392960576,512,464,560,97,6a8dc9e1751009e5,0.012252688172043145,511.7089083333447,True,1.5672130604280588e-06,51808.696212497816,6.566779253887371,510.640686628091,497.9134139008183,497.9266820513057,509.52802886360774,507.80075613633505,507.80436867917064,121.42857339886795,121.42857339886795,121.30999080765811,120.91948634782572,120.91948634782572,120.80140091193917,6.566779253887371,6.566779253887371,6.566779253887371,0.0,0.0,0.0,-0.0060028170017289995,0.0060028170017289995,-4.001878001152666,0.0,0.0,0.0,0.0003512579917810399,0.00017562899589051995,0.23417199452069326,-0.05951213632522556,0.1796242658846193,-39.674757550150375,0.1796242658846193,False,0.013321675661234026,0.00010820839548788321,0.015344042568840428,False
main_camera_y_mm,production_searchsorted,camera_y_mm,y,0.011000000000000017,0.011000000000000017,0.05100000000000002,0.0015,0.0055,0.005505376344086021,0.058651026392960576,512,464,560,97,b5d1ef86f675c47c,0.013752688172043344,511.73448333334466,True,1.5697140572634313e-06,51891.37379383244,6.690509729299775,505.5998424215558,492.8725696942831,492.8907605441909,504.4135405220583,502.4135405220583,502.4224140176422,121.41027163922294,121.41027163922294,121.29170692082526,120.8083446539,120.8083446539,120.69036775482391,6.690509729299775,6.690509729299775,6.690509729299775,0.0,0.0,0.0,0.10151556399614492,0.10151556399614492,67.67704266409662,0.0,0.0,0.0,-0.08229301784571419,0.041146508922857095,-54.86201189714279,0.0,0.0,0.0,0.10151556399614492,False,0.016860090594606452,0.00012461987667471304,0.09007932684607815,False
main_camera_y_mm,bilinear_intensity,camera_y_mm,y,0.011000000000000017,0.011000000000000017,0.05100000000000002,0.0015,0.0055,0.005505376344086021,0.058651026392960576,512,464,560,97,04e64685c6d258cd,0.013752688172043344,511.73448333334466,True,1.5671113987004677e-06,51805.33549423034,6.625152145248153,510.640686628091,497.9134139008183,497.9266820513057,509.5338053344597,507.5338053344597,507.5376785714377,121.42857339886795,121.42857339886795,121.30999080765812,120.91781682233773,120.91781682233773,120.79973301684717,6.625152145248153,6.625152145248153,6.625152145248153,0.0,0.0,0.0,0.0057764708519698615,0.0057764708519698615,3.8509805679799074,0.0,0.0,0.0,-0.0016695254879977028,0.0008347627439988514,-1.1130169919984685,0.05837289136078194,0.1777824077951962,38.915260907187964,0.1777824077951962,False,0.01321858507847668,0.00010634996599974225,0.01506119040942099,False
main_camera_y_mm,production_searchsorted,camera_y_mm,y,0.012500000000000018,0.012500000000000018,0.05250000000000002,0.0015,0.0055,0.005505376344086021,0.058651026392960576,512,464,560,97,70103cb4a65e7fbd,0.01525268817204311,511.76005833334466,True,1.5683595884726294e-06,51846.597966037334,6.690509729299775,505.5998424215558,492.8725696942831,492.8907605441909,503.87203362660455,501.59930635387724,501.608975000016,121.41027163922294,121.41027163922294,121.29170692082526,120.86314264243636,120.86314264243636,120.74511222969956,6.690509729299775,6.690509729299775,6.690509729299775,0.0,0.0,0.0,-0.5415068954537787,0.5415068954537787,-361.0045969691858,0.0,0.0,0.0,0.05479798853636453,0.027398994268182264,36.53199235757635,0.0,0.0,0.0,0.5415068954537787,False,0.014272256627861553,0.00010556712514005269,0.0749893820292002,False
main_camera_y_mm,bilinear_intensity,camera_y_mm,y,0.012500000000000018,0.012500000000000018,0.05250000000000002,0.0015,0.0055,0.005505376344086021,0.058651026392960576,512,464,560,97,2740d06d1b7f31d3,0.01525268817204311,511.76005833334466,True,1.5672539837314323e-06,51810.04904897297,6.666179452910903,510.640686628091,497.9134139008183,497.9266820513057,509.5419349586321,507.26920768590486,507.27333931902405,121.42857339886795,121.42857339886795,121.30999080765812,120.9191517851666,120.9191517851666,120.80106667600137,6.666179452910903,6.666179452910903,6.666179452910903,0.0,0.0,0.0,0.008129624172397598,0.008129624172397598,5.419749448265065,0.0,0.0,0.0,0.0013349628288779058,0.0006674814144389529,0.8899752192519372,0.04102730766275009,0.12385317880488723,27.351538441833394,0.12385317880488723,False,0.013239595422712485,0.00010053779661975126,0.013673299785306861,False
main_camera_y_mm,production_searchsorted,camera_y_mm,y,0.01400000000000002,0.01400000000000002,0.05400000000000002,0.0015,0.0055,0.005505376344086021,0.058651026392960576,512,464,560,97,0e8d82b82695758a,0.01675268817204331,511.78563333334466,True,1.5577781766715832e-06,51496.79922881267,6.690509729299775,505.5998424215558,492.8725696942831,492.8907605441909,504.10031071084757,501.554856165393,501.56456821991895,121.41027163922294,121.41027163922294,121.29170692082526,121.10999900599842,121.10999900599842,120.9917275225941,6.690509729299775,6.690509729299775,6.690509729299775,0.0,0.0,0.0,0.22827708424301818,0.22827708424301818,152.1847228286788,0.0,0.0,0.0,0.24685636356205976,0.12342818178102988,164.57090904137317,0.0,0.0,0.0,0.22827708424301818,False,0.00913211025235032,6.748889083519182e-05,0.057554990246859464,False
main_camera_y_mm,bilinear_intensity,camera_y_mm,y,0.01400000000000002,0.01400000000000002,0.05400000000000002,0.0015,0.0055,0.005505376344086021,0.058651026392960576,512,464,560,97,bd66766e44a43274,0.01675268817204331,511.78563333334466,True,1.567239425427386e-06,51809.567782723505,6.606667316585677,510.640686628091,497.9134139008183,497.9266820513057,509.53241635728773,506.9869618118332,506.9913690756888,121.42857339886795,121.42857339886795,121.30999080765811,120.91734062280624,120.91734062280624,120.79925728235428,6.606667316585677,6.606667316585677,6.606667316585677,0.0,0.0,0.0,-0.009518601344382205,0.009518601344382205,-6.345734229588136,0.0,0.0,0.0,-0.0018111623603687121,0.0009055811801843561,-1.2074415735791415,-0.05951213632522645,0.1785494577384635,-39.674757550150964,0.1785494577384635,False,0.01332840921896958,0.00010731295355047724,0.015300251721634614,False
main_camera_y_mm,production_searchsorted,camera_y_mm,y,0.015499999999999993,0.015499999999999993,0.055499999999999994,0.0015,0.0055,0.005505376344086021,0.058651026392960576,512,464,560,97,61e03cd2546a41ac,0.018252688172043074,511.81120833334467,True,1.5661553843009261e-06,51773.73171242731,6.690509729299775,505.5998424215558,492.8725696942831,492.8907605441909,504.62122660800685,501.80304478982504,501.8125144726475,121.41027163922294,121.41027163922294,121.29170692082526,120.75860559240886,120.75860559240886,120.64067726663501,6.690509729299775,6.690509729299775,6.690509729299775,0.0,0.0,0.0,0.5209158971592842,0.5209158971592842,347.27726477285614,0.0,0.0,0.0,-0.35139341358956244,0.17569670679478122,-234.26227572637495,0.0,0.0,0.0,0.5209158971592842,False,0.010286165141431668,7.550480826403903e-05,0.06481098055825345,False
main_camera_y_mm,bilinear_intensity,camera_y_mm,y,0.015499999999999993,0.015499999999999993,0.055499999999999994,0.0015,0.0055,0.005505376344086021,0.058651026392960576,512,464,560,97,f3dce46bf6f3e311,0.018252688172043074,511.81120833334467,True,1.567195056652248e-06,51808.10104635531,6.579652249070086,510.640686628091,497.9134139008183,497.9266820513057,509.5288676116659,506.71068579348406,506.71536285813886,121.42857339886794,121.42857339886794,121.30999080765811,120.91808333590623,120.91808333590623,120.79999927014852,6.579652249070086,6.579652249070086,6.579652249070086,0.0,0.0,0.0,-0.003548745621856142,0.003548745621856142,-2.365830414570761,-1.4210854715202004e-14,7.105427357601002e-15,-9.473903143468002e-12,0.0007427130999957399,0.00037135654999786993,0.49514206666382654,-0.027015067515590907,0.08178122560453757,-18.010045010393938,0.08178122560453757,False,0.013327315763798251,0.00010042161388396469,0.013031237851400486,False
main_camera_y_mm,production_searchsorted,camera_y_mm,y,0.016999999999999994,0.016999999999999994,0.056999999999999995,0.0015,0.0055,0.005505376344086021,0.058651026392960576,512,464,560,97,8d78158b88cc4dfd,0.019752688172043273,511.8367833333447,True,1.5696880965109807e-06,51890.51558713986,6.690509729299775,505.5998424215558,492.8725696942831,492.8907605441909,504.5209841937244,501.4300751028153,501.4399090138477,121.41027163922294,121.41027163922294,121.29170692082526,120.804307727413,120.804307727413,120.68633477064793,6.690509729299775,6.690509729299775,6.690509729299775,0.0,0.0,0.0,-0.10024241428243386,0.10024241428243386,-66.82827618828924,0.0,0.0,0.0,0.04570213500414866,0.02285106750207433,30.46809000276577,0.0,0.0,0.0,0.10024241428243386,False,0.015452122985702466,0.00011403508881208357,0.0894139522398209,False
main_camera_y_mm,bilinear_intensity,camera_y_mm,y,0.016999999999999994,0.016999999999999994,0.056999999999999995,0.0015,0.0055,0.005505376344086021,0.058651026392960576,512,464,560,97,269d247a529b12dd,0.019752688172043273,511.8367833333447,True,1.567126065100125e-06,51805.820333888434,6.647537120908042,510.640686628091,497.9134139008183,497.9266820513057,509.5391594289399,506.44825033803085,506.45318368731006,121.42857339886795,121.42857339886795,121.30999080765811,120.91677459944786,120.91677459944786,120.79869181175312,6.647537120908042,6.647537120908042,6.647537120908042,0.0,0.0,0.0,0.010291817274037385,0.010291817274037385,6.861211516024923,1.4210854715202004e-14,7.105427357601002e-15,9.473903143468002e-12,-0.001308736458369708,0.000654368229184854,-0.8724909722464721,0.06788487183795588,0.20634790188964827,45.256581225303925,0.20634790188964827,False,0.013307408173432993,0.00011006424975954705,0.015984222542849955,False
main_camera_y_mm,production_searchsorted,camera_y_mm,y,0.018499999999999996,0.018499999999999996,0.058499999999999996,0.0015,0.0055,0.005505376344086021,0.058651026392960576,512,464,560,97,3a353be28af7565e,0.02125268817204304,511.8623583333447,True,1.56784944766339e-06,51829.73380705422,6.690509729299775,505.5998424215558,492.8725696942831,492.8907605441909,503.88561591189614,500.52197954825976,500.5327002713572,121.41027163922294,121.41027163922294,121.29170692082526,120.84167959976998,120.84167959976998,120.72367014703582,6.690509729299775,6.690509729299775,6.690509729299775,0.0,0.0,0.0,-0.6353682818282778,0.6353682818282778,-423.5788545521852,0.0,0.0,0.0,0.037371872356970925,0.018685936178485463,24.91458157131395,0.0,0.0,0.0,0.6353682818282778,False,0.014754438645524733,0.0001091318598972627,0.07520026888811766,False
main_camera_y_mm,bilinear_intensity,camera_y_mm,y,0.018499999999999996,0.018499999999999996,0.058499999999999996,0.0015,0.0055,0.005505376344086021,0.058651026392960576,512,464,560,97,a9b936b7d6cfab65,0.02125268817204304,511.8623583333447,True,1.5672473137491253e-06,51809.828553690095,6.646555379283981,510.640686628091,497.9134139008183,497.9266820513057,509.5395221485967,506.1758857849603,506.18108511524844,121.42857339886795,121.42857339886795,121.30999080765812,120.91795235997097,120.91795235997097,120.79986842211945,6.646555379283981,6.646555379283981,6.646555379283981,0.0,0.0,0.0,0.00036271965677769913,0.00036271965677769913,0.24181310451846608,0.0,0.0,0.0,0.0011777605231060306,0.0005888802615530153,0.785173682070687,-0.0009817416240602839,0.0029537003139778768,-0.6544944160401892,0.0029537003139778768,False,0.01315343801066105,9.779254230108e-05,0.012248277753356435,False
main_camera_y_mm,production_searchsorted,camera_y_mm,y,0.019999999999999997,0.019999999999999997,0.06,0.0015,0.0055,0.005505376344086021,0.058651026392960576,512,464,560,97,5dc25cf98717ff32,0.022752688172043237,511.8879333333447,True,1.5685875369044156e-06,51854.13345138564,6.690509729299775,505.5998424215558,492.8725696942831,492.8907605441909,504.2058166064195,500.5694529700558,500.58012733238974,121.41027163922294,121.41027163922294,121.29170692082526,120.9119014203559,120.9119014203559,120.79382339162507,6.690509729299775,6.690509729299775,6.690509729299775,0.0,0.0,0.0,0.32020069452335065,0.32020069452335065,213.46712968223378,0.0,0.0,0.0,0.07022182058592819,0.03511091029296409,46.81454705728546,0.0,0.0,0.0,0.32020069452335065,False,0.016952421265727085,0.00012524246146763626,0.08553022765876171,False
main_camera_y_mm,bilinear_intensity,camera_y_mm,y,0.019999999999999997,0.019999999999999997,0.06,0.0015,0.0055,0.005505376344086021,0.058651026392960576,512,464,560,97,9053c0f9dbab65b6,0.022752688172043237,511.8879333333447,True,1.5672203383779788e-06,51808.9368058836,6.587043242958622,510.640686628091,497.9134139008183,497.9266820513057,509.5312790207725,505.8949153844088,505.9003890998537,121.42857339886795,121.42857339886795,121.30999080765811,120.91745317984739,120.91745317984739,120.79936972947641,6.587043242958622,6.587043242958622,6.587043242958622,0.0,0.0,0.0,-0.008243127824187013,0.008243127824187013,-5.495418549458009,0.0,0.0,0.0,-0.0004991801235831872,0.0002495900617915936,-0.33278674905545813,-0.05951213632535968,0.17907662820608525,-39.67475755023978,0.17907662820608525,False,0.013297311733653052,0.0001076964707512089,0.015317595500029008,False
main_camera_y_mm,production_searchsorted,camera_y_mm,y,0.0215,0.0215,0.0615,0.0015,0.0055,0.005505376344086021,0.058651026392960576,512,464,560,97,6a2270884330bc41,0.024252688172043003,511.9135083333447,True,1.5586146859724326e-06,51524.45242884075,6.690509729299775,505.5998424215558,492.8725696942831,492.8907605441909,504.1226129938058,500.21352208471484,500.224544035804,121.41027163922294,121.41027163922294,121.29170692082526,120.82273492559938,120.82273492559938,120.70474397352358,6.690509729299775,6.690509729299775,6.690509729299775,0.0,0.0,0.0,-0.08320361261371545,0.08320361261371545,-55.4690750758103,0.0,0.0,0.0,-0.08916649475652605,0.044583247378263025,-59.44432983768403,0.0,0.0,0.0,0.08320361261371545,False,0.009998021593545523,7.389896086514409e-05,0.06557196552624223,False
main_camera_y_mm,bilinear_intensity,camera_y_mm,y,0.0215,0.0215,0.0615,0.0015,0.0055,0.005505376344086021,0.058651026392960576,512,464,560,97,d802e996c0c53890,0.024252688172043003,511.9135083333447,True,1.567106685862544e-06,51805.17969793534,6.602037224729975,510.640686628091,497.9134139008183,497.9266820513057,509.5319631596581,505.6228722505672,505.628611633135,121.42857339886795,121.42857339886795,121.30999080765811,120.91715376299791,120.91715376299791,120.79907060502624,6.602037224729975,6.602037224729975,6.602037224729975,0.0,0.0,0.0,0.000684138885617358,0.000684138885617358,0.456092590411572,0.0,0.0,0.0,-0.0002994168494723226,0.0001497084247361613,-0.1996112329815484,0.014993981771353582,0.04552568191314595,9.995987847569054,0.04552568191314595,False,0.013235496270701278,9.885370968020825e-05,0.012465915006804013,False
main_camera_y_mm,production_searchsorted,camera_y_mm,y,0.023,0.023,0.063,0.0015,0.0055,0.005505376344086021,0.058651026392960576,512,464,560,97,c7298a4671bfe205,0.025752688172043202,511.9390833333447,True,1.5746194030300018e-06,52053.53398446287,6.690509729299775,505.5998424215558,492.8725696942831,492.8907605441909,504.22995531904667,500.0481371372285,500.0593205970554,121.41027163922294,121.41027163922294,121.29170692082526,120.91648720485838,120.91648720485838,120.79840469782238,6.690509729299775,6.690509729299775,6.690509729299775,0.0,0.0,0.0,0.10734232524089293,0.10734232524089293,71.56155016059529,0.0,0.0,0.0,0.09375227925900731,0.046876139629503655,62.50151950600487,0.0,0.0,0.0,0.10734232524089293,False,0.013384910921080078,9.830367421825223e-05,0.07708086388237603,False
main_camera_y_mm,bilinear_intensity,camera_y_mm,y,0.023,0.023,0.063,0.0015,0.0055,0.005505376344086021,0.058651026392960576,512,464,560,97,a225abe2dc409dff,0.025752688172043202,511.9390833333447,True,1.567183103130429e-06,51807.70588860922,6.669922096567779,510.640686628091,497.9134139008183,497.9266820513057,509.5418115776002,505.359993395782,505.36598949598135,121.42857339886794,121.42857339886794,121.30999080765811,120.91689305248993,120.91689305248993,120.79881014911835,6.669922096567779,6.669922096567779,6.669922096567779,0.0,0.0,0.0,0.00984841794206659,0.00984841794206659,6.565611961377726,-1.4210854715202004e-14,7.105427357601002e-15,-9.473903143468002e-12,-0.00026071050798748274,0.00013035525399374137,-0.1738070053249885,0.067884871837804,0.20564825530980102,45.25658122520267,0.20564825530980102,False,0.013361980406748221,0.00010935319422915755,0.015937779391192744,False
main_camera_y_mm,production_searchsorted,camera_y_mm,y,0.0245,0.0245,0.0645,0.0015,0.0055,0.005505376344086021,0.058651026392960576,512,464,560,97,682d963a73f10daa,0.0272526881720434,511.96465833334463,True,1.567739265945586e-06,51826.09143621772,6.690509729299775,505.5998424215558,492.8725696942831,492.8907605441909,503.96176931081163,499.50722385626614,499.5189355517189,121.41027163922296,121.41027163922296,121.29170692082526,120.8491485267094,120.8491485267094,120.73113178010128,6.690509729299775,6.690509729299775,6.690509729299775,0.0,0.0,0.0,-0.268186008235034,0.268186008235034,-178.79067215668934,1.4210854715202004e-14,7.105427357601002e-15,9.473903143468002e-12,-0.06733867814898531,0.033669339074492655,-44.89245209932354,0.0,0.0,0.0,0.268186008235034,False,0.00888464653213795,6.592213348214404e-05,0.05965138542771329,False
main_camera_y_mm,bilinear_intensity,camera_y_mm,y,0.0245,0.0245,0.0645,0.0015,0.0055,0.005505376344086021,0.058651026392960576,512,464,560,97,1ec16fe5696af64c,0.0272526881720434,511.96465833334463,True,1.5672441045577133e-06,51809.72246471779,6.626931305656928,510.640686628091,497.9134139008183,497.9266820513057,509.53636152705616,505.0818160725107,505.0880838302523,121.42857339886794,121.42857339886794,121.30999080765811,120.91705452182866,120.91705452182866,120.79897146077215,6.626931305656928,6.626931305656928,6.626931305656928,0.0,0.0,0.0,-0.005450050544027363,0.005450050544027363,-3.633367029351575,0.0,0.0,0.0,0.00016146933873528724,8.073466936764362e-05,0.10764622582352483,-0.04299079091085112,0.12890942439334754,-28.660527273900744,0.12890942439334754,False,0.013273435146645574,0.00010224720880036068,0.013940537839601388,False
main_camera_y_mm,production_searchsorted,camera_y_mm,y,0.026000000000000002,0.026000000000000002,0.066,0.0015,0.0055,0.005505376344086021,0.058651026392960576,512,464,560,97,f357522a7468a190,0.028752688172043166,511.9902333333447,True,1.5685953841737469e-06,51854.392865247835,6.690509729299775,505.5998424215558,492.8725696942831,492.8907605441909,504.31135274913026,499.5840800218575,499.59571666246114,121.41027163922294,121.41027163922294,121.29170692082523,120.8885198680775,120.8885198680775,120.77046467289384,6.690509729299775,6.690509729299775,6.690509729299775,0.0,0.0,0.0,0.34958343831863203,0.34958343831863203,233.05562554575468,-1.4210854715202004e-14,7.105427357601002e-15,-9.473903143468002e-12,0.039371341368095614,0.019685670684047807,26.247560912063744,0.0,0.0,0.0,0.34958343831863203,False,0.016944696474772262,0.00012517659414458662,0.08552719178705531,False
main_camera_y_mm,bilinear_intensity,camera_y_mm,y,0.026000000000000002,0.026000000000000002,0.066,0.0015,0.0055,0.005505376344086021,0.058651026392960576,512,464,560,97,cfecd0a13f9010b1,0.028752688172043166,511.9902333333447,True,1.5672099896625965e-06,51808.59469958997,6.567419169331569,510.640686628091,497.9134139008183,497.9266820513057,509.53031039266443,504.8030376653917,504.80957766767153,121.42857339886794,121.42857339886794,121.30999080765811,120.91735773533964,120.91735773533964,120.7992743781762,6.567419169331569,6.567419169331569,6.567419169331569,0.0,0.0,0.0,-0.0060511343917255545,0.0060511343917255545,-4.034089594483703,0.0,0.0,0.0,0.0003032135109748424,0.0001516067554874212,0.20214234064989492,-0.05951213632535879,0.17960692085206198,-39.67475755023919,0.17960692085206198,False,0.013320906057522562,0.00010819310132494558,0.015343091407140507,False
main_camera_y_mm,production_searchsorted,camera_y_mm,y,0.027500000000000004,0.027500000000000004,0.0675,0.0015,0.0055,0.005505376344086021,0.058651026392960576,513,464,560,97,65f6ef442af57bd1,0.030252688172043365,512.0158083333447,True,1.569713295116523e-06,51891.348598893324,6.690509729299775,505.5998424215558,492.8725696942831,492.8907605441909,504.4121718365039,499.4121718365039,499.4239763561947,121.41027163922296,121.41027163922296,121.29170692082526,120.80725220812973,120.80725220812973,120.68927637589522,6.690509729299775,6.690509729299775,6.690509729299775,0.0,0.0,0.0,0.10081908737362255,0.10081908737362255,67.21272491574837,1.4210854715202004e-14,7.105427357601002e-15,9.473903143468002e-12,-0.08126765994776974,0.04063382997388487,-54.17843996517983,0.0,0.0,0.0,0.10081908737362255,False,0.01685835935642615,0.00012460679937437302,0.09007932423699863,False
main_camera_y_mm,bilinear_intensity,camera_y_mm,y,0.027500000000000004,0.027500000000000004,0.0675,0.0015,0.0055,0.005505376344086021,0.058651026392960576,513,464,560,97,795eb47bdd82f620,0.030252688172043365,512.0158083333447,True,1.5671074806098265e-06,51805.20597057278,6.624422200389863,510.640686628091,497.9134139008183,497.9266820513057,509.5358838532585,504.5358838532585,504.542684747933,121.42857339886795,121.42857339886795,121.30999080765812,120.91570148852215,120.91570148852215,120.79761974878726,6.624422200389863,6.624422200389863,6.624422200389863,0.0,0.0,0.0,0.005573460594064272,0.005573460594064272,3.715640396042848,1.4210854715202004e-14,7.105427357601002e-15,9.473903143468002e-12,-0.0016562468174896594,0.0008281234087448297,-1.1041645449931063,0.05700303105829363,0.17359339974669344,38.002020705529084,0.17359339974669344,False,0.013215909310982482,0.00010589619215166504,0.014941465893757068,False
main_camera_y_mm,production_searchsorted,camera_y_mm,y,0.029000000000000005,0.029000000000000005,0.069,0.0015,0.0055,0.005505376344086021,0.058651026392960576,513,464,561,98,fcf0adbb10203721,0.03175268817204313,512.0413833333447,True,1.5683567790722605e-06,51846.50509329787,6.690509729299775,505.5998424215558,492.8725696942831,492.8907605441909,503.8715726343173,498.59884536159007,498.6114441454166,121.41027163922296,121.41027163922296,121.29170692082526,120.86141882877531,120.86141882877531,120.74339009945032,6.690509729299775,6.690509729299775,6.690509729299775,0.0,0.0,0.0,-0.54059920218657,0.54059920218657,-360.39946812438,0.0,0.0,0.0,0.05416662064558864,0.02708331032279432,36.11108043039243,0.0,0.0,0.0,0.54059920218657,False,0.014273567778772592,0.00010557677202535732,0.07498938489560314,False
main_camera_y_mm,bilinear_intensity,camera_y_mm,y,0.029000000000000005,0.029000000000000005,0.069,0.0015,0.0055,0.005505376344086021,0.058651026392960576,513,464,561,98,a950c373cafc2d27,0.03175268817204313,512.0413833333447,True,1.5672502358224637e-06,51809.925151155825,6.666819368355364,510.640686628091,497.9134139008183,497.9266820513057,509.5442112822885,504.27148400956116,504.27854310720807,121.42857339886795,121.42857339886795,121.30999080765812,120.91702051362158,120.91702051362158,120.79893748577625,6.666819368355364,6.666819368355364,6.666819368355364,0.0,0.0,0.0,0.00832742902997552,0.00832742902997552,5.551619353317013,0.0,0.0,0.0,0.0013190250994341568,0.0006595125497170784,0.8793500662894379,0.0423971679655013,0.12800261421443254,28.264778643667537,0.12800261421443254,False,0.01324247044720811,0.00010083985891052587,0.013766485211106435,False
main_camera_y_mm,production_searchsorted,camera_y_mm,y,0.030500000000000006,0.030500000000000006,0.07050000000000001,0.0015,0.0055,0.005505376344086021,0.058651026392960576,513,465,561,97,5b774d8a00d3cd7b,0.033252688172043326,512.0669583333447,True,1.5577746192522825e-06,51496.68162817463,6.690509729299775,505.5998424215558,492.8725696942831,492.8907605441909,504.0996451180151,498.5541905725605,498.5668329645795,121.41027163922294,121.41027163922294,121.29170692082526,121.10787635435447,121.10787635435447,120.98960694385218,6.690509729299775,6.690509729299775,6.690509729299775,0.0,0.0,0.0,0.22807248369775834,0.22807248369775834,152.04832246517222,-1.4210854715202004e-14,7.105427357601002e-15,-9.473903143468002e-12,0.24645752557916012,0.12322876278958006,164.30501705277342,0.0,0.0,0.0,0.22807248369775834,False,0.009132603555083506,6.74924155833383e-05,0.05755499055931045,False
main_camera_y_mm,bilinear_intensity,camera_y_mm,y,0.030500000000000006,0.030500000000000006,0.07050000000000001,0.0015,0.0055,0.005505376344086021,0.058651026392960576,513,465,561,97,649acb19ead70e4c,0.033252688172043326,512.0669583333447,True,1.5672368966755327e-06,51809.48418762092,6.607307232029873,510.640686628091,497.9134139008183,497.9266820513057,509.5347354440534,503.98928089859885,503.99661558522126,121.42857339886795,121.42857339886795,121.30999080765811,120.91519982888549,120.91519982888549,120.79711857905261,6.607307232029873,6.607307232029873,6.607307232029873,0.0,0.0,0.0,-0.009475838235061929,0.009475838235061929,-6.317225490041285,0.0,0.0,0.0,-0.0018206847360886513,0.0009103423680443257,-1.213789824059101,-0.05951213632549113,0.17853231964846877,-39.67475755032742,0.17853231964846877,False,0.013328904745029698,0.00010730127921326024,0.015299809783892985,False
main_camera_y_mm,production_searchsorted,camera_y_mm,y,0.03200000000000001,0.03200000000000001,0.07200000000000001,0.0015,0.0055,0.005505376344086021,0.058651026392960576,513,465,561,97,d5e291651080b17e,0.03475268817204309,512.0925333333447,True,1.5661776613523648e-06,51774.46814387983,6.690509729299775,505.5998424215558,492.8725696942831,492.8907605441909,504.625324294856,498.8071424766742,498.8195378453493,121.41027163922294,121.41027163922294,121.29170692082526,120.7612095135421,120.7612095135421,120.64327864487653,6.690509729299775,6.690509729299775,6.690509729299775,0.0,0.0,0.0,0.5256791768409244,0.5256791768409244,350.45278456061624,0.0,0.0,0.0,-0.3466668408123752,0.1733334204061876,-231.1112272082501,0.0,0.0,0.0,0.5256791768409244,False,0.010269604415497503,7.538307337341115e-05,0.06481065855637627,False
main_camera_y_mm,bilinear_intensity,camera_y_mm,y,0.03200000000000001,0.03200000000000001,0.07200000000000001,0.0015,0.0055,0.005505376344086021,0.058651026392960576,513,465,561,97,31af41d75c0370fd,0.03475268817204309,512.0925333333447,True,1.567192560828767e-06,51808.01853979395,6.578922304211495,510.640686628091,497.9134139008183,497.9266820513057,509.5309966979605,503.7128148797787,503.72041955274767,121.42857339886795,121.42857339886795,121.30999080765811,120.91605283422354,120.91605283422354,120.7979707513776,6.578922304211495,6.578922304211495,6.578922304211495,0.0,0.0,0.0,-0.0037387460928925975,0.0037387460928925975,-2.4924973952617315,0.0,0.0,0.0,0.0008530053380439995,0.00042650266902199974,0.5686702253626663,-0.028384927818378536,0.08591980612246548,-18.923285212252356,0.08591980612246548,False,0.013328333705787338,0.00010045451350863629,0.01309965130017183,False
main_camera_y_mm,production_searchsorted,camera_y_mm,y,0.03350000000000001,0.03350000000000001,0.07350000000000001,0.0015,0.0055,0.005505376344086021,0.058651026392960576,513,465,561,97,e66d26637e1103ad,0.036252688172043294,512.1181083333447,True,1.56968453909168e-06,51890.39798650182,6.690509729299775,505.5998424215558,492.8725696942831,492.8907605441909,504.5203011176386,498.42939202672954,498.4421562923284,121.41027163922294,121.41027163922294,121.29170692082526,120.80219748100019,120.80219748100019,120.68422658502266,6.690509729299775,6.690509729299775,6.690509729299775,0.0,0.0,0.0,-0.10502317721739018,0.10502317721739018,-70.01545147826012,0.0,0.0,0.0,0.04098796745809352,0.02049398372904676,27.325311638729016,0.0,0.0,0.0,0.10502317721739018,False,0.015468398433647779,0.00011415682370271145,0.08941417185780366,False
main_camera_y_mm,bilinear_intensity,camera_y_mm,y,0.03350000000000001,0.03350000000000001,0.07350000000000001,0.0015,0.0055,0.005505376344086021,0.058651026392960576,513,465,561,97,ab8bde1ba0b70931,0.036252688172043294,512.1181083333447,True,1.5671221212567798e-06,51805.689958901814,6.6468071760496015,510.640686628091,497.9134139008183,497.9266820513057,509.54125044612374,503.4503413552146,503.4582023499849,121.42857339886795,121.42857339886795,121.30999080765811,120.91464645475358,120.91464645475358,120.79656574532511,6.6468071760496015,6.6468071760496015,6.6468071760496015,0.0,0.0,0.0,0.010253748163222554,0.010253748163222554,6.835832108815036,0.0,0.0,0.0,-0.0014063794699552545,0.0007031897349776273,-0.937586313303503,0.06788487183810687,0.2063707966110206,45.25658122540458,0.2063707966110206,False,0.013302194254649064,0.00011007125635703023,0.015981650649357318,False
main_camera_y_mm,production_searchsorted,camera_y_mm,y,0.03500000000000001,0.03500000000000001,0.07500000000000001,0.0015,0.0055,0.005505376344086021,0.058651026392960576,513,465,561,97,f758515777494535,0.03775268817204306,512.1436833333447,True,1.5678458702248e-06,51829.61554462149,6.690509729299775,505.5998424215558,492.8725696942831,492.8907605441909,503.88492671010454,497.52129034646816,497.53494143011415,121.41027163922294,121.41027163922294,121.29170692082526,120.83957074402034,120.83957074402034,120.72156335071564,6.690509729299775,6.690509729299775,6.690509729299775,0.0,0.0,0.0,-0.6353744075340728,0.6353744075340728,-423.58293835604854,0.0,0.0,0.0,0.0373732630201431,0.01868663151007155,24.9155086800954,0.0,0.0,0.0,0.6353744075340728,False,0.01475448483761769,0.00010913195423037379,0.07520026890745547,False
main_camera_y_mm,bilinear_intensity,camera_y_mm,y,0.03500000000000001,0.03500000000000001,0.07500000000000001,0.0015,0.0055,0.005505376344086021,0.058651026392960576,513,465,561,97,a406ae48777e6670,0.03775268817204306,512.1436833333447,True,1.5672440753223978e-06,51809.72149826109,6.647195294728312,510.640686628091,497.9134139008183,497.9266820513057,509.54188136017086,503.1782449965345,503.18637171040507,121.42857339886794,121.42857339886794,121.30999080765811,120.91581805124962,120.91581805124962,120.79773619768395,6.647195294728312,6.647195294728312,6.647195294728312,0.0,0.0,0.0,0.0006309140471216779,0.0006309140471216779,0.42060936474778526,-1.4210854715202004e-14,7.105427357601002e-15,-9.473903143468002e-12,0.0011715964960359315,0.0005857982480179658,0.781064330690621,0.00038811867871046957,0.0011678349271481054,0.2587457858069797,0.0011678349271481054,False,0.01315208817013665,9.773598365109902e-05,0.012245367236331486,False
main_camera_y_mm,production_searchsorted,camera_y_mm,y,0.03650000000000001,0.03650000000000001,0.07650000000000001,0.0015,0.0055,0.005505376344086021,0.058651026392960576,513,465,561,97,21c3961cff994732,0.03925268817204326,512.1692583333447,True,1.5685837259876445e-06,51854.007470665936,6.690509729299775,505.5998424215558,492.8725696942831,492.8907605441909,504.2052007420817,497.56883710571805,497.58244175698195,121.41027163922294,121.41027163922294,121.29170692082526,120.90964974952492,120.90964974952492,120.79157391969137,6.690509729299775,6.690509729299775,6.690509729299775,0.0,0.0,0.0,0.3202740319771351,0.3202740319771351,213.51602131809008,0.0,0.0,0.0,0.07007900550458146,0.03503950275229073,46.71933700305431,0.0,0.0,0.0,0.3202740319771351,False,0.016952311030442827,0.00012524136129255856,0.08553022766097679,False
main_camera_y_mm,bilinear_intensity,camera_y_mm,y,0.03650000000000001,0.03650000000000001,0.07650000000000001,0.0015,0.0055,0.005505376344086021,0.058651026392960576,513,465,561,97,85f86f291ea3cac3,0.03925268817204326,512.1692583333447,True,1.567217154083185e-06,51808.83153994,6.587683158403084,510.640686628091,497.9134139008183,497.9266820513057,509.5335877667169,502.89722413035327,502.9056252786634,121.42857339886795,121.42857339886795,121.30999080765811,120.91527565809902,120.91527565809902,120.79719433421415,6.587683158403084,6.587683158403084,6.587683158403084,0.0,0.0,0.0,-0.008293593453970516,0.008293593453970516,-5.52906230264701,1.4210854715202004e-14,7.105427357601002e-15,9.473903143468002e-12,-0.000542393150595899,0.0002711965752979495,-0.3615954337305993,-0.059512136325228226,0.17905938876935207,-39.67475755015215,0.17905938876935207,False,0.01329824979913358,0.00010768223974856447,0.015316931340391571,False
main_camera_y_mm,production_searchsorted,camera_y_mm,y,0.03800000000000001,0.03800000000000001,0.07800000000000001,0.0015,0.0055,0.005505376344086021,0.058651026392960576,513,465,561,97,abc8401e2750f22b,0.04075268817204303,512.1948333333446,True,1.5586108750556614e-06,51524.32644812104,6.690509729299775,505.5998424215558,492.8725696942831,492.8907605441909,504.12201108263054,497.21292017353966,497.2268723999327,121.41027163922294,121.41027163922294,121.29170692082526,120.82047382381708,120.82047382381708,120.70248507984853,6.690509729299775,6.690509729299775,6.690509729299775,0.0,0.0,0.0,-0.08318965945113632,0.08318965945113632,-55.459772967424215,0.0,0.0,0.0,-0.08917592570783484,0.04458796285391742,-59.45061713855655,0.0,0.0,0.0,0.08318965945113632,False,0.00999804588401057,7.38989608651441e-05,0.06557196554473368,False
main_camera_y_mm,bilinear_intensity,camera_y_mm,y,0.03800000000000001,0.03800000000000001,0.07800000000000001,0.0015,0.0055,0.005505376344086021,0.058651026392960576,513,465,561,97,ecf0e5d63976319b,0.04075268817204303,512.1948333333446,True,1.5671050601702084e-06,51805.12595603995,6.601307279871384,510.640686628091,497.9134139008183,497.9266820513057,509.5341686220458,502.62507771295486,502.6337446292508,121.42857339886795,121.42857339886795,121.30999080765811,120.91502528171979,120.91502528171979,120.79694420234313,6.601307279871384,6.601307279871384,6.601307279871384,0.0,0.0,0.0,0.0005808553289057272,0.0005808553289057272,0.3872368859371515,0.0,0.0,0.0,-0.0002503763792276459,0.00012518818961382294,-0.1669175861517639,0.013624121468300388,0.04136240660245415,9.082747645533592,0.04136240660245415,False,0.013239619604718542,9.889901375680797e-05,0.012433173296135473,False
main_camera_y_mm,production_searchsorted,camera_y_mm,y,0.039500000000000014,0.039500000000000014,0.07950000000000002,0.0015,0.0055,0.005505376344086021,0.058651026392960576,513,465,561,97,1f1b5780ff1356fc,0.04225268817204322,512.2204083333447,True,1.5746155921132307e-06,52053.40800374316,6.690509729299775,505.5998424215558,492.8725696942831,492.8907605441909,504.22932931849715,497.04751113667896,497.06162489533455,121.41027163922294,121.41027163922294,121.29170692082526,120.91425420313999,120.91425420313999,120.79617387676973,6.690509729299775,6.690509729299775,6.690509729299775,0.0,0.0,0.0,0.10731823586661449,0.10731823586661449,71.545490577743,0.0,0.0,0.0,0.09378037932290795,0.046890189661453974,62.52025288193863,0.0,0.0,0.0,0.10731823586661449,False,0.013384943648159252,9.830367421825224e-05,0.07708086390434031,False
main_camera_y_mm,bilinear_intensity,camera_y_mm,y,0.039500000000000014,0.039500000000000014,0.07950000000000002,0.0015,0.0055,0.005505376344086021,0.058651026392960576,513,465,561,97,59eb0b602d9909c7,0.04225268817204322,512.2204083333447,True,1.5671749129279833e-06,51807.43513811515,6.66919215170949,510.640686628091,497.9134139008183,497.9266820513057,509.5440361317483,502.36221794993014,502.3711415652134,121.42857339886795,121.42857339886795,121.30999080765812,120.91477444347824,120.91477444347824,120.79669360906077,6.66919215170949,6.66919215170949,6.66919215170949,0.0,0.0,0.0,0.009867509702530697,0.009867509702530697,6.5783398016871315,0.0,0.0,0.0,-0.0002508382415555843,0.00012541912077779216,-0.16722549437038955,0.06788487183810599,0.20567099503184652,45.25658122540399,0.20567099503184652,False,0.01336305418034834,0.00010938440213649136,0.01594105909798462,False
main_camera_y_mm,production_searchsorted,camera_y_mm,y,0.041000000000000016,0.041000000000000016,0.08100000000000002,0.0015,0.0055,0.005505376344086021,0.058651026392960576,513,465,561,97,52e73d9004b26008,0.04375268817204299,512.2459833333446,True,1.5677354350095257e-06,51825.96479370333,6.690509729299775,505.5998424215558,492.8725696942831,492.8907605441909,503.961145413968,496.5065999594225,496.52124195164964,121.41027163922294,121.41027163922294,121.29170692082526,120.84690088796104,120.84690088796104,120.72888633631264,6.690509729299775,6.690509729299775,6.690509729299775,0.0,0.0,0.0,-0.26818390452916674,0.26818390452916674,-178.78926968611117,0.0,0.0,0.0,-0.06735331517894849,0.033676657589474246,-44.90221011929899,0.0,0.0,0.0,0.26818390452916674,False,0.008884680748703619,6.592222781525511e-05,0.05965138544462503,False
main_camera_y_mm,bilinear_intensity,camera_y_mm,y,0.041000000000000016,0.041000000000000016,0.08100000000000002,0.0015,0.0055,0.005505376344086021,0.058651026392960576,513,465,561,97,7b338f5f2829445f,0.04375268817204299,512.2459833333446,True,1.5672403313081422e-06,51809.597729194786,6.627571221101389,510.640686628091,497.9134139008183,497.9266820513057,509.53877493903275,502.0842294844873,502.09342457288136,121.42857339886795,121.42857339886795,121.30999080765811,120.91488182521924,120.91488182521924,120.7968008859368,6.627571221101389,6.627571221101389,6.627571221101389,0.0,0.0,0.0,-0.005261192715579455,0.005261192715579455,-3.507461810386303,0.0,0.0,0.0,0.00010738174100310971,5.3690870501554855e-05,0.07158782733540647,-0.04162093060810079,0.12481550886918813,-27.747287072067195,0.12481550886918813,False,0.013270654898934038,0.00010184666467868769,0.013843864836491474,False
main_camera_y_mm,production_searchsorted,camera_y_mm,y,0.04250000000000002,0.04250000000000002,0.08250000000000002,0.0015,0.0055,0.005505376344086021,0.058651026392960576,513,465,561,97,18541630fa4a9a7e,0.045252688172043185,512.2715583333447,True,1.568591319759505e-06,51854.25850444645,6.690509729299775,505.5998424215558,492.8725696942831,492.8907605441909,504.31080206670686,496.5835293394341,496.59809620531354,121.41027163922294,121.41027163922294,121.29170692082526,120.88612846501167,120.88612846501167,120.76807560518253,6.690509729299775,6.690509729299775,6.690509729299775,0.0,0.0,0.0,0.34965665273887225,0.34965665273887225,233.10443515924817,0.0,0.0,0.0,0.03922757705062452,0.01961378852531226,26.151718033749678,0.0,0.0,0.0,0.34965665273887225,False,0.016944588953995043,0.0001251754939695089,0.0855271917916446,False
main_camera_y_mm,bilinear_intensity,camera_y_mm,y,0.04250000000000002,0.04250000000000002,0.08250000000000002,0.0015,0.0055,0.005505376344086021,0.058651026392960576,513,465,561,97,d0e71747f9aef146,0.045252688172043185,512.2715583333447,True,1.5672067279846323e-06,51808.486875525035,6.5680590847760305,510.640686628091,497.9134139008183,497.9266820513057,509.53263651652196,501.8053637892492,501.81483120742377,121.42857339886795,121.42857339886795,121.30999080765811,120.91516262401254,120.91516262401254,120.7970814105125,6.5680590847760305,6.5680590847760305,6.5680590847760305,0.0,0.0,0.0,-0.0061384225107872226,0.0061384225107872226,-4.092281673858149,0.0,0.0,0.0,0.00028079879329823143,0.00014039939664911572,0.18719919553215428,-0.05951213632535879,0.17958957916854762,-39.67475755023919,0.17958957916854762,False,0.01331996642877472,0.00010817650549361741,0.015342107004371327,False
main_camera_y_mm,production_searchsorted,camera_y_mm,y,0.04400000000000002,0.04400000000000002,0.08400000000000002,0.0015,0.0055,0.005505376344086021,0.058651026392960576,513,465,561,97,8a256505b6fc3509,0.04675268817204339,512.2971333333447,True,1.5697092307022816e-06,51891.214238091954,6.690509729299775,505.5998424215558,492.8725696942831,492.8907605441909,504.41161901264985,496.41161901264985,496.42635375970775,121.41027163922294,121.41027163922294,121.29170692082526,120.80486407683922,120.80486407683922,120.68689057676417,6.690509729299775,6.690509729299775,6.690509729299775,0.0,0.0,0.0,0.10081694594299506,0.10081694594299506,67.21129729533004,0.0,0.0,0.0,-0.08126438817244264,0.04063219408622132,-54.17625878162843,0.0,0.0,0.0,0.10081694594299506,False,0.016858403038521673,0.00012460679937437302,0.0900793242648869,False
main_camera_y_mm,bilinear_intensity,camera_y_mm,y,0.04400000000000002,0.04400000000000002,0.08400000000000002,0.0015,0.0055,0.005505376344086021,0.058651026392960576,513,465,561,97,9b4839e05e1f00a9,0.04675268817204339,512.2971333333447,True,1.5671033691393888e-06,51805.07005419467,6.623692255531272,510.640686628091,497.9134139008183,497.9266820513057,509.5380075348045,501.5380075348045,501.5477360430712,121.42857339886795,121.42857339886795,121.30999080765811,120.9135184856781,120.9135184856781,120.79543887778192,6.623692255531272,6.623692255531272,6.623692255531272,0.0,0.0,0.0,0.0053710182825170705,0.0053710182825170705,3.58067885501138,0.0,0.0,0.0,-0.0016441383344414362,0.0008220691672207181,-1.0960922229609575,0.055633170755241323,0.1694052079531145,37.08878050349421,0.1694052079531145,False,0.013213233804955088,0.00010547579543144906,0.014823696710573714,False
main_camera_y_mm,production_searchsorted,camera_y_mm,y,0.04550000000000002,0.04550000000000002,0.08550000000000002,0.0015,0.0055,0.005505376344086021,0.058651026392960576,513,465,561,97,f2ca37c45def1968,0.04825268817204315,512.3227083333446,True,1.568352714658019e-06,51846.37073249649,6.690509729299775,505.5998424215558,492.8725696942831,492.8907605441909,503.87101976101195,495.59829248828464,495.6138214995265,121.41027163922296,121.41027163922296,121.29170692082526,120.85904586474719,120.85904586474719,120.74101945276989,6.690509729299775,6.690509729299775,6.690509729299775,0.0,0.0,0.0,-0.5405992516379001,0.5405992516379001,-360.3995010919334,1.4210854715202004e-14,7.105427357601002e-15,9.473903143468002e-12,0.05418178790796446,0.02709089395398223,36.12119193864297,0.0,0.0,0.0,0.5405992516379001,False,0.01427360473701366,0.00010557677202535735,0.07498938491887042,False
main_camera_y_mm,bilinear_intensity,camera_y_mm,y,0.04550000000000002,0.04550000000000002,0.08550000000000002,0.0015,0.0055,0.005505376344086021,0.058651026392960576,513,465,561,97,4f1d7b50fc75bcc2,0.04825268817204315,512.3227083333446,True,1.5672462935584923e-06,51809.79482837991,6.667459283799695,510.640686628091,497.9134139008183,497.9266820513057,509.54653301142207,501.27380573869476,501.28379225652805,121.42857339886798,121.42857339886798,121.30999080765812,120.9148209680139,120.9148209680139,120.79674008816231,6.667459283799695,6.667459283799695,6.667459283799695,0.0,0.0,0.0,0.008525476617592176,0.008525476617592176,5.683651078394784,2.842170943040401e-14,1.4210854715202004e-14,1.8947806286936004e-11,0.001302482335802324,0.000651241167901162,0.8683215572015494,0.04376702826842305,0.1321529641775683,29.178018845615362,0.1321529641775683,False,0.013245345706640653,0.00010114242635438057,0.013862110926105453,False
main_camera_y_mm,production_searchsorted,camera_y_mm,y,0.04699999999999999,0.04699999999999999,0.087,0.0015,0.0055,0.005505376344086021,0.058651026392960576,513,465,561,97,d8d475cb889ebc96,0.049752688172043355,512.3482833333447,True,1.5577703213598596e-06,51496.53954908627,6.690509729299775,505.5998424215558,492.8725696942831,492.8907605441909,504.0991830921574,495.55372854670287,495.5693010774189,121.41027163922294,121.41027163922294,121.29170692082526,121.10534861705216,121.10534861705216,120.9870816750433,6.690509729299775,6.690509729299775,6.690509729299775,0.0,0.0,0.0,0.2281633311454243,0.2281633311454243,152.10888743028286,-1.4210854715202004e-14,7.105427357601002e-15,-9.473903143468002e-12,0.24630275230497034,0.12315137615248517,164.20183486998022,0.0,0.0,0.0,0.2281633311454243,False,0.009132478353975737,6.749131540826058e-05,0.0575549905479018,False
main_camera_y_mm,bilinear_intensity,camera_y_mm,y,0.04699999999999999,0.04699999999999999,0.087,0.0015,0.0055,0.005505376344086021,0.058651026392960576,513,465,561,97,4f5fe03cd1c1dd58,0.049752688172043355,512.3482833333447,True,1.567234171531581e-06,51809.394100217556,6.607947147474337,510.640686628091,497.9134139008183,497.9266820513057,509.53710037257304,500.9916458271185,501.0019078917404,121.42857339886794,121.42857339886794,121.30999080765811,120.91298970080629,120.91298970080629,120.7949106093016,6.607947147474337,6.607947147474337,6.607947147474337,0.0,0.0,0.0,-0.009432638849034447,0.009432638849034447,-6.288425899356298,-4.263256414560601e-14,2.1316282072803006e-14,-2.8421709430404007e-11,-0.0018312672076064018,0.0009156336038032009,-1.2208448050709346,-0.0595121363253579,0.1785151848469714,-39.6747575502386,0.1785151848469714,False,0.013329400913555733,0.000107289592109199,0.015299378578359104,False
main_camera_y_mm,production_searchsorted,camera_y_mm,y,0.048499999999999995,0.048499999999999995,0.0885,0.0015,0.0055,0.005505376344086021,0.058651026392960576,513,465,561,97,66aed24ad086c2e6,0.05125268817204312,512.3738583333446,True,1.566173363459942e-06,51774.32606479147,6.690509729299775,505.5998424215558,492.8725696942831,492.8907605441909,504.62484970795634,495.80666788977453,495.82199340941344,121.41027163922294,121.41027163922294,121.29170692082526,120.7586820204582,120.7586820204582,120.64075362004759,6.690509729299775,6.690509729299775,6.690509729299775,0.0,0.0,0.0,0.5256666157989685,0.5256666157989685,350.44441053264563,0.0,0.0,0.0,-0.3466665965939626,0.1733332982969813,-231.11106439597506,0.0,0.0,0.0,0.5256666157989685,False,0.010269632749363156,7.538307337341115e-05,0.06481065857853063,False
main_camera_y_mm,bilinear_intensity,camera_y_mm,y,0.048499999999999995,0.048499999999999995,0.0885,0.0015,0.0055,0.005505376344086021,0.058651026392960576,513,465,561,97,8016a08f5055e4b3,0.05125268817204312,512.3738583333446,True,1.5671898662669156e-06,51807.92946336912,6.5781923593532055,510.640686628091,497.9134139008183,497.9266820513057,509.5331723176571,500.7149904994753,500.7255227353156,121.42857339886795,121.42857339886795,121.30999080765811,120.91395167412557,120.91395167412557,120.79587164319379,6.5781923593532055,6.5781923593532055,6.5781923593532055,0.0,0.0,0.0,-0.003928054915945722,0.003928054915945722,-2.6187032772971484,1.4210854715202004e-14,7.105427357601002e-15,9.473903143468002e-12,0.0009619733192778313,0.0004809866596389156,0.6413155461852208,-0.029754788121131526,0.09005758507770231,-19.836525414087685,0.09005758507770231,False,0.01332935176439027,0.00010049314632235753,0.013170990536061826,False
main_camera_y_mm,production_searchsorted,camera_y_mm,y,0.049999999999999996,0.049999999999999996,0.09,0.0015,0.0055,0.005505376344086021,0.058651026392960576,513,465,561,97,a8284bb558c9fd48,0.052752688172043316,512.3994333333446,True,1.5696823912753236e-06,51890.326984308216,6.690509729299775,505.5998424215558,492.8725696942831,492.8907605441909,504.52028967971415,495.42938058880503,495.4450745530737,121.41027163922294,121.41027163922294,121.29170692082526,120.80026812151625,120.80026812151625,120.68229910967882,6.690509729299775,6.690509729299775,6.690509729299775,0.0,0.0,0.0,-0.10456002824219013,0.10456002824219013,-69.70668549479342,0.0,0.0,0.0,0.04158610105805849,0.020793050529029244,27.72406737203899,0.0,0.0,0.0,0.10456002824219013,False,0.01546706806077699,0.00011414669230588919,0.08941417029566108,False
main_camera_y_mm,bilinear_intensity,camera_y_mm,y,0.049999999999999996,0.049999999999999996,0.09,0.0015,0.0055,0.005505376344086021,0.058651026392960576,513,465,561,97,d24190d6d379a6e4,0.052752688172043316,512.3994333333446,True,1.5671179760847503e-06,51805.5529284215,6.646077231191161,510.640686628091,497.9134139008183,497.9266820513057,509.54338865913667,500.45247956822755,500.4632681623992,121.42857339886795,121.42857339886795,121.30999080765812,120.91244626276777,120.91244626276777,120.79436770196428,6.646077231191161,6.646077231191161,6.646077231191161,0.0,0.0,0.0,0.01021634147957684,0.01021634147957684,6.810894319717893,0.0,0.0,0.0,-0.0015054113577974704,0.0007527056788987352,-1.0036075718649802,0.06788487183795588,0.20639369641246125,45.256581225303925,0.20639369641246125,False,0.013296980604158338,0.00011007826969376764,0.01597915881448044,False
main_lens_x_mm,production_searchsorted,lens_x_mm,x,0.020000000000000004,0.020000000000000004,-0.09,0.0015,0.0055,0.005505376344086021,0.058651026392960576,513,465,561,97,18db2d7a95d947bb,0.07275268817204336,512.7404333333446,False,1.570805556109796e-06,51927.456400323834,7.044377159455795,507.67738460005256,494.9501118727798,494.966273872904,504.3139154721346,511.5866427448619,511.5865581328064,120.30368791429616,120.30368791429616,120.18620384406735,120.89739679757508,120.89739679757508,120.77933293351495,7.044377159455795,7.044377159455795,7.044377159455795,0.0,0.0,0.0,0.0,0.0,0.0,0.0,0.0,0.0,0.0,0.0,0.0,0.0,0.0,0.0,0.0,False,0.0,0.0,0.0,False
main_lens_x_mm,bilinear_intensity,lens_x_mm,x,0.020000000000000004,0.020000000000000004,-0.09,0.0015,0.0055,0.005505376344086021,0.058651026392960576,513,465,561,97,c2e5f3d8fc667a4c,0.07275268817204336,512.7404333333446,False,1.5671045579338895e-06,51805.10935318643,6.875633058486472,513.2131817065713,500.48590897929853,500.4966649275609,509.52144935741416,516.7941766301414,516.789006535776,120.4107525511029,120.4107525511029,120.29316392556471,120.92547706671196,120.92547706671196,120.807385780514,6.875633058486472,6.875633058486472,6.875633058486472,0.0,0.0,0.0,0.0,0.0,0.0,0.0,0.0,0.0,0.0,0.0,0.0,0.0,0.0,0.0,0.0,False,0.0,0.0,0.0,False
main_lens_x_mm,production_searchsorted,lens_x_mm,x,0.021500000000000005,0.021500000000000005,-0.0885,0.0015,0.0055,0.005505376344086021,0.058651026392960576,513,465,561,97,18db2d7a95d947bb,0.07275268817204336,512.7404333333446,False,1.5709069576761822e-06,51930.8085182209,7.166579237294804,507.4825687085165,494.75529598124376,494.771648231262,504.3139154721346,511.58664274486193,511.5865581328064,120.20525253260156,120.20525253260156,120.0878645906752,120.89739679757508,120.89739679757508,120.77933293351494,7.166579237294804,7.166579237294804,7.166579237294804,-0.19481589153605228,0.19481589153605228,-129.87726102403485,0.0,0.0,0.0,-0.09843538169459976,0.04921769084729988,-65.62358779639983,0.0,0.0,0.0,0.12220207783900872,0.3469492762038575,81.46805189267248,0.3469492762038575,False,0.014215640641713418,0.00013202561668560907,0.015860724693338955,False
main_lens_x_mm,bilinear_intensity,lens_x_mm,x,0.021500000000000005,0.021500000000000005,-0.0885,0.0015,0.0055,0.005505376344086021,0.058651026392960576,513,465,561,97,c2e5f3d8fc667a4c,0.07275268817204336,512.7404333333446,False,1.5671134440259218e-06,51805.40310829494,6.9510150829093575,513.0164135505826,500.2891408233098,500.3000889279745,509.52144935741416,516.7941766301415,516.789006535776,120.31042738641779,120.31042738641779,120.19293673467322,120.92547706671196,120.92547706671196,120.80738578051397,6.9510150829093575,6.9510150829093575,6.9510150829093575,-0.1967681559887069,0.1967681559887069,-131.17877065913794,0.0,0.0,0.0,-0.10032516468511687,0.05016258234255844,-66.88344312341125,0.0,0.0,0.0,0.07538202442288533,0.21927297103164234,50.25468294859022,0.21927297103164234,False,0.012498623047383242,0.0001035776153817571,0.011066586941711583,False
main_lens_x_mm,production_searchsorted,lens_x_mm,x,0.023000000000000007,0.023000000000000007,-0.087,0.0015,0.0055,0.005505376344086021,0.058651026392960576,513,465,561,97,18db2d7a95d947bb,0.07275268817204336,512.7404333333446,False,1.5710197542496642e-06,51934.537330567415,7.275536019111028,507.2685827584975,494.5413100312247,494.55787125189727,504.3139154721346,511.5866427448619,511.5865581328064,120.11356630195701,120.11356630195701,119.99626789736526,120.89739679757507,120.89739679757507,120.77933293351495,7.275536019111028,7.275536019111028,7.275536019111028,-0.21398595001903686,0.21398595001903686,-142.65730001269125,0.0,0.0,0.0,-0.09168623064455517,0.04584311532227758,-61.12415376303677,-1.4210854715202004e-14,7.105427357601002e-15,-9.473903143468002e-12,0.10895678181622426,0.3040691471021887,72.6378545441495,0.3040691471021887,False,0.012751889424492758,0.00011593826385572769,0.013955217955736038,False
main_lens_x_mm,bilinear_intensity,lens_x_mm,x,0.023000000000000007,0.023000000000000007,-0.087,0.0015,0.0055,0.005505376344086021,0.058651026392960576,513,465,561,97,c2e5f3d8fc667a4c,0.07275268817204336,512.7404333333446,False,1.5671232148652367e-06,51805.726111247495,7.053356619981836,512.8007347558397,500.07346202856695,500.0846207570546,509.52144935741416,516.7941766301414,516.789006535776,120.21632443829878,120.21632443829878,120.09892568396451,120.92547706671193,120.92547706671193,120.80738578051397,7.053356619981836,7.053356619981836,7.053356619981836,-0.2156787947428711,0.2156787947428711,-143.78586316191408,0.0,0.0,0.0,-0.09410294811900144,0.04705147405950072,-62.73529874600096,-2.842170943040401e-14,1.4210854715202004e-14,-1.8947806286936004e-11,0.10234153707247806,0.2944650122371562,68.22769138165204,0.2944650122371562,False,0.011194034675568964,0.00011410009165743247,0.01318606353161998,False
main_lens_x_mm,production_searchsorted,lens_x_mm,x,0.024500000000000008,0.024500000000000008,-0.08549999999999999,0.0015,0.0055,0.005505376344086021,0.058651026392960576,513,465,561,97,18db2d7a95d947bb,0.07275268817204336,512.7404333333446,False,1.571138993426265e-06,51938.479121529424,7.369634774751163,507.0397971797917,494.31252445251897,494.32930909660826,504.3139154721346,511.58664274486193,511.5865581328064,120.03155188395377,120.03155188395377,119.9143335715671,120.89739679757508,120.89739679757508,120.77933293351495,7.369634774751163,7.369634774751163,7.369634774751163,-0.22878557870575378,0.22878557870575378,-152.5237191371692,0.0,0.0,0.0,-0.08201441800324005,0.041007209001620026,-54.676278668826704,1.4210854715202004e-14,7.105427357601002e-15,9.473903143468002e-12,0.09409875564013515,0.25867167832847243,62.7325037600901,0.25867167832847243,False,0.011100290368034916,9.982048567362919e-05,0.012119626607683046,False
main_lens_x_mm,bilinear_intensity,lens_x_mm,x,0.024500000000000008,0.024500000000000008,-0.08549999999999999,0.0015,0.0055,0.005505376344086021,0.058651026392960576,513,465,561,97,c2e5f3d8fc667a4c,0.07275268817204336,512.7404333333446,False,1.5671321677089447e-06,51806.02207302296,7.141887837322723,512.571061957994,499.8437892307212,499.8551722490505,509.52144935741416,516.7941766301415,516.789006535776,120.1315078171239,120.1315078171239,120.01419189152125,120.92547706671196,120.92547706671196,120.807385780514,7.141887837322723,7.141887837322723,7.141887837322723,-0.22967279784575112,0.22967279784575112,-153.11519856383407,0.0,0.0,0.0,-0.08481662117488042,0.04240831058744021,-56.54441411658695,2.842170943040401e-14,1.4210854715202004e-14,1.8947806286936004e-11,0.0885312173408872,0.25103286877649805,59.02081156059147,0.25103286877649805,False,0.00982646531537895,9.839961234774463e-05,0.01149608175184603,False
main_lens_x_mm,production_searchsorted,lens_x_mm,x,0.02600000000000001,0.02600000000000001,-0.08399999999999999,0.0015,0.0055,0.005505376344086021,0.058651026392960576,513,465,561,97,18db2d7a95d947bb,0.07275268817204336,512.7404333333446,False,1.5712593242266725e-06,51942.456999228845,7.447465896246838,506.7997710249749,494.07249829770217,494.0895173423333,504.3139154721346,511.58664274486193,511.5865581328064,119.96211576390901,119.96211576390901,119.8449652602333,120.89739679757508,120.89739679757508,120.77933293351495,7.447465896246838,7.447465896246838,7.447465896246838,-0.24002615481680323,0.24002615481680323,-160.01743654453549,0.0,0.0,0.0,-0.06943612004475597,0.03471806002237798,-46.29074669650398,0.0,0.0,0.0,0.07783112149567462,0.21122110898176114,51.887414330449744,0.24002615481680323,False,0.009344679566808218,8.422242735115932e-05,0.010393466413287599,False
main_lens_x_mm,bilinear_intensity,lens_x_mm,x,0.02600000000000001,0.02600000000000001,-0.08399999999999999,0.0015,0.0055,0.005505376344086021,0.058651026392960576,513,465,561,97,c2e5f3d8fc667a4c,0.07275268817204336,512.7404333333446,False,1.5671388241015042e-06,51806.24211905799,7.215266103168924,512.3313785315981,499.6041058043254,499.61572288850084,509.52144935741416,516.7941766301414,516.789006535776,120.05906802476258,120.05906802476258,119.94182284114464,120.92547706671196,120.92547706671196,120.807385780514,7.215266103168924,7.215266103168924,7.215266103168924,-0.23968342639579987,0.23968342639579987,-159.78895093053325,0.0,0.0,0.0,-0.07243979236132247,0.03621989618066124,-48.29319490754832,0.0,0.0,0.0,0.073378265846201,0.2054870295294592,48.91884389746733,0.23968342639579987,False,0.008436079146805116,8.328309760124251e-05,0.009896575747121526,False
main_lens_x_mm,production_searchsorted,lens_x_mm,x,0.02750000000000001,0.02750000000000001,-0.08249999999999999,0.0015,0.0055,0.005505376344086021,0.058651026392960576,513,465,561,97,18db2d7a95d947bb,0.07275268817204336,512.7404333333446,False,1.5713753916065678e-06,51946.2939374072,7.507883315376533,506.5514063062263,493.82413357895354,493.8413951672553,504.3139154721346,511.58664274486193,511.5865581328064,119.90789675378848,119.90789675378848,119.79079919836487,120.89739679757508,120.89739679757508,120.77933293351494,7.507883315376533,7.507883315376533,7.507883315376533,-0.24836471874863264,0.24836471874863264,-165.5764791657551,0.0,0.0,0.0,-0.05421901012053354,0.02710950506026677,-36.14600674702236,0.0,0.0,0.0,0.06041741912969556,0.16224960267395921,40.27827941979704,0.24836471874863264,False,0.0077462424373525495,6.959439018802486e-05,0.008838689386020258,False
main_lens_x_mm,bilinear_intensity,lens_x_mm,x,0.02750000000000001,0.02750000000000001,-0.08249999999999999,0.0015,0.0055,0.005505376344086021,0.058651026392960576,513,465,561,97,c2e5f3d8fc667a4c,0.07275268817204336,512.7404333333446,False,1.5671420696874746e-06,51806.34941115619,7.272395134340405,512.0848843768052,499.35761164953243,499.3694694506559,509.52144935741416,516.7941766301414,516.789006535776,120.00185126381584,120.00185126381584,119.88466195594103,120.92547706671196,120.92547706671196,120.80738578051397,7.272395134340405,7.272395134340405,7.272395134340405,-0.24649415479291292,0.24649415479291292,-164.32943652860862,0.0,0.0,0.0,-0.057216760946744216,0.028608380473372108,-38.14450729782948,0.0,0.0,0.0,0.05712903117148116,0.15835599229359051,38.08602078098744,0.24649415479291292,False,0.00719078073707342,6.915531064631151e-05,0.008438622885362256,False
main_lens_x_mm,production_searchsorted,lens_x_mm,x,0.029000000000000012,0.029000000000000012,-0.08099999999999999,0.0015,0.0055,0.005505376344086021,0.058651026392960576,513,465,561,97,18db2d7a95d947bb,0.07275268817204336,512.7404333333446,False,1.571482228133923e-06,51949.82572343547,7.550056885573889,506.297176783492,493.56990405621923,493.5874139155393,504.3139154721346,511.5866427448619,511.5865581328064,119.8710208994714,119.8710208994714,119.75395935562423,120.89739679757508,120.89739679757508,120.77933293351494,7.550056885573889,7.550056885573889,7.550056885573889,-0.2542295227343061,0.2542295227343061,-169.4863484895374,0.0,0.0,0.0,-0.036875854317074186,0.018437927158537093,-24.583902878049457,0.0,0.0,0.0,0.042173570197356014,0.11234476729541697,28.115713464904008,0.2542295227343061,False,0.006951340594461322,5.5996722752131836e-05,0.0075574138599757874,False
main_lens_x_mm,bilinear_intensity,lens_x_mm,x,0.029000000000000012,0.029000000000000012,-0.08099999999999999,0.0015,0.0055,0.005505376344086021,0.058651026392960576,513,465,561,97,c2e5f3d8fc667a4c,0.07275268817204336,512.7404333333446,False,1.5671412515871694e-06,51806.322366518,7.31247478636151,511.8342261482838,499.1069534210111,499.1190560055608,509.52144935741416,516.7941766301414,516.789006535776,119.96219309057248,119.96219309057248,119.84504251138245,120.92547706671196,120.92547706671196,120.80738578051397,7.31247478636151,7.31247478636151,7.31247478636151,-0.2506582285214449,0.2506582285214449,-167.10548568096328,0.0,0.0,0.0,-0.03965817324335319,0.019829086621676595,-26.43878216223546,0.0,0.0,0.0,0.04007965202110508,0.1102240768845139,26.719768014070056,0.2506582285214449,False,0.006551364751465901,5.5948863715823947e-05,0.007206452130798911,False
main_lens_x_mm,production_searchsorted,lens_x_mm,x,0.0305,0.0305,-0.0795,0.0015,0.0055,0.005505376344086021,0.058651026392960576,513,465,561,97,18db2d7a95d947bb,0.07275268817204336,512.7404333333446,False,1.5715756170621515e-06,51952.91296073228,7.573512785580504,506.0394004019866,493.31212767471385,493.32988926878147,504.3139154721346,511.58664274486193,511.5865581328064,119.85290734378499,119.85290734378499,119.73586348895708,120.89739679757508,120.89739679757508,120.77933293351494,7.573512785580504,7.573512785580504,7.573512785580504,-0.25777638150537996,0.25777638150537996,-171.85092100358665,0.0,0.0,0.0,-0.01811355568641204,0.00905677784320602,-12.075703790941361,0.0,0.0,0.0,0.02345590000661435,0.0621343663024108,15.637266671076233,0.25777638150537996,False,0.006789170425714768,4.795572798760395e-05,0.00670530059750701,False
main_lens_x_mm,bilinear_intensity,lens_x_mm,x,0.0305,0.0305,-0.0795,0.0015,0.0055,0.005505376344086021,0.058651026392960576,513,465,561,97,c2e5f3d8fc667a4c,0.07275268817204336,512.7404333333446,False,1.5671362320529177e-06,51806.15643150141,7.335039632135383,511.58177483603555,498.8545021087628,498.86685122779716,509.52144935741416,516.7941766301414,516.789006535776,119.94170313283641,119.94170313283641,119.82457256337074,120.92547706671193,120.92547706671193,120.80738578051397,7.335039632135383,7.335039632135383,7.335039632135383,-0.25245131224824036,0.25245131224824036,-168.30087483216025,0.0,0.0,0.0,-0.02048995773607487,0.010244978868037435,-13.659971824049913,-2.842170943040401e-14,1.4210854715202004e-14,-1.8947806286936004e-11,0.022564845773873188,0.06171603029923292,15.043230515915457,0.25245131224824036,False,0.006497616979951986,4.819178943272727e-05,0.006333295046038801,False
main_lens_x_mm,production_searchsorted,lens_x_mm,x,0.032,0.032,-0.078,0.0015,0.0055,0.005505376344086021,0.058651026392960576,513,465,561,97,18db2d7a95d947bb,0.07275268817204336,512.7404333333446,False,1.5716524018600787e-06,51955.45130115963,7.578158802838613,505.7805291609779,493.0532564337052,493.07127083171906,504.3139154721346,511.58664274486193,511.5865581328064,119.85416038936418,119.85416038936418,119.73711531085894,120.89739679757508,120.89739679757508,120.77933293351495,7.578158802838613,7.578158802838613,7.578158802838613,-0.2588712410087055,0.2588712410087055,-172.58082733913702,0.0,0.0,0.0,0.0012530455791903705,0.0006265227895951853,0.835363719460247,0.0,0.0,0.0,0.00464601725810887,0.012269121052926978,3.0973448387392466,0.2588712410087055,False,0.007344314001308077,4.8008928306863256e-05,0.006455467894554085,False
main_lens_x_mm,bilinear_intensity,lens_x_mm,x,0.032,0.032,-0.078,0.0015,0.0055,0.005505376344086021,0.058651026392960576,513,465,561,97,c2e5f3d8fc667a4c,0.07275268817204336,512.7404333333446,False,1.5671273998631981e-06,51805.86445828754,7.339983330734019,511.32992270112214,498.60264997384945,498.6152450422343,509.52144935741416,516.7941766301415,516.789006535776,119.94113798707818,119.94113798707818,119.82400796951265,120.92547706671196,120.92547706671196,120.807385780514,7.339983330734019,7.339983330734019,7.339983330734019,-0.2518521349134062,0.2518521349134062,-167.90142327560412,0.0,0.0,0.0,-0.000565145758230301,0.0002825728791151505,-0.37676383882020065,2.842170943040401e-14,1.4210854715202004e-14,1.8947806286936004e-11,0.0049436985986357485,0.013479677947415628,3.2957990657571656,0.2518521349134062,False,0.006981831476995219,4.6902097365410994e-05,0.00598356946126963,False
main_lens_x_mm,production_searchsorted,lens_x_mm,x,0.0335,0.0335,-0.0765,0.0015,0.0055,0.005505376344086021,0.058651026392960576,513,465,561,97,18db2d7a95d947bb,0.07275268817204336,512.7404333333446,False,1.5717107182145154e-06,51957.37911452944,7.56429243775206,505.52343393475235,492.7961612074796,492.81442667505036,504.3139154721346,511.58664274486193,511.5865581328064,119.87456613819872,119.87456613819872,119.75750113220438,120.89739679757511,120.89739679757511,120.77933293351498,7.56429243775206,7.56429243775206,7.56429243775206,-0.2570952262255446,0.2570952262255446,-171.3968174836964,0.0,0.0,0.0,0.020405748834534165,0.010202874417267083,13.60383255635611,2.842170943040401e-14,1.4210854715202004e-14,1.8947806286936004e-11,-0.013866365086552257,0.03659560441345784,-9.244243391034837,0.2570952262255446,False,0.008694914349504172,5.384662989302099e-05,0.006877893847375382,False
main_lens_x_mm,bilinear_intensity,lens_x_mm,x,0.0335,0.0335,-0.0765,0.0015,0.0055,0.005505376344086021,0.058651026392960576,513,465,561,97,c2e5f3d8fc667a4c,0.07275268817204336,512.7404333333446,False,1.5671156415113092e-06,51805.475752439976,7.32756681092095,511.0813760449537,498.35410331768094,498.3669411074097,509.52144935741416,516.7941766301415,516.789006535776,119.96038220711385,119.96038220711385,119.8432333963647,120.92547706671196,120.92547706671196,120.807385780514,7.32756681092095,7.32756681092095,7.32756681092095,-0.2485466561684575,0.2485466561684575,-165.69777077897166,0.0,0.0,0.0,0.01924422003567372,0.00962211001783686,12.82948002378248,0.0,0.0,0.0,-0.012416519813069016,0.03383255588899908,-8.277679875379343,0.2485466561684575,False,0.008119676643199762,5.342003224740648e-05,0.006254903823554143,False
main_lens_x_mm,production_searchsorted,lens_x_mm,x,0.035,0.035,-0.075,0.0015,0.0055,0.005505376344086021,0.058651026392960576,513,465,561,97,18db2d7a95d947bb,0.07275268817204336,512.7404333333446,False,1.5717501265604256e-06,51958.68186976614,7.532591034656007,505.2716627467405,492.5443900194678,492.56290135733934,504.3139154721346,511.58664274486193,511.5865581328064,119.91319119646842,119.91319119646842,119.7960884706906,120.89739679757507,120.89739679757507,120.77933293351494,7.532591034656007,7.532591034656007,7.532591034656007,-0.25177118801184406,0.25177118801184406,-167.84745867456272,0.0,0.0,0.0,0.03862505826970164,0.01931252913485082,25.75003884646776,-4.263256414560601e-14,2.1316282072803006e-14,-2.8421709430404007e-11,-0.031701403096053404,0.08381855502528497,-21.13426873070227,0.25177118801184406,False,0.010224313638706815,6.59680989823915e-05,0.007868975541601627,False
main_lens_x_mm,bilinear_intensity,lens_x_mm,x,0.035,0.035,-0.075,0.0015,0.0055,0.005505376344086021,0.058651026392960576,513,465,561,97,c2e5f3d8fc667a4c,0.07275268817204336,512.7404333333446,False,1.567102273677249e-06,51805.03384057022,7.298409491662204,510.83942205106695,498.1121493237942,498.1252233967201,509.52144935741416,516.7941766301414,516.789006535776,119.99853610127607,119.99853610127607,119.88135003086465,120.92547706671193,120.92547706671193,120.807385780514,7.298409491662204,7.298409491662204,7.298409491662204,-0.24195399388673877,0.24195399388673877,-161.3026625911592,0.0,0.0,0.0,0.038153894162221036,0.019076947081110518,25.435929441480692,-2.842170943040401e-14,1.4210854715202004e-14,-1.8947806286936004e-11,-0.029157319258746206,0.0795825408655172,-19.438212839164137,0.24195399388673877,False,0.009528313302499408,6.376865816183923e-05,0.0070853400076540465,False
main_lens_x_mm,production_searchsorted,lens_x_mm,x,0.036500000000000005,0.036500000000000005,-0.0735,0.0015,0.0055,0.005505376344086021,0.058651026392960576,513,465,561,97,18db2d7a95d947bb,0.07275268817204336,512.7404333333446,False,1.5717716275616784e-06,51959.39264666705,7.484084471965921,505.0296488821558,492.3023761548831,492.32112383441927,504.3139154721346,511.5866427448619,511.5865581328064,119.96856052847929,119.96856052847929,119.85140373108821,120.89739679757508,120.89739679757508,120.77933293351494,7.484084471965921,7.484084471965921,7.484084471965921,-0.24201386458469187,0.24201386458469187,-161.34257638979457,0.0,0.0,0.0,0.05536933201086924,0.02768466600543462,36.91288800724616,1.4210854715202004e-14,7.105427357601002e-15,9.473903143468002e-12,-0.04850656269008624,0.12879117548508034,-32.33770846005749,0.24201386458469187,False,0.011644293079151947,7.965447887474611e-05,0.00924818783983518,False
main_lens_x_mm,bilinear_intensity,lens_x_mm,x,0.036500000000000005,0.036500000000000005,-0.0735,0.0015,0.0055,0.005505376344086021,0.058651026392960576,513,465,561,97,c2e5f3d8fc667a4c,0.07275268817204336,512.7404333333446,False,1.5670889381189367e-06,51804.59299566733,7.253464019935886,510.6081464850276,497.88087375775484,497.8941736857257,509.52144935741416,516.7941766301414,516.789006535776,120.05408838253862,120.05408838253862,119.93684806185253,120.92547706671196,120.92547706671196,120.807385780514,7.253464019935886,7.253464019935886,7.253464019935886,-0.23127556603935773,0.23127556603935773,-154.18371069290515,0.0,0.0,0.0,0.05555228126254974,0.02777614063127487,37.03485417503316,2.842170943040401e-14,1.4210854715202004e-14,1.8947806286936004e-11,-0.0449454717263178,0.12316511365295157,-29.963647817545198,0.23127556603935773,False,0.010898779550586261,7.596037794421154e-05,0.008313709869350839,False
main_lens_x_mm,production_searchsorted,lens_x_mm,x,0.038000000000000006,0.038000000000000006,-0.072,0.0015,0.0055,0.005505376344086021,0.058651026392960576,513,465,561,97,18db2d7a95d947bb,0.07275268817204336,512.7404333333446,False,1.5717775506496506e-06,51959.58845122812,7.420112208015641,504.80284134933265,492.07556862205996,492.0945377933274,504.3139154721346,511.5866427448619,511.5865581328064,120.03887605722748,120.03887605722748,119.92165059232785,120.89739679757508,120.89739679757508,120.77933293351494,7.420112208015641,7.420112208015641,7.420112208015641,-0.2268075328231589,0.2268075328231589,-151.20502188210594,0.0,0.0,0.0,0.07031552874819624,0.03515776437409812,46.87701916546416,0.0,0.0,0.0,-0.06397226395028,0.17095548343931435,-42.64817596685333,0.2268075328231589,False,0.013219798252716328,9.36794009101942e-05,0.010863329678984375,False
main_lens_x_mm,bilinear_intensity,lens_x_mm,x,0.038000000000000006,0.038000000000000006,-0.072,0.0015,0.0055,0.005505376344086021,0.058651026392960576,513,465,561,97,c2e5f3d8fc667a4c,0.07275268817204336,512.7404333333446,False,1.5670774612411233e-06,51804.213594747875,7.193976205765536,510.39257559379155,497.66530286651886,497.6788133129382,509.52144935741416,516.7941766301415,516.789006535776,120.12513596334874,120.12513596334874,120.00782626025952,120.92547706671196,120.92547706671196,120.80738578051397,7.193976205765536,7.193976205765536,7.193976205765536,-0.215570891236041,0.215570891236041,-143.713927490694,0.0,0.0,0.0,0.07104758081011653,0.035523790405058264,47.36505387341102,0.0,0.0,0.0,-0.05948781417034965,0.16402594403680645,-39.6585427802331,0.215570891236041,False,0.012186100955087887,8.899630385746198e-05,0.009788756186817576,False
main_lens_x_mm,production_searchsorted,lens_x_mm,x,0.03950000000000001,0.03950000000000001,-0.0705,0.0015,0.0055,0.005505376344086021,0.058651026392960576,513,465,561,97,18db2d7a95d947bb,0.07275268817204336,512.7404333333446,False,1.571771316941083e-06,51959.382378217626,7.342267565524857,504.5977271679214,491.87045444064864,491.8896239187339,504.3139154721346,511.5866427448619,511.5865581328064,120.1222303899351,120.1222303899351,120.00492352431993,120.89739679757508,120.89739679757508,120.77933293351494,7.342267565524857,7.342267565524857,7.342267565524857,-0.20511418141126114,0.20511418141126114,-136.74278760750744,0.0,0.0,0.0,0.08335433270761428,0.04167716635380714,55.56955513840952,0.0,0.0,0.0,-0.07784464249078393,0.209820661220437,-51.89642832718929,0.209820661220437,False,0.014691393757810948,0.00010731033062691039,0.012611371105021212,False
main_lens_x_mm,bilinear_intensity,lens_x_mm,x,0.03950000000000001,0.03950000000000001,-0.0705,0.0015,0.0055,0.005505376344086021,0.058651026392960576,513,465,561,97,c2e5f3d8fc667a4c,0.07275268817204336,512.7404333333446,False,1.5670696838412604e-06,51803.956490620185,7.121432865806934,510.1987126566699,497.47143992939715,497.48513969509105,509.5214493574141,516.7941766301414,516.789006535776,120.20960563052914,120.20960563052914,120.09221343753056,120.92547706671196,120.92547706671196,120.80738578051397,7.121432865806934,7.121432865806934,7.121432865806934,-0.1938629371216507,0.1938629371216507,-129.24195808110048,-5.684341886080802e-14,5.684341886080802e-14,-3.789561257387201e-11,0.08446966718040017,0.04223483359020008,56.31311145360011,0.0,0.0,0.0,-0.07254333995860218,0.20167800916678896,-48.36222663906812,0.20167800916678896,False,0.013392884147244618,0.00010211912381106047,0.011403536686165745,False
main_lens_x_mm,production_searchsorted,lens_x_mm,x,0.04100000000000001,0.04100000000000001,-0.06899999999999999,0.0015,0.0055,0.005505376344086021,0.058651026392960576,513,465,561,97,18db2d7a95d947bb,0.07275268817204336,512.7404333333446,False,1.5717570917308188e-06,51958.912123332855,7.252332953657785,504.42171584467195,491.6944431173992,491.7137844815423,504.3139154721346,511.5866427448619,511.5865581328064,120.21677263394795,120.21677263394795,120.0993734419226,120.89739679757508,120.89739679757508,120.77933293351495,7.252332953657785,7.252332953657785,7.252332953657785,-0.17601132324944047,0.17601132324944047,-117.34088216629364,0.0,0.0,0.0,0.09454224401285671,0.04727112200642836,63.02816267523781,0.0,0.0,0.0,-0.08993461186707208,0.24497775670653638,-59.95640791138138,0.24497775670653638,False,0.01604902899566547,0.0001206257673659288,0.014423617684491947,False
main_lens_x_mm,bilinear_intensity,lens_x_mm,x,0.04100000000000001,0.04100000000000001,-0.06899999999999999,0.0015,0.0055,0.005505376344086021,0.058651026392960576,513,465,561,97,c2e5f3d8fc667a4c,0.07275268817204336,512.7404333333446,False,1.5670672716345924e-06,51803.87674825099,7.037501061529996,510.0334403722726,497.3061676449999,497.320028809409,509.52144935741416,516.7941766301415,516.789006535776,120.3054344360653,120.3054344360653,120.18794866024882,120.92547706671193,120.92547706671193,120.80738578051397,7.037501061529996,7.037501061529996,7.037501061529996,-0.1652722843973038,0.1652722843973038,-110.18152293153587,5.684341886080802e-14,5.684341886080802e-14,3.789561257387201e-11,0.0958288055361578,0.0479144027680789,63.885870357438534,-2.842170943040401e-14,1.4210854715202004e-14,-1.8947806286936004e-11,-0.08393180427693814,0.23571605843518056,-55.954536184625425,0.23571605843518056,False,0.014483574616033463,0.00011498281901018289,0.013085320201556986,False
main_lens_x_mm,production_searchsorted,lens_x_mm,x,0.042499999999999996,0.042499999999999996,-0.0675,0.0015,0.0055,0.005505376344086021,0.058651026392960576,513,465,561,97,18db2d7a95d947bb,0.07275268817204336,512.7404333333446,False,1.5717393563552278e-06,51958.325829924885,7.152210210992883,504.2828637602941,491.5555910330214,491.5750679949032,504.3139154721346,511.58664274486193,511.5865581328064,120.32079511664757,120.32079511664757,120.20329434016647,120.89739679757507,120.89739679757507,120.77933293351494,7.152210210992883,7.152210210992883,7.152210210992883,-0.13885208437784513,0.13885208437784513,-92.56805625189675,0.0,0.0,0.0,0.10402248269961945,0.05201124134980972,69.3483217997463,-1.4210854715202004e-14,7.105427357601002e-15,-9.473903143468002e-12,-0.10012274266490184,0.27611182030577885,-66.74849510993457,0.27611182030577885,False,0.017336492897216966,0.00013321444573272326,0.016250914200318295,False
main_lens_x_mm,bilinear_intensity,lens_x_mm,x,0.042499999999999996,0.042499999999999996,-0.0675,0.0015,0.0055,0.005505376344086021,0.058651026392960576,513,465,561,97,c2e5f3d8fc667a4c,0.07275268817204336,512.7404333333446,False,1.5670715229885555e-06,51804.01728887787,6.943962677779687,509.9042672179911,497.17699449071836,497.190981800786,509.52144935741416,516.7941766301414,516.789006535776,120.41067680437159,120.41067680437159,120.29308825280482,120.92547706671196,120.92547706671196,120.80738578051397,6.943962677779687,6.943962677779687,6.943962677779687,-0.12917315428148868,0.12917315428148868,-86.11543618765911,0.0,0.0,0.0,0.10524236830629263,0.052621184153146316,70.16157887086176,2.842170943040401e-14,1.4210854715202004e-14,1.8947806286936004e-11,-0.09353838375030943,0.26582840395330215,-62.35892250020628,0.26582840395330215,False,0.01543746366651131,0.000127347367155099,0.014781386606108022,False
main_lens_x_mm,production_searchsorted,lens_x_mm,x,0.044,0.044,-0.066,0.0015,0.0055,0.005505376344086021,0.058651026392960576,513,465,561,97,18db2d7a95d947bb,0.07275268817204336,512.7404333333446,False,1.5717224419181307e-06,51957.76667497953,7.043850380530709,504.18943120157826,491.4621584743055,491.4817266789204,504.3139154721346,511.58664274486193,511.5865581328064,120.4327284749053,120.4327284749053,120.315118388504,120.89739679757508,120.89739679757508,120.77933293351495,7.043850380530709,7.043850380530709,7.043850380530709,-0.09343255871584688,0.09343255871584688,-62.28837247723125,0.0,0.0,0.0,0.11193335825772976,0.05596667912886488,74.62223883848651,1.4210854715202004e-14,7.105427357601002e-15,9.473903143468002e-12,-0.10835983046217379,0.30301075406208194,-72.23988697478252,0.30301075406208194,False,0.01842927462092143,0.00014517062035208634,0.01805500081178423,False
main_lens_x_mm,bilinear_intensity,lens_x_mm,x,0.044,0.044,-0.066,0.0015,0.0055,0.005505376344086021,0.058651026392960576,513,465,561,97,c2e5f3d8fc667a4c,0.07275268817204336,512.7404333333446,False,1.5670831951515305e-06,51804.403145505144,6.842648408768978,509.81891031733113,497.09163759005844,497.1057082564743,509.52144935741416,516.7941766301415,516.789006535776,120.52352415094073,120.52352415094073,120.40582539688707,120.92547706671196,120.92547706671196,120.807385780514,6.842648408768978,6.842648408768978,6.842648408768978,-0.08535690065997414,0.08535690065997414,-56.90460043998276,0.0,0.0,0.0,0.11284734656913997,0.056423673284569986,75.23156437942664,0.0,0.0,0.0,-0.10131426901070828,0.2918053385710398,-67.54284600713885,0.2918053385710398,False,0.016275648382710336,0.00013898416012343888,0.016450344724716594,False
main_lens_x_mm,production_searchsorted,lens_x_mm,x,0.0455,0.0455,-0.0645,0.0015,0.0055,0.005505376344086021,0.058651026392960576,513,465,561,97,18db2d7a95d947bb,0.07275268817204336,512.7404333333446,False,1.5717100754582803e-06,51957.35786638944,6.929187010588996,504.1492866321051,491.42201390483234,491.44162131312834,504.3139154721346,511.58664274486193,511.5865581328064,120.5510541706159,120.5510541706159,120.4333285317774,120.89739679757508,120.89739679757508,120.77933293351494,6.929187010588996,6.929187010588996,6.929187010588996,-0.04014456947317058,0.04014456947317058,-26.763046315447053,0.0,0.0,0.0,0.11832569571059537,0.059162847855297684,78.88379714039691,0.0,0.0,0.0,-0.114663369941713,0.3255701462900007,-76.44224662780867,0.3255701462900007,False,0.019422068140375847,0.00015736811713136989,0.019804248316865607,False
main_lens_x_mm,bilinear_intensity,lens_x_mm,x,0.0455,0.0455,-0.0645,0.0015,0.0055,0.005505376344086021,0.058651026392960576,513,465,561,97,c2e5f3d8fc667a4c,0.07275268817204336,512.7404333333446,False,1.567102372402928e-06,51805.03710422903,6.735375012543944,509.78472847580053,497.0574557485278,497.0715597956483,509.52144935741416,516.7941766301415,516.789006535776,120.6422434861071,120.6422434861071,120.5244287952027,120.92547706671193,120.92547706671193,120.807385780514,6.735375012543944,6.735375012543944,6.735375012543944,-0.03418184153059656,0.03418184153059656,-22.787894353731037,0.0,0.0,0.0,0.11871933516637512,0.05935966758318756,79.14622344425008,-2.842170943040401e-14,1.4210854715202004e-14,-1.8947806286936004e-11,-0.10727339622503429,0.31354349899831613,-71.51559748335619,0.31354349899831613,False,0.017019387199812316,0.0001503413405761668,0.01805797097013709,False
main_lens_x_mm,production_searchsorted,lens_x_mm,x,0.047,0.047,-0.063,0.0015,0.0055,0.005505376344086021,0.058651026392960576,513,465,561,97,18db2d7a95d947bb,0.07275268817204336,512.7404333333446,False,1.5717049905346864e-06,51957.1897697417,6.810076556487991,504.1691986486761,491.44192592140337,491.46151388437073,504.3139154721346,511.5866427448619,511.5865581328064,120.67416345409421,120.67416345409421,120.55631759134606,120.89739679757511,120.89739679757511,120.77933293351495,6.810076556487991,6.810076556487991,6.810076556487991,0.019912016571026925,0.019912016571026925,13.27467771401795,0.0,0.0,0.0,0.12310928347831407,0.061554641739157034,82.07285565220938,2.842170943040401e-14,1.4210854715202004e-14,1.8947806286936004e-11,-0.11911045410100485,0.3437934462411924,-79.4069694006699,0.3437934462411924,False,0.020439835629107454,0.00016927670449180799,0.02147176354786108,False
main_lens_x_mm,bilinear_intensity,lens_x_mm,x,0.047,0.047,-0.063,0.0015,0.0055,0.005505376344086021,0.058651026392960576,513,465,561,97,c2e5f3d8fc667a4c,0.07275268817204336,512.7404333333446,False,1.5671283977454358e-06,51805.89744613011,6.623889203270022,509.8080441454011,497.08077141812834,497.0948526960403,509.5214493574141,516.7941766301414,516.789006535776,120.76506068945399,120.76506068945399,120.64712605987444,120.92547706671196,120.92547706671196,120.807385780514,6.623889203270022,6.623889203270022,6.623889203270022,0.023315669600549427,0.023315669600549427,15.543779733699617,-5.684341886080802e-14,5.684341886080802e-14,-3.789561257387201e-11,0.12281720334688373,0.061408601673441865,81.87813556458916,2.842170943040401e-14,1.4210854715202004e-14,1.8947806286936004e-11,-0.11148580927392171,0.3310455886013498,-74.32387284928114,0.3310455886013498,False,0.017659244040763016,0.00016123044440394572,0.019575584194121264,False
main_lens_x_mm,production_searchsorted,lens_x_mm,x,0.0485,0.0485,-0.0615,0.0015,0.0055,0.005505376344086021,0.058651026392960576,513,465,561,97,18db2d7a95d947bb,0.07275268817204336,512.7404333333446,False,1.5717086480241317e-06,51957.31067848369,6.688248704989329,504.25408144874206,491.5268087214693,491.5463137910772,504.3139154721346,511.5866427448619,511.5865581328064,120.80020568763828,120.80020568763828,120.68223673677146,120.89739679757508,120.89739679757508,120.77933293351494,6.688248704989329,6.688248704989329,6.688248704989329,0.08488280006594096,0.08488280006594096,56.58853337729397,0.0,0.0,0.0,0.1260422335440694,0.0630211167720347,84.02815569604627,-2.842170943040401e-14,1.4210854715202004e-14,-1.8947806286936004e-11,-0.12182785149866238,0.3577870248245489,-81.21856766577491,0.3577870248245489,False,0.021405724676171203,0.00018028486936705018,0.02303462521779232,False
main_lens_x_mm,bilinear_intensity,lens_x_mm,x,0.0485,0.0485,-0.0615,0.0015,0.0055,0.005505376344086021,0.058651026392960576,513,465,561,97,c2e5f3d8fc667a4c,0.07275268817204336,512.7404333333446,False,1.5671598836782331e-06,51806.938303412666,6.509820837921287,509.8934178033134,497.1661450760407,497.1801429812398,509.52144935741416,516.7941766301414,516.789006535776,120.89002770056489,120.89002770056489,120.77197103288853,120.92547706671196,120.92547706671196,120.807385780514,6.509820837921287,6.509820837921287,6.509820837921287,0.08537365791232787,0.08537365791232787,56.91577194155191,5.684341886080802e-14,5.684341886080802e-14,3.789561257387201e-11,0.12496701111089692,0.06248350555544846,83.31134074059794,0.0,0.0,0.0,-0.11406836534873488,0.3444150765457328,-76.04557689915659,0.3444150765457328,False,0.018233437177116944,0.00017133908818875768,0.020979620054966983,False
main_lens_x_mm,production_searchsorted,lens_x_mm,x,0.05,0.05,-0.06,0.0015,0.0055,0.005505376344086021,0.058651026392960576,513,465,561,97,18db2d7a95d947bb,0.07275268817204336,512.7404333333446,False,1.5717210997421323e-06,51957.722305525036,6.565268538885689,504.40627932656366,491.679006599291,491.6983630381588,504.3139154721346,511.58664274486193,511.5865581328064,120.92697329666485,120.92697329666485,120.80888054930482,120.89739679757508,120.89739679757508,120.77933293351494,6.565268538885689,6.565268538885689,6.565268538885689,0.15219787782160665,0.15219787782160665,101.4652518810711,0.0,0.0,0.0,0.12676760902657236,0.06338380451328618,84.51173935104823,0.0,0.0,0.0,-0.12298016610364026,0.36774997918931746,-81.98677740242684,0.36774997918931746,False,0.022325903814765586,0.0001908270982379685,0.02447357567460376,False
main_lens_x_mm,bilinear_intensity,lens_x_mm,x,0.05,0.05,-0.06,0.0015,0.0055,0.005505376344086021,0.058651026392960576,513,465,561,97,c2e5f3d8fc667a4c,0.07275268817204336,512.7404333333446,False,1.5671948079463106e-06,51808.092824671425,6.3946471985387365,510.0429575061998,497.31568477892705,497.32953664926004,509.52144935741416,516.7941766301415,516.789006535776,121.01491755456883,121.01491755456883,120.89673892414443,120.92547706671196,120.92547706671196,120.807385780514,6.3946471985387365,6.3946471985387365,6.3946471985387365,0.1495397028863863,0.1495397028863863,99.69313525759087,0.0,0.0,0.0,0.12488985400393915,0.062444927001969575,83.25990266929277,0.0,0.0,0.0,-0.11517363938255087,0.3538458039018108,-76.78242625503391,0.3538458039018108,False,0.018732690315739663,0.00018078773307915095,0.02225162337889085,False
main_lens_x_mm,production_searchsorted,lens_x_mm,x,0.051500000000000004,0.051500000000000004,-0.058499999999999996,0.0015,0.0055,0.005505376344086021,0.058651026392960576,513,465,561,97,18db2d7a95d947bb,0.07275268817204336,512.7404333333446,False,1.5717410092686055e-06,51958.38047168944,6.442511490092265,504.6249848958559,491.8977121685832,491.9168550277935,504.3139154721346,511.5866427448619,511.5865581328064,121.05186380784188,121.05186380784188,120.93364909709204,120.89739679757508,120.89739679757508,120.77933293351495,6.442511490092265,6.442511490092265,6.442511490092265,0.21870556929223994,0.21870556929223994,145.8037128614933,0.0,0.0,0.0,0.12489051117702843,0.062445255588514215,83.26034078468562,0.0,0.0,0.0,-0.12275704879342353,0.37395895709776666,-81.83803252894901,0.37395895709776666,False,0.02319587149363007,0.0002018487903653826,0.025772829205778003,False
main_lens_x_mm,bilinear_intensity,lens_x_mm,x,0.051500000000000004,0.051500000000000004,-0.058499999999999996,0.0015,0.0055,0.005505376344086021,0.058651026392960576,513,465,561,97,c2e5f3d8fc667a4c,0.07275268817204336,512.7404333333446,False,1.5672306885463392e-06,51809.27896020956,6.279669255947176,510.2557555027728,497.52848277550004,497.54212683528954,509.52144935741416,516.7941766301415,516.789006535776,121.13718547709773,121.13718547709773,121.01888744440524,120.92547706671196,120.92547706671196,120.807385780514,6.279669255947176,6.279669255947176,6.279669255947176,0.2127979965729878,0.2127979965729878,141.86533104865853,0.0,0.0,0.0,0.12226792252890561,0.06113396126445281,81.51194835260374,0.0,0.0,0.0,-0.11497794259156091,0.35960683684890365,-76.65196172770727,0.35960683684890365,False,0.019155569902039465,0.00018947307040683716,0.023378219842876097,False
main_lens_x_mm,production_searchsorted,lens_x_mm,x,0.053000000000000005,0.053000000000000005,-0.056999999999999995,0.0015,0.0055,0.005505376344086021,0.058651026392960576,513,465,561,97,18db2d7a95d947bb,0.07275268817204336,512.7404333333446,False,1.571765823993019e-06,51959.20079315765,6.321151079038213,504.9058810754216,492.1786083481488,492.1974768946838,504.3139154721346,511.58664274486193,511.5865581328064,121.17194230674512,121.17194230674512,121.05361033183618,120.89739679757508,120.89739679757508,120.77933293351495,6.321151079038213,6.321151079038213,6.321151079038213,0.2808961795656728,0.2808961795656728,187.26411971044854,0.0,0.0,0.0,0.12007849890323996,0.06003924945161998,80.05233260215998,0.0,0.0,0.0,-0.12136041105405226,0.3767487609162626,-80.9069407027015,0.3767487609162626,False,0.02380580031984236,0.0002121242017476414,0.02691985079824489,False
main_lens_x_mm,bilinear_intensity,lens_x_mm,x,0.053000000000000005,0.053000000000000005,-0.056999999999999995,0.0015,0.0055,0.005505376344086021,0.058651026392960576,513,465,561,97,c2e5f3d8fc667a4c,0.07275268817204336,512.7404333333446,False,1.5672648207518115e-06,51810.40729758055,6.16599990432674,510.5275395009136,497.80026677364083,497.81364541936966,509.52144935741416,516.7941766301415,516.789006535776,121.25401889227113,121.25401889227113,121.1356067644466,120.92547706671196,120.92547706671196,120.807385780514,6.16599990432674,6.16599990432674,6.16599990432674,0.2717839981407906,0.2717839981407906,181.18933209386037,0.0,0.0,0.0,0.11683341517340295,0.05841670758670148,77.88894344893531,0.0,0.0,0.0,-0.11366935162043568,0.36202337093720294,-75.77956774695711,0.36202337093720294,False,0.019464158077190805,0.0001971405179928065,0.02435084362335815,False
main_lens_x_mm,production_searchsorted,lens_x_mm,x,0.05450000000000001,0.05450000000000001,-0.055499999999999994,0.0015,0.0055,0.005505376344086021,0.058651026392960576,513,465,561,97,18db2d7a95d947bb,0.07275268817204336,512.7404333333446,False,1.5717920731388034e-06,51960.06853351416,6.202158577861829,505.24107739172047,492.5138046644477,492.53234587083006,504.3139154721346,511.5866427448619,511.5865581328064,121.28410368770443,121.28410368770443,121.16566218019689,120.89739679757507,120.89739679757507,120.77933293351494,6.202158577861829,6.202158577861829,6.202158577861829,0.3351963162988909,0.3351963162988909,223.46421086592727,0.0,0.0,0.0,0.11216138095930717,0.05608069047965358,74.77425397287145,-1.4210854715202004e-14,7.105427357601002e-15,-9.473903143468002e-12,-0.11899250117638349,0.37648997686822777,-79.328334117589,0.37648997686822777,False,0.02415969258883989,0.00022076596054666352,0.027905063985207094,False
main_lens_x_mm,bilinear_intensity,lens_x_mm,x,0.05450000000000001,0.05450000000000001,-0.055499999999999994,0.0015,0.0055,0.005505376344086021,0.058651026392960576,513,465,561,97,c2e5f3d8fc667a4c,0.07275268817204336,512.7404333333446,False,1.5672945495457927e-06,51811.390067629516,6.05456334617788,510.8506075101468,498.1233347828741,498.13639793250013,509.52144935741416,516.7941766301415,516.789006535776,121.36247735901607,121.36247735901607,121.24395931472016,120.92547706671196,120.92547706671196,120.807385780514,6.05456334617788,6.05456334617788,6.05456334617788,0.323068009233225,0.323068009233225,215.37867282214998,0.0,0.0,0.0,0.10845846674493487,0.054229233372467434,72.30564449662324,0.0,0.0,0.0,-0.11143655814885989,0.3614549460847828,-74.29103876590659,0.3614549460847828,False,0.01964520279794674,0.00020368324329682455,0.0251651437318497,False
main_lens_x_mm,production_searchsorted,lens_x_mm,x,0.05600000000000001,0.05600000000000001,-0.05399999999999999,0.0015,0.0055,0.005505376344086021,0.058651026392960576,513,465,561,97,18db2d7a95d947bb,0.07275268817204336,512.7404333333446,False,1.5718157513233307e-06,51960.85128341589,6.086313020799928,505.61937860728307,492.8921058800104,492.91027765161186,504.3139154721346,511.5866427448619,511.5865581328064,121.385308871395,121.385308871395,121.26676853070026,120.89739679757508,120.89739679757508,120.77933293351494,6.086313020799928,6.086313020799928,6.086313020799928,0.3783012155626011,0.3783012155626011,252.2008103750674,0.0,0.0,0.0,0.10120518369056697,0.050602591845283484,67.47012246037798,1.4210854715202004e-14,7.105427357601002e-15,9.473903143468002e-12,-0.1158455570619017,0.37356528572295555,-77.23037137460113,0.3783012155626011,False,0.024413662207125278,0.00022748623521622367,0.028721490260630606,False
main_lens_x_mm,bilinear_intensity,lens_x_mm,x,0.05600000000000001,0.05600000000000001,-0.05399999999999999,0.0015,0.0055,0.005505376344086021,0.058651026392960576,513,465,561,97,c2e5f3d8fc667a4c,0.07275268817204336,512.7404333333446,False,1.5673175451974561e-06,51812.15025446136,5.946104136725094,511.2140837812197,498.48681105394695,498.49951924627703,509.52144935741416,516.7941766301415,516.789006535776,121.45970025553376,121.45970025553376,121.34108726700296,120.92547706671193,120.92547706671193,120.80738578051397,5.946104136725094,5.946104136725094,5.946104136725094,0.3634762710728978,0.3634762710728978,242.31751404859853,0.0,0.0,0.0,0.09722289651769245,0.048611448258846224,64.8152643451283,-2.842170943040401e-14,1.4210854715202004e-14,-1.8947806286936004e-11,-0.10845920945278564,0.3582726061368362,-72.30613963519043,0.3634762710728978,False,0.019741581373789247,0.0002088843038664214,0.02582009299086233,False
main_lens_x_mm,production_searchsorted,lens_x_mm,x,0.0575,0.0575,-0.0525,0.0015,0.0055,0.005505376344086021,0.058651026392960576,513,465,561,97,18db2d7a95d947bb,0.07275268817204336,512.7404333333446,False,1.5718327381755036e-06,51961.412832248054,5.974219455113367,506.02688240907827,493.2996096818055,493.31738350047556,504.3139154721346,511.5866427448619,511.5865581328064,121.47284916500769,121.47284916500769,121.35422333574498,120.89739679757508,120.89739679757508,120.77933293351494,5.974219455113367,5.974219455113367,5.974219455113367,0.40750380179520107,0.40750380179520107,271.6692011968007,0.0,0.0,0.0,0.08754029361269033,0.04377014680634517,58.360195741793554,0.0,0.0,0.0,-0.11209356568656048,0.3683463709588435,-74.72904379104033,0.40750380179520107,False,0.024509519514422953,0.00023260979824870135,0.029364326530774722,False
main_lens_x_mm,bilinear_intensity,lens_x_mm,x,0.0575,0.0575,-0.0525,0.0015,0.0055,0.005505376344086021,0.058651026392960576,513,465,561,97,c2e5f3d8fc667a4c,0.07275268817204336,512.7404333333446,False,1.5673320486229241e-06,51812.629706542946,5.841203901258755,511.6044934009559,498.87722067368315,498.889547606619,509.52144935741416,516.7941766301415,516.789006535776,121.54314140773916,121.54314140773916,121.42444693370817,120.92547706671196,120.92547706671196,120.80738578051397,5.841203901258755,5.841203901258755,5.841203901258755,0.3904096197362037,0.3904096197362037,260.2730798241358,0.0,0.0,0.0,0.0834411522053955,0.04172057610269775,55.627434803597,2.842170943040401e-14,1.4210854715202004e-14,1.8947806286936004e-11,-0.10490023546633953,0.35283685940998305,-69.93349031089302,0.3904096197362037,False,0.019780515477881015,0.00021314148144979938,0.026316888251789593,False
main_lens_x_mm,production_searchsorted,lens_x_mm,x,0.059000000000000004,0.059000000000000004,-0.051,0.0015,0.0055,0.005505376344086021,0.058651026392960576,513,465,561,97,18db2d7a95d947bb,0.07275268817204336,512.7404333333446,False,1.571839202675522e-06,51961.626534728,5.86633299964495,506.4478590987862,493.7205863715135,493.73794908013497,504.3139154721346,511.5866427448619,511.5865581328064,121.54458366195493,121.54458366195493,121.42588777947253,120.89739679757508,120.89739679757508,120.77933293351495,5.86633299964495,5.86633299964495,5.86633299964495,0.42097668970791347,0.42097668970791347,280.6511264719423,0.0,0.0,0.0,0.07173449694724354,0.03586724847362177,47.82299796482903,0.0,0.0,0.0,-0.10788645546841735,0.3611733927051399,-71.92430364561157,0.42097668970791347,False,0.024673851218431058,0.0002360003701798058,0.029830454209678843,False
main_lens_x_mm,bilinear_intensity,lens_x_mm,x,0.059000000000000004,0.059000000000000004,-0.051,0.0015,0.0055,0.005505376344086021,0.058651026392960576,513,465,561,97,c2e5f3d8fc667a4c,0.07275268817204336,512.7404333333446,False,1.5673370566582293e-06,51812.79526142907,5.7423551806678335,512.0066105673867,499.27933784011395,499.2912720805044,509.52144935741416,516.7941766301415,516.789006535776,121.61078095181817,121.61078095181817,121.49202042354491,120.92547706671198,120.92547706671198,120.807385780514,5.7423551806678335,5.7423551806678335,5.7423551806678335,0.40211716643079853,0.40211716643079853,268.0781109538657,0.0,0.0,0.0,0.06763954407901451,0.033819772039507257,45.093029386009675,1.4210854715202004e-14,7.105427357601002e-15,9.473903143468002e-12,-0.09884872059092142,0.33845324444031116,-65.89914706061428,0.40211716643079853,False,0.01979738725023495,0.00021487757331726084,0.026416844483348162,False
main_lens_x_mm,production_searchsorted,lens_x_mm,x,0.060500000000000005,0.060500000000000005,-0.049499999999999995,0.0015,0.0055,0.005505376344086021,0.058651026392960576,513,465,561,97,18db2d7a95d947bb,0.07275268817204336,512.7404333333446,False,1.5718319460543075e-06,51961.38664642339,5.762986158702132,506.865826921887,494.13855419461424,494.15550873153353,504.3139154721346,511.58664274486193,511.5865581328064,121.5990989535169,121.5990989535169,121.4803498334451,120.89739679757508,120.89739679757508,120.77933293351495,5.762986158702132,5.762986158702132,5.762986158702132,0.4179678231008097,0.4179678231008097,278.6452154005398,0.0,0.0,0.0,0.05451529156196955,0.027257645780984774,36.343527707979696,0.0,0.0,0.0,-0.10334684094281776,0.3523388152328641,-68.89789396187851,0.4179678231008097,False,0.024660652191023,0.00023858725341446716,0.030117867389388663,False
main_lens_x_mm,bilinear_intensity,lens_x_mm,x,0.060500000000000005,0.060500000000000005,-0.049499999999999995,0.0015,0.0055,0.005505376344086021,0.058651026392960576,513,465,561,97,c2e5f3d8fc667a4c,0.07275268817204336,512.7404333333446,False,1.5673324247805543e-06,51812.64214150593,5.654006540606971,512.404497260605,499.67722453333226,499.68877021249887,509.52144935741416,516.7941766301415,516.789006535776,121.66126833124515,121.66126833124515,121.54245849889041,120.92547706671196,120.92547706671196,120.80738578051397,5.654006540606971,5.654006540606971,5.654006540606971,0.39788669321831094,0.39788669321831094,265.25779547887396,0.0,0.0,0.0,0.05048737942698267,0.025243689713491335,33.65825295132178,-1.4210854715202004e-14,7.105427357601002e-15,-9.473903143468002e-12,-0.08834864006086285,0.3077087267548223,-58.89909337390856,0.39788669321831094,False,0.01977894393796471,0.00021217211024393914,0.02586477455404263,False
main_lens_x_mm,production_searchsorted,lens_x_mm,x,0.062000000000000006,0.062000000000000006,-0.047999999999999994,0.0015,0.0055,0.005505376344086021,0.058651026392960576,513,465,561,97,18db2d7a95d947bb,0.07275268817204336,512.7404333333446,False,1.571808648144707e-06,51960.61646759362,5.7124521452744155,507.26470838290055,494.53743565562786,494.5540006598703,504.3139154721346,511.5866427448619,511.5865581328064,121.63575775536476,121.63575775536476,121.51697283568178,120.89739679757508,120.89739679757508,120.77933293351495,5.7124521452744155,5.7124521452744155,5.7124521452744155,0.39888146101355915,0.39888146101355915,265.9209740090394,0.0,0.0,0.0,0.03665880184786374,0.01832940092393187,24.439201231909163,0.0,0.0,0.0,-0.05053401342771657,0.1753744049911,-33.689342285144384,0.39888146101355915,False,0.02454842616853472,0.00021825385592990417,0.025548860877222978,False
main_lens_x_mm,bilinear_intensity,lens_x_mm,x,0.062000000000000006,0.062000000000000006,-0.047999999999999994,0.0015,0.0055,0.005505376344086021,0.058651026392960576,513,465,561,97,c2e5f3d8fc667a4c,0.07275268817204336,512.7404333333446,False,1.567318875012783e-06,51812.194215298616,5.614740562320953,512.7826213093248,500.0553485820521,500.0665249994524,509.5214493574141,516.7941766301414,516.789006535776,121.69396591426081,121.69396591426081,121.57512415067269,120.92547706671196,120.92547706671196,120.807385780514,5.614740562320953,5.614740562320953,5.614740562320953,0.37812404871976923,0.37812404871976923,252.08269914651282,-5.684341886080802e-14,5.684341886080802e-14,-3.789561257387201e-11,0.03269758301566128,0.01634879150783064,21.79838867710752,0.0,0.0,0.0,-0.039265978286017855,0.13889611907595198,-26.177318857345238,0.37812404871976923,False,0.019746810425562904,0.00018314825672060146,0.021497224418754443,False
main_lens_x_mm,production_searchsorted,lens_x_mm,x,0.0635,0.0635,-0.0465,0.0015,0.0055,0.005505376344086021,0.058651026392960576,513,465,561,97,18db2d7a95d947bb,0.07275268817204336,512.7404333333446,False,1.5717679971293256e-06,51959.2726323744,5.866828554748447,507.6299404680812,494.9026677408085,494.9188760730928,504.3139154721346,511.58664274486193,511.5865581328064,121.65462904953812,121.65462904953812,121.53582570085693,120.89739679757508,120.89739679757508,120.77933293351494,5.866828554748447,5.866828554748447,5.866828554748447,0.36523208518065076,0.36523208518065076,243.4880567871005,0.0,0.0,0.0,0.018871294173351316,0.009435647086675658,12.580862782234211,0.0,0.0,0.0,0.15437640947403164,0.5404908629361154,102.9176063160211,0.5404908629361154,False,0.024416634472314173,0.000273514807121203,0.03265599492947829,False
main_lens_x_mm,bilinear_intensity,lens_x_mm,x,0.0635,0.0635,-0.0465,0.0015,0.0055,0.005505376344086021,0.058651026392960576,513,465,561,97,c2e5f3d8fc667a4c,0.07275268817204336,512.7404333333446,False,1.5672979083656095e-06,51811.50110299536,5.7648354861023785,513.12693050541,500.3996577781373,500.41049795608825,509.5214493574141,516.7941766301414,516.789006535776,121.70888639357185,121.70888639357185,121.59003005920312,120.92547706671196,120.92547706671196,120.80738578051397,5.7648354861023785,5.7648354861023785,5.7648354861023785,0.3443091960851916,0.3443091960851916,229.5394640567944,0.0,0.0,0.0,0.014920479311030022,0.007460239655515011,9.946986207353348,0.0,0.0,0.0,0.15009492378142575,0.5346459809333785,100.0632825209505,0.5346459809333785,False,0.019677623634671435,0.00026167861148140706,0.030478844154376617,False
main_lens_x_mm,production_searchsorted,lens_x_mm,x,0.065,0.065,-0.045,0.0015,0.0055,0.005505376344086021,0.058651026392960576,513,465,561,97,18db2d7a95d947bb,0.07275268817204336,512.7404333333446,False,1.5717096993727346e-06,51957.34543380941,6.025008115754538,507.94941739141797,495.2221446641452,495.2380410072466,504.3139154721346,511.58664274486193,511.5865581328064,121.65632028665046,121.65632028665046,121.53751528637052,120.89739679757507,120.89739679757507,120.77933293351495,6.025008115754538,6.025008115754538,6.025008115754538,0.31947692333676514,0.31947692333676514,212.98461555784343,0.0,0.0,0.0,0.0016912371123396497,0.0008456185561698248,1.1274914082264331,-1.4210854715202004e-14,7.105427357601002e-15,-9.473903143468002e-12,0.15817956100609099,0.539233623515604,105.45304067072732,0.539233623515604,False,0.02418909939197295,0.0002612766960048917,0.03168145180444002,False
main_lens_x_mm,bilinear_intensity,lens_x_mm,x,0.065,0.065,-0.045,0.0015,0.0055,0.005505376344086021,0.058651026392960576,513,465,561,97,c2e5f3d8fc667a4c,0.07275268817204336,512.7404333333446,False,1.567271632778238e-06,51810.632488536794,5.918677169221875,513.4257647112352,500.69849198396247,500.7090403316343,509.52144935741416,516.7941766301415,516.789006535776,121.70654270807688,121.70654270807688,121.5876886624635,120.92547706671196,120.92547706671196,120.807385780514,5.918677169221875,5.918677169221875,5.918677169221875,0.2988342058251874,0.2988342058251874,199.22280388345825,5.684341886080802e-14,5.684341886080802e-14,3.789561257387201e-11,-0.0023436854949636654,0.0011718427474818327,-1.5624569966424435,0.0,0.0,0.0,0.15384168311949686,0.5337244522948552,102.56112207966457,0.5337244522948552,False,0.019516566179731257,0.0002513229216988219,0.02962721208856937,False
main_lens_x_mm,production_searchsorted,lens_x_mm,x,0.0665,0.0665,-0.0435,0.0015,0.0055,0.005505376344086021,0.058651026392960576,513,465,561,97,18db2d7a95d947bb,0.07275268817204336,512.7404333333446,False,1.5716343820368183e-06,51954.85560452292,6.185794412017877,508.2141675171439,495.4868947898712,495.5025325879279,504.3139154721346,511.5866427448619,511.5865581328064,121.64175485204348,121.64175485204348,121.52296407582077,120.89739679757508,120.89739679757508,120.77933293351495,6.185794412017877,6.185794412017877,6.185794412017877,0.26475012572592505,0.26475012572592505,176.50008381728335,0.0,0.0,0.0,-0.01456543460697901,0.007282717303489505,-9.710289737986008,1.4210854715202004e-14,7.105427357601002e-15,9.473903143468002e-12,0.16078629626333907,0.5337297250866958,107.19086417555938,0.5337297250866958,False,0.023774240570309996,0.0002473076426785398,0.03050855383793378,False
main_lens_x_mm,bilinear_intensity,lens_x_mm,x,0.0665,0.0665,-0.0435,0.0015,0.0055,0.005505376344086021,0.058651026392960576,513,465,561,97,c2e5f3d8fc667a4c,0.07275268817204336,512.7404333333446,False,1.5672425277324806e-06,51809.67033826382,6.0750982146385555,513.6705101507935,500.9432374235207,500.9535467619743,509.5214493574141,516.7941766301414,516.789006535776,121.68774999475936,121.68774999475936,121.5689143014051,120.92547706671196,120.92547706671196,120.80738578051397,6.0750982146385555,6.0750982146385555,6.0750982146385555,0.24474543955830086,0.24474543955830086,163.16362637220058,-5.684341886080802e-14,5.684341886080802e-14,-3.789561257387201e-11,-0.018792713317523635,0.009396356658761817,-12.528475545015757,0.0,0.0,0.0,0.15642104541668012,0.5285675867915083,104.28069694445341,0.5285675867915083,False,0.019242024994198165,0.00023985075556897393,0.02858286181585246,False
main_lens_x_mm,production_searchsorted,lens_x_mm,x,0.068,0.068,-0.041999999999999996,0.0015,0.0055,0.005505376344086021,0.058651026392960576,513,465,561,97,18db2d7a95d947bb,0.07275268817204336,512.7404333333446,False,1.5715434142196384e-06,51951.848403954995,6.347913320998702,508.41870279061317,495.6914300633404,495.70686811991914,504.3139154721346,511.58664274486193,511.5865581328064,121.61194969050473,121.61194969050473,121.49318802088507,120.89739679757508,120.89739679757508,120.77933293351495,6.347913320998702,6.347913320998702,6.347913320998702,0.20453527346927558,0.20453527346927558,136.35684897951705,0.0,0.0,0.0,-0.02980516153874646,0.01490258076937323,-19.87010769249764,0.0,0.0,0.0,0.16211890898082526,0.5241652023412146,108.0792726538835,0.5241652023412146,False,0.023097454014584875,0.0002333579870813711,0.02916287971724389,False
main_lens_x_mm,bilinear_intensity,lens_x_mm,x,0.068,0.068,-0.041999999999999996,0.0015,0.0055,0.005505376344086021,0.058651026392960576,513,465,561,97,c2e5f3d8fc667a4c,0.07275268817204336,512.7404333333446,False,1.5672131742912526e-06,51808.69997657034,6.232855277466545,513.8559357126181,501.12866298534533,501.13879124414865,509.52144935741416,516.7941766301414,516.789006535776,121.65342973269217,121.65342973269217,121.53462755521885,120.92547706671196,120.92547706671196,120.80738578051397,6.232855277466545,6.232855277466545,6.232855277466545,0.1854255618246725,0.1854255618246725,123.61704121644834,5.684341886080802e-14,5.684341886080802e-14,3.789561257387201e-11,-0.034320262067183194,0.017160131033591597,-22.880174711455464,0.0,0.0,0.0,0.15775706282798918,0.5193564194496734,105.17137521865945,0.5193564194496734,False,0.01885259096055187,0.00022750730669429995,0.027367570054204447,False
main_lens_x_mm,production_searchsorted,lens_x_mm,x,0.0695,0.0695,-0.040499999999999994,0.0015,0.0055,0.005505376344086021,0.058651026392960576,513,465,561,97,18db2d7a95d947bb,0.07275268817204336,512.7404333333446,False,1.5714386806637363e-06,51948.38613764418,6.510000776735245,508.56102335680134,495.83375062952865,495.8490497011794,504.3139154721346,511.5866427448619,511.5865581328064,121.5678461061146,121.5678461061146,121.44912750640161,120.89739679757508,120.89739679757508,120.77933293351494,6.510000776735245,6.510000776735245,6.510000776735245,0.14232056618817523,0.14232056618817523,94.88037745878349,0.0,0.0,0.0,-0.04410358439012896,0.02205179219506448,-29.402389593419304,0.0,0.0,0.0,0.16208745573654237,0.5106794864396211,108.05830382436159,0.5106794864396211,False,0.022269191241697024,0.00021944247769220958,0.027669971362587434,False
main_lens_x_mm,bilinear_intensity,lens_x_mm,x,0.0695,0.0695,-0.040499999999999994,0.0015,0.0055,0.005505376344086021,0.058651026392960576,513,465,561,97,c2e5f3d8fc667a4c,0.07275268817204336,512.7404333333446,False,1.5671859832427934e-06,51807.80109893532,6.39061716843284,513.9801943056943,501.2529215784216,501.2629284909426,509.52144935741416,516.7941766301414,516.789006535776,121.60446433303007,121.60446433303007,121.48570997332983,120.92547706671196,120.92547706671196,120.80738578051397,6.39061716843284,6.39061716843284,6.39061716843284,0.12425859307620613,0.12425859307620613,82.83906205080409,0.0,0.0,0.0,-0.048965399662108666,0.024482699831054333,-32.64359977473911,0.0,0.0,0.0,0.15776189096629523,0.5062267097285158,105.17459397753015,0.5062267097285158,False,0.018396653389538702,0.00021461421173430155,0.02600379155329401,False
main_lens_x_mm,production_searchsorted,lens_x_mm,x,0.07100000000000001,0.07100000000000001,-0.03899999999999999,0.0015,0.0055,0.005505376344086021,0.058651026392960576,513,465,561,97,18db2d7a95d947bb,0.07275268817204336,512.7404333333446,False,1.5713223446157094e-06,51944.54031787469,6.670594123241596,508.6423048977067,495.91503217043396,495.93025186558,504.3139154721346,511.58664274486193,511.5865581328064,121.51023232858995,121.51023232858995,121.39156999233154,120.89739679757508,120.89739679757508,120.77933293351495,6.670594123241596,6.670594123241596,6.670594123241596,0.08128154090536555,0.08128154090536555,54.187693936910364,0.0,0.0,0.0,-0.0576137775246508,0.0288068887623254,-38.40918501643387,0.0,0.0,0.0,0.16059334650635115,0.4933742775584996,107.0622310042341,0.4933742775584996,False,0.021423899895132208,0.0002055791503205604,0.02605510898389126,False
main_lens_x_mm,bilinear_intensity,lens_x_mm,x,0.07100000000000001,0.07100000000000001,-0.03899999999999999,0.0015,0.0055,0.005505376344086021,0.058651026392960576,513,465,561,97,c2e5f3d8fc667a4c,0.07275268817204336,512.7404333333446,False,1.5671629536858879e-06,51807.039791269024,6.54695642693975,514.0445160843532,501.31724335708043,501.3271874553645,509.52144935741416,516.7941766301414,516.789006535776,121.54163689075656,121.54163689075656,121.42294388598042,120.92547706671196,120.92547706671196,120.807385780514,6.54695642693975,6.54695642693975,6.54695642693975,0.06432177865883659,0.06432177865883659,42.88118577255773,0.0,0.0,0.0,-0.06282744227350179,0.031413721136750894,-41.88496151566786,0.0,0.0,0.0,0.1563392585069101,0.4892774966373049,104.22617233794007,0.4892774966373049,False,0.017863298419677792,0.00020134890474988044,0.024514688619338552,False
main_lens_x_mm,production_searchsorted,lens_x_mm,x,0.07250000000000001,0.07250000000000001,-0.03749999999999999,0.0015,0.0055,0.005505376344086021,0.058651026392960576,513,465,561,97,18db2d7a95d947bb,0.07275268817204336,512.7404333333446,False,1.5711966330828998e-06,51940.384564723965,6.828129890078556,508.66633452722465,495.9390617999519,495.9542580286628,504.3139154721346,511.5866427448619,511.5865581328064,121.43977355846452,121.43977355846452,121.32118002959882,120.89739679757508,120.89739679757508,120.77933293351494,6.828129890078556,6.828129890078556,6.828129890078556,0.02402962951794052,0.02402962951794052,16.019753011960347,0.0,0.0,0.0,-0.0704587701254269,0.03522938506271345,-46.972513416951266,0.0,0.0,0.0,0.15753576683696036,0.472329042740215,105.02384455797358,0.472329042740215,False,0.02061325704270181,0.00019096808071537898,0.024343183485056215,False
main_lens_x_mm,bilinear_intensity,lens_x_mm,x,0.07250000000000001,0.07250000000000001,-0.03749999999999999,0.0015,0.0055,0.005505376344086021,0.058651026392960576,513,465,561,97,c2e5f3d8fc667a4c,0.07275268817204336,512.7404333333446,False,1.5671454896820584e-06,51806.46246882838,6.70034713316347,514.052657769184,501.3253850419112,501.3353211893311,509.52144935741416,516.7941766301415,516.789006535776,121.46566945072699,121.46566945072699,121.34705063290401,120.92547706671193,120.92547706671193,120.80738578051397,6.70034713316347,6.70034713316347,6.70034713316347,0.008141684830775375,0.008141684830775375,5.427789887183583,0.0,0.0,0.0,-0.07596744002957223,0.037983720014786115,-50.64496001971482,-2.842170943040401e-14,1.4210854715202004e-14,-1.8947806286936004e-11,0.1533907062237203,0.4685863055160728,102.26047081581353,0.4685863055160728,False,0.017266477250323667,0.00018763741938295143,0.022924081068056126,False
main_lens_x_mm,production_searchsorted,lens_x_mm,x,0.07400000000000001,0.07400000000000001,-0.03599999999999999,0.0015,0.0055,0.005505376344086021,0.058651026392960576,513,465,561,97,18db2d7a95d947bb,0.07275268817204336,512.7404333333446,False,1.5710636694256606e-06,51935.98907192267,6.980950314724793,508.6387871917455,495.91151446447276,495.9267375948785,504.3139154721346,511.58664274486193,511.5865581328064,121.35713967648789,121.35713967648789,121.23862684477257,120.89739679757507,120.89739679757507,120.77933293351494,6.980950314724793,6.980950314724793,6.980950314724793,-0.027547335479141566,0.027547335479141566,-18.36489031942771,0.0,0.0,0.0,-0.08263388197663346,0.04131694098831673,-55.08925465108897,-1.4210854715202004e-14,7.105427357601002e-15,-9.473903143468002e-12,0.15282042464623657,0.44762014521220067,101.88028309749104,0.44762014521220067,False,0.019667834712021135,0.00017655740493192714,0.02255862300749176,False
main_lens_x_mm,bilinear_intensity,lens_x_mm,x,0.07400000000000001,0.07400000000000001,-0.03599999999999999,0.0015,0.0055,0.005505376344086021,0.058651026392960576,513,465,561,97,c2e5f3d8fc667a4c,0.07275268817204336,512.7404333333446,False,1.5671342941135766e-06,51806.092367390964,6.849171235932763,514.0101977721596,501.2829250448869,501.29290265714764,509.52144935741416,516.7941766301415,516.789006535776,121.37734936441362,121.37734936441362,121.25881679667492,120.92547706671196,120.92547706671196,120.80738578051397,6.849171235932763,6.849171235932763,6.849171235932763,-0.0424599970243662,0.0424599970243662,-28.306664682910803,0.0,0.0,0.0,-0.08832008631337374,0.04416004315668687,-58.880057542249155,2.842170943040401e-14,1.4210854715202004e-14,1.8947806286936004e-11,0.14882410276929292,0.44422803717940446,99.21606851286195,0.44422803717940446,False,0.016582279420197646,0.0001738726000412092,0.021256265238623458,False
main_lens_x_mm,production_searchsorted,lens_x_mm,x,0.07550000000000001,0.07550000000000001,-0.03449999999999999,0.0015,0.0055,0.005505376344086021,0.058651026392960576,513,465,561,97,18db2d7a95d947bb,0.07275268817204336,512.7404333333446,False,1.5709253667345713e-06,51931.41708213459,7.127320196765578,508.5664451802721,495.83917245299943,495.8544662299007,504.3139154721346,511.58664274486193,511.5865581328064,121.26319850750292,121.26319850750292,121.14477741521043,120.89739679757508,120.89739679757508,120.77933293351494,7.127320196765578,7.127320196765578,7.127320196765578,-0.07234201147338126,0.07234201147338126,-48.228007648920844,0.0,0.0,0.0,-0.09394116898496918,0.04697058449248459,-62.62744598997945,1.4210854715202004e-14,7.105427357601002e-15,9.473903143468002e-12,0.14636988204078527,0.41934085029096946,97.57992136052351,0.41934085029096946,False,0.018679915577223732,0.00016187916469883386,0.02072536012018541,False
main_lens_x_mm,bilinear_intensity,lens_x_mm,x,0.07550000000000001,0.07550000000000001,-0.03449999999999999,0.0015,0.0055,0.005505376344086021,0.058651026392960576,513,465,561,97,c2e5f3d8fc667a4c,0.07275268817204336,512.7404333333446,False,1.5671293478926118e-06,51805.92885595411,6.9917349524479935,513.923777173941,501.1965044466682,501.20656645404443,509.52144935741416,516.7941766301414,516.789006535776,121.27771261695422,121.27771261695422,121.15927735072671,120.92547706671198,120.92547706671198,120.807385780514,6.9917349524479935,6.9917349524479935,6.9917349524479935,-0.08642059821863768,0.08642059821863768,-57.61373214575845,0.0,0.0,0.0,-0.09963674745939954,0.04981837372969977,-66.42449830626636,1.4210854715202004e-14,7.105427357601002e-15,9.473903143468002e-12,0.14256371651523025,0.4162947942294073,95.04247767682017,0.4162947942294073,False,0.015798566934672128,0.00015971739821950634,0.019535713911955147,False
main_lens_x_mm,production_searchsorted,lens_x_mm,x,0.07700000000000001,0.07700000000000001,-0.03299999999999999,0.0015,0.0055,0.005505376344086021,0.058651026392960576,513,465,561,97,18db2d7a95d947bb,0.07275268817204336,512.7404333333446,False,1.5707833831279634e-06,51926.723409188875,7.265454751145157,508.45645820003307,495.7291854727603,495.744586658822,504.3139154721346,511.58664274486193,511.5865581328064,121.15922803762378,121.15922803762378,121.04090847899326,120.89739679757508,120.89739679757508,120.77933293351494,7.265454751145157,7.265454751145157,7.265454751145157,-0.10998698023905717,0.10998698023905717,-73.32465349270478,0.0,0.0,0.0,-0.10397046987914393,0.05198523493957197,-69.31364658609596,0.0,0.0,0.0,0.13813455437957867,0.38761989237487876,92.08970291971912,0.38761989237487876,False,0.017497610548028952,0.00014707054748512886,0.018866884217568543,False
main_lens_x_mm,bilinear_intensity,lens_x_mm,x,0.07700000000000001,0.07700000000000001,-0.03299999999999999,0.0015,0.0055,0.005505376344086021,0.058651026392960576,513,465,561,97,c2e5f3d8fc667a4c,0.07275268817204336,512.7404333333446,False,1.5671299709648716e-06,51805.949453384186,7.126295900314012,513.8003814542479,501.07310872697525,501.083291237984,509.52144935741416,516.7941766301414,516.789006535776,121.16823967237856,121.16823967237856,121.04991131332348,120.92547706671196,120.92547706671196,120.80738578051397,7.126295900314012,7.126295900314012,7.126295900314012,-0.12339571969300778,0.12339571969300778,-82.26381312867186,0.0,0.0,0.0,-0.10947294457565704,0.05473647228782852,-72.98196305043803,-1.4210854715202004e-14,7.105427357601002e-15,-9.473903143468002e-12,0.13456094786601813,0.3849143275058066,89.70729857734543,0.3849143275058066,False,0.014855786418019313,0.00014528869742907248,0.017786747660384343,False
main_lens_x_mm,production_searchsorted,lens_x_mm,x,0.07850000000000001,0.07850000000000001,-0.031499999999999986,0.0015,0.0055,0.005505376344086021,0.058651026392960576,513,465,561,97,18db2d7a95d947bb,0.07275268817204336,512.7404333333446,False,1.5706391294019116e-06,51921.954690972285,7.393558103424691,508.31572299304486,495.5884502657721,495.6039888885594,504.3139154721346,511.5866427448619,511.5865581328064,121.04709676675536,121.04709676675536,120.92888671131908,120.89739679757508,120.89739679757508,120.77933293351495,7.393558103424691,7.393558103424691,7.393558103424691,-0.14073520698821085,0.14073520698821085,-93.8234713254739,0.0,0.0,0.0,-0.11213127086841723,0.056065635434208616,-74.75418057894483,0.0,0.0,0.0,0.12810335227953384,0.35263684564092185,85.40223485302256,0.35263684564092185,False,0.016149985014987548,0.00013277509290504218,0.01700651658712274,False
main_lens_x_mm,bilinear_intensity,lens_x_mm,x,0.07850000000000001,0.07850000000000001,-0.031499999999999986,0.0015,0.0055,0.005505376344086021,0.058651026392960576,513,465,561,97,c2e5f3d8fc667a4c,0.07275268817204336,512.7404333333446,False,1.5671349511320518e-06,51806.11408700998,7.251100621826763,513.6467396804354,500.9194669531627,500.9297995049662,509.52144935741416,516.7941766301414,516.789006535776,121.05101575689653,121.05101575689653,120.93280187432143,120.92547706671193,120.92547706671193,120.80738578051397,7.251100621826763,7.251100621826763,7.251100621826763,-0.15364177381252375,0.15364177381252375,-102.42784920834917,0.0,0.0,0.0,-0.11722391548202893,0.058611957741014464,-78.14927698801928,-2.842170943040401e-14,1.4210854715202004e-14,-1.8947806286936004e-11,0.12480472151275102,0.35026533632220247,83.20314767516734,0.35026533632220247,False,0.013790799603534342,0.0001308365380092034,0.016033364038333404,False
main_lens_x_mm,production_searchsorted,lens_x_mm,x,0.08,0.08,-0.03,0.0015,0.0055,0.005505376344086021,0.058651026392960576,513,465,561,97,18db2d7a95d947bb,0.07275268817204336,512.7404333333446,False,1.5704938123385561e-06,51917.150821109295,7.509871024350238,508.15043428229103,495.4231615550183,495.43886159256215,504.3139154721346,511.5866427448619,511.5865581328064,120.9293676460166,120.9293676460166,120.81127256042478,120.89739679757508,120.89739679757508,120.77933293351495,7.509871024350238,7.509871024350238,7.509871024350238,-0.16528871075382767,0.16528871075382767,-110.19247383588511,0.0,0.0,0.0,-0.1177291207387583,0.05886456036937915,-78.48608049250554,0.0,0.0,0.0,0.11631292092554713,0.3146331422530407,77.54194728369808,0.3146331422530407,False,0.014828245281646517,0.00011880002048927076,0.015168184372374079,False
main_lens_x_mm,bilinear_intensity,lens_x_mm,x,0.08,0.08,-0.03,0.0015,0.0055,0.005505376344086021,0.058651026392960576,513,465,561,97,c2e5f3d8fc667a4c,0.07275268817204336,512.7404333333446,False,1.5671427193261118e-06,51806.37088681362,7.364431138280366,513.4688911807717,500.74161845349903,500.75212468547795,509.5214493574141,516.7941766301414,516.789006535776,120.92881380741959,120.92881380741959,120.81071926268575,120.92547706671193,120.92547706671193,120.80738578051397,7.364431138280366,7.364431138280366,7.364431138280366,-0.1778484996636962,0.1778484996636962,-118.56566644246413,-5.684341886080802e-14,5.684341886080802e-14,-3.789561257387201e-11,-0.12220194947694552,0.06110097473847276,-81.46796631796367,0.0,0.0,0.0,0.11333051645360381,0.31258845343412867,75.55367763573588,0.31258845343412867,False,0.012611444960840351,0.00011642639313876266,0.014299534637956838,False
main_lens_x_mm,production_searchsorted,lens_x_mm,x,0.0815,0.0815,-0.028499999999999998,0.0015,0.0055,0.005505376344086021,0.058651026392960576,513,465,561,97,18db2d7a95d947bb,0.07275268817204336,512.7404333333446,False,1.5703484944648699e-06,51912.34692445851,7.612725527056892,507.9658286380337,495.23855591076097,495.2544362272543,504.3139154721346,511.58664274486193,511.5865581328064,120.80929604878946,120.80929604878946,120.69131822061681,120.89739679757508,120.89739679757508,120.77933293351495,7.612725527056892,7.612725527056892,7.612725527056892,-0.18460564425731718,0.18460564425731718,-123.07042950487812,0.0,0.0,0.0,-0.12007159722713823,0.060035798613569114,-80.04773148475881,0.0,0.0,0.0,0.10285450270665386,0.27391816017387044,68.56966847110257,0.27391816017387044,False,0.013296464693024378,0.00010447476018819577,0.013378179754298572,False
main_lens_x_mm,bilinear_intensity,lens_x_mm,x,0.0815,0.0815,-0.028499999999999998,0.0015,0.0055,0.005505376344086021,0.058651026392960576,513,465,561,97,c2e5f3d8fc667a4c,0.07275268817204336,512.7404333333446,False,1.567151546679758e-06,51806.662700157285,7.464658219252856,513.2719401834053,500.5446674561325,500.55536602306984,509.52144935741416,516.7941766301415,516.789006535776,120.80507293707281,120.80507293707281,120.68709923303268,120.92547706671196,120.92547706671196,120.807385780514,7.464658219252856,7.464658219252856,7.464658219252856,-0.19695099736645716,0.19695099736645716,-131.30066491097145,5.684341886080802e-14,5.684341886080802e-14,3.789561257387201e-11,-0.12374087034677927,0.06187043517338964,-82.49391356451952,2.842170943040401e-14,1.4210854715202004e-14,1.8947806286936004e-11,0.10022708097248945,0.27219232304721636,66.81805398165963,0.27219232304721636,False,0.01135018020443561,0.00010205130982042076,0.012610459239787566,False
main_lens_x_mm,production_searchsorted,lens_x_mm,x,0.083,0.083,-0.026999999999999996,0.0015,0.0055,0.005505376344086021,0.058651026392960576,513,465,561,97,18db2d7a95d947bb,0.07275268817204336,512.7404333333446,False,1.5702041530252915e-06,51907.575306621206,7.700603140709827,507.76611515148807,495.0388424242153,495.05491777341035,504.3139154721346,511.58664274486193,511.5865581328064,120.69071276771605,120.69071276771605,120.57285074352882,120.89739679757508,120.89739679757508,120.77933293351495,7.700603140709827,7.700603140709827,7.700603140709827,-0.19971348654564736,0.19971348654564736,-133.1423243637649,0.0,0.0,0.0,-0.11858328107341265,0.059291640536706325,-79.05552071560844,0.0,0.0,0.0,0.08787761365293534,0.23087030614883905,58.585075768623554,0.23087030614883905,False,0.011607997809796322,9.003187692106641e-05,0.011668714466374807,False
main_lens_x_mm,bilinear_intensity,lens_x_mm,x,0.083,0.083,-0.026999999999999996,0.0015,0.0055,0.005505376344086021,0.058651026392960576,513,465,561,97,c2e5f3d8fc667a4c,0.07275268817204336,512.7404333333446,False,1.5671597396849305e-06,51806.93354330349,7.550298259256435,513.0599919086866,500.33271918141384,500.34362472908816,509.52144935741416,516.7941766301415,516.789006535776,120.683765210105,120.683765210105,120.565909970642,120.92547706671196,120.92547706671196,120.807385780514,7.550298259256435,7.550298259256435,7.550298259256435,-0.21194827471867939,0.21194827471867939,-141.29884981245291,0.0,0.0,0.0,-0.12130772696781378,0.06065386348390689,-80.87181797854252,0.0,0.0,0.0,0.08564004000357883,0.22945468496520288,57.093360002385886,0.22945468496520288,False,0.01002834434128892,8.790710584290661e-05,0.010995550726876014,False
main_lens_x_mm,production_searchsorted,lens_x_mm,x,0.0845,0.0845,-0.025499999999999995,0.0015,0.0055,0.005505376344086021,0.058651026392960576,513,465,561,97,18db2d7a95d947bb,0.07275268817204336,512.7404333333446,False,1.5700617261764116e-06,51902.8669810384,7.772193112426624,507.55456577882063,494.82729305154794,494.8435749919272,504.3139154721346,511.58664274486193,511.5865581328064,120.57780509856977,120.57780509856977,120.4600533357782,120.89739679757507,120.89739679757507,120.77933293351494,7.772193112426624,7.772193112426624,7.772193112426624,-0.21154937266743445,0.21154937266743445,-141.03291511162297,0.0,0.0,0.0,-0.11290766914628136,0.05645383457314068,-75.27177943085424,-1.4210854715202004e-14,7.105427357601002e-15,-9.473903143468002e-12,0.07158997171679715,0.18593341432784996,47.7266478111981,0.21154937266743445,False,0.0098348679384642,7.644785668801601e-05,0.010084506519223537,False
main_lens_x_mm,bilinear_intensity,lens_x_mm,x,0.0845,0.0845,-0.025499999999999995,0.0015,0.0055,0.005505376344086021,0.058651026392960576,513,465,561,97,c2e5f3d8fc667a4c,0.07275268817204336,512.7404333333446,False,1.5671658140873514e-06,51807.13434999509,7.6200701032493505,512.8362432594109,500.1089705321382,500.12009458435284,509.52144935741416,516.7941766301415,516.789006535776,120.56916493395785,120.56916493395785,120.45142160882702,120.92547706671196,120.92547706671196,120.80738578051397,7.6200701032493505,7.6200701032493505,7.6200701032493505,-0.22374864927564886,0.22374864927564886,-149.1657661837659,0.0,0.0,0.0,-0.11460027614714363,0.057300138073571816,-76.40018409809575,0.0,0.0,0.0,0.0697718439929158,0.18481877562221508,46.51456266194387,0.22374864927564886,False,0.008711913405697028,7.439537392859193e-05,0.009494338247969768,False
main_lens_x_mm,production_searchsorted,lens_x_mm,x,0.08600000000000001,0.08600000000000001,-0.023999999999999994,0.0015,0.0055,0.005505376344086021,0.058651026392960576,513,465,561,97,18db2d7a95d947bb,0.07275268817204336,512.7404333333446,False,1.5699221410153382e-06,51898.25259554837,7.826446538509298,507.33372598575556,494.6064532584828,494.6229508627225,504.3139154721346,511.5866427448619,511.5865581328064,120.4748284490238,120.4748284490238,120.35717724936654,120.89739679757508,120.89739679757508,120.77933293351494,7.826446538509298,7.826446538509298,7.826446538509298,-0.22083979306506762,0.22083979306506762,-147.22652871004507,0.0,0.0,0.0,-0.10297664954596542,0.05148832477298271,-68.65109969731027,1.4210854715202004e-14,7.105427357601002e-15,9.473903143468002e-12,0.05425342608267414,0.1396090531922854,36.16895072178276,0.22083979306506762,False,0.008356233231460668,6.328211699391222e-05,0.008693661580140578,False
main_lens_x_mm,bilinear_intensity,lens_x_mm,x,0.08600000000000001,0.08600000000000001,-0.023999999999999994,0.0015,0.0055,0.005505376344086021,0.058651026392960576,513,465,561,97,c2e5f3d8fc667a4c,0.07275268817204336,512.7404333333446,False,1.5671686343981594e-06,51807.22758341023,7.672947915648037,512.6031895961997,499.87591686892705,499.8872685126097,509.52144935741416,516.7941766301415,516.789006535776,120.46555347836953,120.46555347836953,120.34791133630081,120.92547706671196,120.92547706671196,120.807385780514,7.672947915648037,7.672947915648037,7.672947915648037,-0.23305366321119436,0.23305366321119436,-155.3691088074629,0.0,0.0,0.0,-0.10361145558832163,0.051805727794160816,-69.07430372554775,0.0,0.0,0.0,0.05287781239868661,0.13878563236875852,35.25187493245774,0.23305366321119436,False,0.0075895726330686576,6.17329814653253e-05,0.008166675159570924,False
main_lens_x_mm,production_searchsorted,lens_x_mm,x,0.08750000000000001,0.08750000000000001,-0.022499999999999992,0.0015,0.0055,0.005505376344086021,0.058651026392960576,513,465,561,97,18db2d7a95d947bb,0.07275268817204336,512.7404333333446,False,1.5697863239748198e-06,51893.7627760271,7.862622521664139,507.10570271902856,494.37842999175587,494.39515027496697,504.3139154721346,511.58664274486193,511.5865581328064,120.38579386043429,120.38579386043429,120.26822960861746,120.89739679757508,120.89739679757508,120.77933293351495,7.862622521664139,7.862622521664139,7.862622521664139,-0.228023266727007,0.228023266727007,-152.01551115133802,0.0,0.0,0.0,-0.08903458858951296,0.04451729429475648,-59.35639239300864,0.0,0.0,0.0,0.03617598315484116,0.09244548717439165,24.11732210322744,0.228023266727007,False,0.007599304996253435,5.217933819994833e-05,0.007601015382778828,False
main_lens_x_mm,bilinear_intensity,lens_x_mm,x,0.08750000000000001,0.08750000000000001,-0.022499999999999992,0.0015,0.0055,0.005505376344086021,0.058651026392960576,513,465,561,97,c2e5f3d8fc667a4c,0.07275268817204336,512.7404333333446,False,1.5671675122396719e-06,51807.19048726188,7.70820627936065,512.3629058901695,499.6356331628967,499.647219458636,509.52144935741416,516.7941766301415,516.789006535776,120.37690514531158,120.37690514531158,120.25934957388058,120.92547706671196,120.92547706671196,120.807385780514,7.70820627936065,7.70820627936065,7.70820627936065,-0.2402837060302545,0.2402837060302545,-160.189137353503,0.0,0.0,0.0,-0.08864833305794662,0.04432416652897331,-59.09888870529774,0.0,0.0,0.0,0.035258363712612706,0.09190304456702382,23.50557580840847,0.2402837060302545,False,0.006971035110767417,5.092885337339969e-05,0.007106413213579467,False
main_lens_x_mm,production_searchsorted,lens_x_mm,x,0.08900000000000001,0.08900000000000001,-0.02099999999999999,0.0015,0.0055,0.005505376344086021,0.058651026392960576,513,465,561,97,18db2d7a95d947bb,0.07275268817204336,512.7404333333446,False,1.569655197790588e-06,51889.42802613514,7.880322894128051,506.8724896812661,494.1452169539934,494.1621649843117,504.3139154721346,511.58664274486193,511.5865581328064,120.31418078990258,120.31418078990258,120.19668647272492,120.89739679757508,120.89739679757508,120.77933293351495,7.880322894128051,7.880322894128051,7.880322894128051,-0.23321303776248214,0.23321303776248214,-155.47535850832142,0.0,0.0,0.0,-0.07161307053171129,0.035806535265855644,-47.742047021140856,0.0,0.0,0.0,0.017700372463911762,0.04502409320844629,11.800248309274508,0.23321303776248214,False,0.007299902359674326,4.6763162000429116e-05,0.006948432420669562,False
main_lens_x_mm,bilinear_intensity,lens_x_mm,x,0.08900000000000001,0.08900000000000001,-0.02099999999999999,0.0015,0.0055,0.005505376344086021,0.058651026392960576,513,465,561,97,c2e5f3d8fc667a4c,0.07275268817204336,512.7404333333446,False,1.567162261695061e-06,51807.01691553921,7.725454143215772,512.1173637003219,499.3900909730491,499.40191705608316,509.52144935741416,516.7941766301415,516.789006535776,120.30660327088196,120.30660327088196,120.18911635362524,120.92547706671196,120.92547706671196,120.807385780514,7.725454143215772,7.725454143215772,7.725454143215772,-0.24554218984758336,0.24554218984758336,-163.69479323172223,0.0,0.0,0.0,-0.07030187442961733,0.035150937214808664,-46.86791628641155,0.0,0.0,0.0,0.017247863855121892,0.04475195195879605,11.498575903414595,0.24554218984758336,False,0.006881855099170961,4.603531502938226e-05,0.006445964243808799,False
main_lens_x_mm,production_searchsorted,lens_x_mm,x,0.09050000000000001,0.09050000000000001,-0.01949999999999999,0.0015,0.0055,0.005505376344086021,0.058651026392960576,513,465,561,97,18db2d7a95d947bb,0.07275268817204336,512.7404333333446,False,1.5695296700146537e-06,51885.27834759186,7.879512802429935,506.63629621605173,493.90902348877904,493.9262021767782,504.3139154721346,511.58664274486193,511.5865581328064,120.26271865610346,120.26271865610346,120.14527459491586,120.89739679757507,120.89739679757507,120.77933293351494,7.879512802429935,7.879512802429935,7.879512802429935,-0.2361934652143418,0.2361934652143418,-157.46231014289455,0.0,0.0,0.0,-0.051462133799120124,0.025731066899560062,-34.308089199413416,-1.4210854715202004e-14,7.105427357601002e-15,-9.473903143468002e-12,-0.0008100916981161888,0.002055986052855324,-0.5400611320774592,0.2361934652143418,False,0.007668885331404712,4.803049604063351e-05,0.006865901121281077,False
main_lens_x_mm,bilinear_intensity,lens_x_mm,x,0.09050000000000001,0.09050000000000001,-0.01949999999999999,0.0015,0.0055,0.005505376344086021,0.058651026392960576,513,465,561,97,c2e5f3d8fc667a4c,0.07275268817204336,512.7404333333446,False,1.5671532126296116e-06,51806.717772879725,7.72465497381587,511.8687517443602,499.1414790170875,499.1535478852348,509.5214493574141,516.7941766301414,516.789006535776,120.25722967882213,120.25722967882213,120.1397909779639,120.92547706671196,120.92547706671196,120.80738578051397,7.72465497381587,7.72465497381587,7.72465497381587,-0.24861195596167818,0.24861195596167818,-165.7413039744521,-5.684341886080802e-14,5.684341886080802e-14,-3.789561257387201e-11,-0.049373592059836824,0.024686796029918412,-32.91572803989121,0.0,0.0,0.0,-0.0007991693999018779,0.0020689253604687587,-0.5327795999345852,0.24861195596167818,False,0.007360070705930877,4.6974053340676305e-05,0.006316750652281629,False
main_lens_x_mm,production_searchsorted,lens_x_mm,x,0.09200000000000001,0.09200000000000001,-0.017999999999999988,0.0015,0.0055,0.005505376344086021,0.058651026392960576,513,465,561,97,18db2d7a95d947bb,0.07275268817204336,512.7404333333446,False,1.5694106163091062e-06,51881.34268790434,7.860525449498988,506.39985257167825,493.6725798444055,493.6899894344011,504.3139154721346,511.5866427448619,511.5865581328064,120.2332662304559,120.2332662304559,120.11585093140272,120.89739679757508,120.89739679757508,120.77933293351494,7.860525449498988,7.860525449498988,7.860525449498988,-0.2364436443734803,0.2364436443734803,-157.62909624898688,0.0,0.0,0.0,-0.029452425647562563,0.014726212823781282,-19.634950431708376,1.4210854715202004e-14,7.105427357601002e-15,9.473903143468002e-12,-0.018987352930946777,0.0481942308034358,-12.65823528729785,0.2364436443734803,False,0.009123598079526148,5.5915218710600055e-05,0.0073783564924878005,False
main_lens_x_mm,bilinear_intensity,lens_x_mm,x,0.09200000000000001,0.09200000000000001,-0.017999999999999988,0.0015,0.0055,0.005505376344086021,0.058651026392960576,513,465,561,97,c2e5f3d8fc667a4c,0.07275268817204336,512.7404333333446,False,1.5671411837228793e-06,51806.32012307039,7.706131444449312,511.6197740906132,498.89250136334044,498.90481337372773,509.52144935741416,516.7941766301415,516.789006535776,120.23045598254221,120.23045598254221,120.11304342787173,120.92547706671196,120.92547706671196,120.80738578051397,7.706131444449312,7.706131444449312,7.706131444449312,-0.2489776537470334,0.2489776537470334,-165.98510249802226,5.684341886080802e-14,5.684341886080802e-14,3.789561257387201e-11,-0.026773696279917658,0.013386848139958829,-17.84913085327844,0.0,0.0,0.0,-0.018523529366557767,0.047959499626447154,-12.349019577705178,0.2489776537470334,False,0.008622338427926327,5.444780293048418e-05,0.0067582641919967795,False
main_lens_x_mm,production_searchsorted,lens_x_mm,x,0.0935,0.0935,-0.0165,0.0015,0.0055,0.005505376344086021,0.058651026392960576,513,465,561,97,18db2d7a95d947bb,0.07275268817204336,512.7404333333446,False,1.56929885875861e-06,51877.64822342512,7.824050439539395,506.16666854439006,493.4393958171173,493.4570331258896,504.3139154721346,511.58664274486193,511.5865581328064,120.22679804883525,120.22679804883525,120.10938906636567,120.89739679757508,120.89739679757508,120.77933293351494,7.824050439539395,7.824050439539395,7.824050439539395,-0.2331840272881891,0.2331840272881891,-155.45601819212607,0.0,0.0,0.0,-0.006468181620647329,0.0032340908103236643,-4.312121080431552,0.0,0.0,0.0,-0.03647500995959341,0.09280552602731727,-24.316673306395604,0.2331840272881891,False,0.010617642035670147,6.505611898298367e-05,0.00838251926054002,False
main_lens_x_mm,bilinear_intensity,lens_x_mm,x,0.0935,0.0935,-0.0165,0.0015,0.0055,0.005505376344086021,0.058651026392960576,513,465,561,97,c2e5f3d8fc667a4c,0.07275268817204336,512.7404333333446,False,1.5671274166088023e-06,51805.865011861235,7.670554116874818,511.37390388250776,498.646631155235,498.65918327324744,509.5214493574141,516.7941766301414,516.789006535776,120.22704508806834,120.22704508806834,120.10963586434949,120.92547706671196,120.92547706671196,120.80738578051397,7.670554116874818,7.670554116874818,7.670554116874818,-0.2458702081054298,0.2458702081054298,-163.91347207028653,-5.684341886080802e-14,5.684341886080802e-14,-3.789561257387201e-11,-0.003410894473873327,0.0017054472369366636,-2.2739296492488847,0.0,0.0,0.0,-0.03557732757449372,0.09233511738271709,-23.718218382995815,0.2458702081054298,False,0.010011253788938667,6.397173512115548e-05,0.007681777244509464,False
main_lens_x_mm,production_searchsorted,lens_x_mm,x,0.095,0.095,-0.015,0.0015,0.0055,0.005505376344086021,0.058651026392960576,513,465,561,97,18db2d7a95d947bb,0.07275268817204336,512.7404333333446,False,1.5691951368206482e-06,51874.219399029695,7.7711063609778765,505.9412236726458,493.213950945373,493.2318084151529,504.3139154721346,511.58664274486193,511.5865581328064,120.24348594176129,120.24348594176129,120.12606066252128,120.89739679757507,120.89739679757507,120.77933293351494,7.7711063609778765,7.7711063609778765,7.7711063609778765,-0.22544487174428696,0.22544487174428696,-150.29658116285796,0.0,0.0,0.0,0.016687892926043446,0.008343946463021723,11.12526195069563,-1.4210854715202004e-14,7.105427357601002e-15,-9.473903143468002e-12,-0.05294407856151828,0.1353367516496612,-35.29605237434552,0.22544487174428696,False,0.012020616912031913,7.811471201513826e-05,0.009728731172462264,False
main_lens_x_mm,bilinear_intensity,lens_x_mm,x,0.095,0.095,-0.015,0.0015,0.0055,0.005505376344086021,0.058651026392960576,513,465,561,97,c2e5f3d8fc667a4c,0.07275268817204336,512.7404333333446,False,1.56711347237996e-06,51805.40404561852,7.618914734388795,511.1355712527304,498.40829852545767,498.42108339017886,509.52144935741416,516.7941766301414,516.789006535776,120.24694988125242,120.24694988125242,120.12952121925902,120.92547706671193,120.92547706671193,120.80738578051397,7.618914734388795,7.618914734388795,7.618914734388795,-0.23833262977734648,0.23833262977734648,-158.88841985156432,5.684341886080802e-14,5.684341886080802e-14,3.789561257387201e-11,0.019904793184082337,0.009952396592041168,13.269862122721557,-2.842170943040401e-14,1.4210854715202004e-14,-1.8947806286936004e-11,-0.05163938248602307,0.13464316058319467,-34.42625499068205,0.23833262977734648,False,0.011348090365656411,7.546075715107858e-05,0.008944356421961492,False
main_lens_x_mm,production_searchsorted,lens_x_mm,x,0.0965,0.0965,-0.013499999999999998,0.0015,0.0055,0.005505376344086021,0.058651026392960576,513,465,561,97,18db2d7a95d947bb,0.07275268817204336,512.7404333333446,False,1.5691000677251094e-06,51871.07661901188,7.702999361158232,505.7290661196956,493.0017933924228,493.019858047313,504.3139154721346,511.5866427448619,511.5865581328064,120.28284608028599,120.28284608028599,120.16538236341071,120.89739679757508,120.89739679757508,120.77933293351494,7.702999361158232,7.702999361158232,7.702999361158232,-0.21215755295020244,0.21215755295020244,-141.4383686334683,0.0,0.0,0.0,0.03936013852469955,0.019680069262349775,26.2400923497997,1.4210854715202004e-14,7.105427357601002e-15,9.473903143468002e-12,-0.06810699981964419,0.1752826345593189,-45.40466654642946,0.21215755295020244,False,0.013313665559102688,9.139953437645686e-05,0.011290674736420031,False
main_lens_x_mm,bilinear_intensity,lens_x_mm,x,0.0965,0.0965,-0.013499999999999998,0.0015,0.0055,0.005505376344086021,0.058651026392960576,513,465,561,97,c2e5f3d8fc667a4c,0.07275268817204336,512.7404333333446,False,1.5671010929741014e-06,51804.9948090612,7.552485837330997,510.9102626278334,498.1829899005607,498.19599479323585,509.52144935741416,516.7941766301415,516.789006535776,120.28947806870376,120.28947806870376,120.17200787527726,120.92547706671193,120.92547706671193,120.807385780514,7.552485837330997,7.552485837330997,7.552485837330997,-0.22530862489702486,0.22530862489702486,-150.2057499313499,0.0,0.0,0.0,0.042528187451338795,0.021264093725669397,28.352124967559195,0.0,0.0,0.0,-0.06642889705779798,0.17437889613848537,-44.28593137186532,0.22530862489702486,False,0.012583679521116147,8.774984255247561e-05,0.010421698235960005,False
main_lens_x_mm,production_searchsorted,lens_x_mm,x,0.098,0.098,-0.011999999999999997,0.0015,0.0055,0.005505376344086021,0.058651026392960576,513,465,561,97,18db2d7a95d947bb,0.07275268817204336,512.7404333333446,False,1.5690140948663565e-06,51868.23454103658,7.621270412442927,505.5367963388929,492.80952361162014,492.8277760299681,504.3139154721346,511.5866427448619,511.5865581328064,120.34391134247514,120.34391134247514,120.22638799155476,120.89739679757511,120.89739679757511,120.77933293351495,7.621270412442927,7.621270412442927,7.621270412442927,-0.19226978080268964,0.19226978080268964,-128.17985386845976,0.0,0.0,0.0,0.0610652621891461,0.03053263109457305,40.710174792764064,2.842170943040401e-14,1.4210854715202004e-14,1.8947806286936004e-11,-0.08172894871530545,0.2122003258300065,-54.48596581020363,0.2122003258300065,False,0.014525589222501129,0.00010458374459540437,0.012978687710927597,False
main_lens_x_mm,bilinear_intensity,lens_x_mm,x,0.098,0.098,-0.011999999999999997,0.0015,0.0055,0.005505376344086021,0.058651026392960576,513,465,561,97,c2e5f3d8fc667a4c,0.07275268817204336,512.7404333333446,False,1.5670920332343876e-06,51804.69531353348,7.472769336420322,510.70450723664567,497.9772345093729,497.9904403350473,509.52144935741416,516.7941766301414,516.789006535776,120.35348129093626,120.35348129093626,120.23594859436308,120.92547706671196,120.92547706671196,120.807385780514,7.472769336420322,7.472769336420322,7.472769336420322,-0.20575539118772213,0.20575539118772213,-137.17026079181474,0.0,0.0,0.0,0.06400322223250043,0.03200161111625022,42.668814821666956,2.842170943040401e-14,1.4210854715202004e-14,1.8947806286936004e-11,-0.07971650091067506,0.21110003415470524,-53.14433394045004,0.21110003415470524,False,0.013703861763801643,0.00010017946494876635,0.012024396642854644,False
main_lens_x_mm,production_searchsorted,lens_x_mm,x,0.0995,0.0995,-0.010499999999999995,0.0015,0.0055,0.005505376344086021,0.058651026392960576,513,465,561,97,18db2d7a95d947bb,0.07275268817204336,512.7404333333446,False,1.5689374267568849e-06,51865.70005807884,7.527634664053719,505.3719133524076,492.64464062513485,492.66305406202434,504.3139154721346,511.5866427448619,511.5865581328064,120.42538741723325,120.42538741723325,120.30778449983362,120.89739679757508,120.89739679757508,120.77933293351494,7.527634664053719,7.527634664053719,7.527634664053719,-0.16488298648528144,0.16488298648528144,-109.92199099018762,0.0,0.0,0.0,0.08147607475811469,0.040738037379057346,54.31738317207646,-2.842170943040401e-14,1.4210854715202004e-14,-1.8947806286936004e-11,-0.0936357483892083,0.24572215213970927,-62.42383225947219,0.24572215213970927,False,0.01578688750499639,0.00011732645267312702,0.014729818077621078,False
main_lens_x_mm,bilinear_intensity,lens_x_mm,x,0.0995,0.0995,-0.010499999999999995,0.0015,0.0055,0.005505376344086021,0.058651026392960576,513,465,561,97,c2e5f3d8fc667a4c,0.07275268817204336,512.7404333333446,False,1.5670878744572915e-06,51804.557833298895,7.3814373578563774,510.5257281598187,497.798455432546,497.81183584716257,509.52144935741416,516.7941766301415,516.789006535776,120.4375251326031,120.4375251326031,120.31991036196578,120.92547706671196,120.92547706671196,120.807385780514,7.3814373578563774,7.3814373578563774,7.3814373578563774,-0.17877907682697014,0.17877907682697014,-119.1860512179801,0.0,0.0,0.0,0.08404384166684054,0.04202192083342027,56.02922777789369,0.0,0.0,0.0,-0.09133197856394482,0.24443944260079498,-60.887985709296544,0.24443944260079498,False,0.014708674773195245,0.00011240858742512307,0.013688775527929097,False
main_lens_x_mm,production_searchsorted,lens_x_mm,x,0.101,0.101,-0.008999999999999994,0.0015,0.0055,0.005505376344086021,0.058651026392960576,513,465,561,97,18db2d7a95d947bb,0.07275268817204336,512.7404333333446,False,1.5688699742779145e-06,51863.47022406329,7.4239166680190385,505.24250843452,492.51523570724726,492.53377551612687,504.3139154721346,511.58664274486193,511.5865581328064,120.5257589416673,120.5257589416673,120.40805800520084,120.89739679757508,120.89739679757508,120.77933293351495,7.4239166680190385,7.4239166680190385,7.4239166680190385,-0.129404917887598,0.129404917887598,-86.26994525839866,0.0,0.0,0.0,0.10037152443405262,0.05018576221702631,66.91434962270175,0.0,0.0,0.0,-0.10371799603468013,0.27556596637177067,-69.14533068978675,0.27556596637177067,False,0.01703399147614456,0.0001292573536745317,0.016497285841675747,False
main_lens_x_mm,bilinear_intensity,lens_x_mm,x,0.101,0.101,-0.008999999999999994,0.0015,0.0055,0.005505376344086021,0.058651026392960576,513,465,561,97,c2e5f3d8fc667a4c,0.07275268817204336,512.7404333333446,False,1.56708983590009e-06,51804.622674383136,7.2802690587755166,510.3819421594842,497.6546694322115,497.668190262844,509.52144935741416,516.7941766301415,516.789006535776,120.54000467229639,120.54000467229639,120.42228982398359,120.92547706671198,120.92547706671198,120.807385780514,7.2802690587755166,7.2802690587755166,7.2802690587755166,-0.14378600033450084,0.14378600033450084,-95.8573335563339,0.0,0.0,0.0,0.1024795396932916,0.0512397698466458,68.31969312886106,1.4210854715202004e-14,7.105427357601002e-15,9.473903143468002e-12,-0.10116829908086089,0.27411544439426333,-67.44553272057392,0.27411544439426333,False,0.015589971125017107,0.00012408236813958777,0.015366548941774144,False
main_lens_x_mm,production_searchsorted,lens_x_mm,x,0.10250000000000001,0.10250000000000001,-0.007499999999999993,0.0015,0.0055,0.005505376344086021,0.058651026392960576,513,465,561,97,18db2d7a95d947bb,0.07275268817204336,512.7404333333446,False,1.5688112985707077e-06,51861.530531263066,7.311985344661084,505.1568044147205,492.42953168744776,492.44815519165917,504.3139154721346,511.58664274486193,511.5865581328064,120.64332721329916,120.64332721329916,120.52551146406739,120.89739679757508,120.89739679757508,120.77933293351495,7.311985344661084,7.311985344661084,7.311985344661084,-0.08570401979949338,0.08570401979949338,-57.13601319966225,0.0,0.0,0.0,0.11756827163185335,0.058784135815926675,78.3788477545689,0.0,0.0,0.0,-0.11193132335795486,0.30154251014194655,-74.62088223863657,0.30154251014194655,False,0.01815612182906912,0.00014035015656699556,0.01824400314324651,False
main_lens_x_mm,bilinear_intensity,lens_x_mm,x,0.10250000000000001,0.10250000000000001,-0.007499999999999993,0.0015,0.0055,0.005505376344086021,0.058651026392960576,513,465,561,97,c2e5f3d8fc667a4c,0.07275268817204336,512.7404333333446,False,1.5670986053616036e-06,51804.91257393731,7.171087186498044,510.28130602713316,497.5540332998604,497.56765240796597,509.52144935741416,516.7941766301415,516.789006535776,120.65918589113535,120.65918589113535,120.54135465491355,120.92547706671196,120.92547706671196,120.807385780514,7.171087186498044,7.171087186498044,7.171087186498044,-0.10063613235104185,0.10063613235104185,-67.09075490069456,0.0,0.0,0.0,0.11918121883896049,0.059590609419480245,79.45414589264033,-1.4210854715202004e-14,7.105427357601002e-15,-9.473903143468002e-12,-0.10918187227747289,0.29993911322787403,-72.7879148516486,0.29993911322787403,False,0.0163904194534863,0.00013517053542971033,0.017018577611913766,False
main_lens_x_mm,production_searchsorted,lens_x_mm,x,0.10400000000000001,0.10400000000000001,-0.0059999999999999915,0.0015,0.0055,0.005505376344086021,0.058651026392960576,513,465,561,97,18db2d7a95d947bb,0.07275268817204336,512.7404333333446,False,1.5687605842666463e-06,51859.85402534368,7.193692328801672,505.122558175495,492.39528544822224,492.41394239602664,504.3139154721346,511.5866427448619,511.5865581328064,120.77618020319491,120.77618020319491,120.6582347147152,120.89739679757508,120.89739679757508,120.77933293351495,7.193692328801672,7.193692328801672,7.193692328801672,-0.03424623922552428,0.03424623922552428,-22.83082615034952,0.0,0.0,0.0,0.13285298989575267,0.06642649494787634,88.56865993050178,0.0,0.0,0.0,-0.11829301585941199,0.3235592258011971,-78.86201057294133,0.3235592258011971,False,0.019207760746146035,0.00015157605246462135,0.01993927927428053,False
main_lens_x_mm,bilinear_intensity,lens_x_mm,x,0.10400000000000001,0.10400000000000001,-0.0059999999999999915,0.0015,0.0055,0.005505376344086021,0.058651026392960576,513,465,561,97,c2e5f3d8fc667a4c,0.07275268817204336,512.7404333333446,False,1.5671142118914916e-06,51805.42849228071,7.055697935421972,510.2315266985525,497.5042539712798,497.51792169201093,509.52144935741416,516.7941766301415,516.789006535776,120.79317315328898,120.79317315328898,120.67521107013145,120.92547706671196,120.92547706671196,120.807385780514,7.055697935421972,7.055697935421972,7.055697935421972,-0.04977932858065515,0.04977932858065515,-33.186219053770095,0.0,0.0,0.0,0.13398726215362444,0.06699363107681222,89.32484143574963,0.0,0.0,0.0,-0.11538925107607145,0.32181801190014836,-76.92616738404763,0.32181801190014836,False,0.017109399193205296,0.00014609307542958865,0.018611921872756523,False
main_lens_x_mm,production_searchsorted,lens_x_mm,x,0.10550000000000001,0.10550000000000001,-0.00449999999999999,0.0015,0.0055,0.005505376344086021,0.058651026392960576,513,465,561,97,18db2d7a95d947bb,0.07275268817204336,512.7404333333446,False,1.568716651705611e-06,51858.4017092764,7.070816855110512,505.1463668085432,492.41909408127043,492.43772777845663,504.3139154721346,511.5866427448619,511.5865581328064,120.92211444857048,120.92211444857048,120.8040264461793,120.89739679757508,120.89739679757508,120.77933293351495,7.070816855110512,7.070816855110512,7.070816855110512,0.023808633048190586,0.023808633048190586,15.872422032127057,0.0,0.0,0.0,0.14593424537557098,0.07296712268778549,97.28949691704732,0.0,0.0,0.0,-0.1228754736911597,0.34162004176686367,-81.91698246077313,0.34162004176686367,False,0.020173297662219068,0.00016257769421729466,0.021557334857459535,False
main_lens_x_mm,bilinear_intensity,lens_x_mm,x,0.10550000000000001,0.10550000000000001,-0.00449999999999999,0.0015,0.0055,0.005505376344086021,0.058651026392960576,513,465,561,97,c2e5f3d8fc667a4c,0.07275268817204336,512.7404333333446,False,1.5671359617427356e-06,51806.14749562762,6.935837183346213,510.2391754173662,497.51190269009345,497.52556294137264,509.52144935741416,516.7941766301414,516.789006535776,120.93982271949709,120.93982271949709,120.82171742387257,120.92547706671196,120.92547706671196,120.80738578051397,6.935837183346213,6.935837183346213,6.935837183346213,0.007648718813697997,0.007648718813697997,5.099145875798665,0.0,0.0,0.0,0.14664956620811154,0.07332478310405577,97.76637747207435,0.0,0.0,0.0,-0.11986075207575908,0.33975590557531626,-79.90716805050606,0.33975590557531626,False,0.017710721694579854,0.00015648177408238942,0.02011878592785127,False
main_lens_x_mm,production_searchsorted,lens_x_mm,x,0.10700000000000001,0.10700000000000001,-0.002999999999999989,0.0015,0.0055,0.005505376344086021,0.058651026392960576,513,465,561,97,18db2d7a95d947bb,0.07275268817204336,512.7404333333446,False,1.568678017109531e-06,51857.124532546484,6.94501966227392,505.23294039826476,492.505667670992,492.524216823657,504.3139154721346,511.58664274486193,511.5865581328064,121.0785426089077,121.0785426089077,120.96030184464118,120.89739679757508,120.89739679757508,120.77933293351495,6.94501966227392,6.94501966227392,6.94501966227392,0.08657358972158136,0.08657358972158136,57.71572648105423,0.0,0.0,0.0,0.15642816033721374,0.07821408016860687,104.28544022480916,0.0,0.0,0.0,-0.12579719283659152,0.35582082074624855,-83.86479522439434,0.35582082074624855,False,0.02116195690411526,0.00017281241624339863,0.02307667223248623,False
main_lens_x_mm,bilinear_intensity,lens_x_mm,x,0.10700000000000001,0.10700000000000001,-0.002999999999999989,0.0015,0.0055,0.005505376344086021,0.058651026392960576,513,465,561,97,c2e5f3d8fc667a4c,0.07275268817204336,512.7404333333446,False,1.5671624525676831e-06,51807.023225377954,6.81312552561909,510.3089687849964,497.58169605772366,497.59528815141726,509.52144935741416,516.7941766301414,516.789006535776,121.09663738628788,121.09663738628788,120.97837895134033,120.92547706671196,120.92547706671196,120.807385780514,6.81312552561909,6.81312552561909,6.81312552561909,0.06979336763021138,0.06979336763021138,46.528911753474254,0.0,0.0,0.0,0.15681466679079392,0.07840733339539696,104.54311119386261,0.0,0.0,0.0,-0.12271165772712322,0.35384814978577867,-81.80777181808214,0.35384814978577867,False,0.01825654018548131,0.00016623482849108416,0.021516351963331945,False
main_lens_x_mm,production_searchsorted,lens_x_mm,x,0.1085,0.1085,-0.0015000000000000013,0.0015,0.0055,0.005505376344086021,0.058651026392960576,513,465,561,97,18db2d7a95d947bb,0.07275268817204336,512.7404333333446,False,1.5686430021280087e-06,51855.967012496156,6.8178075943388805,505.38442187380946,492.65714914653677,492.6755503680733,504.3139154721346,511.5866427448619,511.5865581328064,121.24242652388205,121.24242652388205,121.12402571672985,120.89739679757507,120.89739679757507,120.77933293351494,6.8178075943388805,6.8178075943388805,6.8178075943388805,0.15148147554469915,0.15148147554469915,100.98765036313277,0.0,0.0,0.0,0.16388391497434895,0.08194195748717448,109.25594331623263,-1.4210854715202004e-14,7.105427357601002e-15,-9.473903143468002e-12,-0.12721206793503992,0.36634041117570704,-84.80804529002661,0.36634041117570704,False,0.02206171724872304,0.0001827099725221809,0.024479746946380956,False
main_lens_x_mm,bilinear_intensity,lens_x_mm,x,0.1085,0.1085,-0.0015000000000000013,0.0015,0.0055,0.005505376344086021,0.058651026392960576,513,465,561,97,c2e5f3d8fc667a4c,0.07275268817204336,512.7404333333446,False,1.5671916712949794e-06,51807.98913371833,6.68903374261366,510.44309690624004,497.71582417896735,497.7292852881675,509.52144935741416,516.7941766301414,516.789006535776,121.26068416713514,121.26068416713514,121.14226553025316,120.92547706671193,120.92547706671193,120.80738578051397,6.68903374261366,6.68903374261366,6.68903374261366,0.13412812124363427,0.13412812124363427,89.41874749575618,0.0,0.0,0.0,0.16404678084725788,0.08202339042362894,109.36452056483859,-2.842170943040401e-14,1.4210854715202004e-14,-1.8947806286936004e-11,-0.12409178300543022,0.364272704322894,-82.72785533695348,0.364272704322894,False,0.018739220602932875,0.00017538901098939632,0.022786883736960927,False
main_lens_x_mm,production_searchsorted,lens_x_mm,x,0.11,0.11,0.0,0.0015,0.0055,0.005505376344086021,0.058651026392960576,513,465,561,97,18db2d7a95d947bb,0.07275268817204336,512.7404333333446,False,1.5686098852987437e-06,51854.872241280784,6.690509729299775,505.5998424215558,492.8725696942831,492.8907605441909,504.3139154721346,511.5866427448619,511.5865581328064,121.41027163922294,121.41027163922294,121.29170692082526,120.89739679757508,120.89739679757508,120.77933293351495,6.690509729299775,6.690509729299775,6.690509729299775,0.215420547746362,0.215420547746362,143.61369849757466,0.0,0.0,0.0,0.16784511534089575,0.08392255767044787,111.89674356059716,1.4210854715202004e-14,7.105427357601002e-15,9.473903143468002e-12,-0.12729786503910567,0.3734275667879116,-84.86524335940378,0.3734275667879116,False,0.022908699514308187,0.00019290835628628736,0.02575265741566163,False
main_lens_x_mm,bilinear_intensity,lens_x_mm,x,0.11,0.11,0.0,0.0015,0.0055,0.005505376344086021,0.058651026392960576,513,465,561,97,c2e5f3d8fc667a4c,0.07275268817204336,512.7404333333446,False,1.5672211696853867e-06,51808.96428712022,6.564859507554248,510.640686628091,497.9134139008183,497.9266820513057,509.52144935741416,516.7941766301414,516.789006535776,121.42857339886795,121.42857339886795,121.30999080765811,120.92547706671196,120.92547706671196,120.80738578051397,6.564859507554248,6.564859507554248,6.564859507554248,0.1975897218509317,0.1975897218509317,131.72648123395447,0.0,0.0,0.0,0.1678892317328149,0.08394461586640745,111.92615448854326,2.842170943040401e-14,1.4210854715202004e-14,1.8947806286936004e-11,-0.12417423505941194,0.37127704788910915,-82.7828233729413,0.37127704788910915,False,0.0191291471495758,0.00018386871905941,0.023917737807659205,False
main_lens_x_mm,production_searchsorted,lens_x_mm,x,0.1115,0.1115,0.0015000000000000013,0.0015,0.0055,0.005505376344086021,0.058651026392960576,513,465,561,97,18db2d7a95d947bb,0.07275268817204336,512.7404333333446,False,1.5685770796487305e-06,51853.78775698283,6.564265040021002,505.87479644821843,493.14752372094574,493.1654460610619,504.3139154721346,511.5866427448619,511.5865581328064,121.57820504933632,121.57820504933632,121.45947633346783,120.89739679757508,120.89739679757508,120.77933293351494,6.564265040021002,6.564265040021002,6.564265040021002,0.2749540266626127,0.2749540266626127,183.3026844417418,0.0,0.0,0.0,0.1679334101133776,0.0839667050566888,111.95560674225173,0.0,0.0,0.0,-0.12624468927877253,0.3773843679679851,-84.16312618584836,0.3773843679679851,False,0.023527623265980034,0.00020204025083736326,0.026884746131206515,False
main_lens_x_mm,bilinear_intensity,lens_x_mm,x,0.1115,0.1115,0.0015000000000000013,0.0015,0.0055,0.005505376344086021,0.058651026392960576,513,465,561,97,c2e5f3d8fc667a4c,0.07275268817204336,512.7404333333446,False,1.5672483002738511e-06,51809.861166077724,6.441715336334739,510.89748299969085,498.1702102724181,498.1832276451989,509.5214493574141,516.7941766301414,516.789006535776,121.5965240373129,121.5965240373129,121.4777774318077,120.92547706671193,120.92547706671193,120.807385780514,6.441715336334739,6.441715336334739,6.441715336334739,0.2567963715998758,0.2567963715998758,171.19758106658387,-5.684341886080802e-14,5.684341886080802e-14,-3.789561257387201e-11,0.16795063844494962,0.08397531922247481,111.96709229663308,-2.842170943040401e-14,1.4210854715202004e-14,-1.8947806286936004e-11,-0.12314417121950871,0.3751616346939504,-82.09611414633915,0.3751616346939504,False,0.019401470424219604,0.00019144034655511015,0.02490109788416609,False
main_lens_x_mm,production_searchsorted,lens_x_mm,x,0.113,0.113,0.0030000000000000027,0.0015,0.0055,0.005505376344086021,0.058651026392960576,513,465,561,97,18db2d7a95d947bb,0.07275268817204336,512.7404333333446,False,1.5685433146204312e-06,51852.6715577002,6.440020850298073,506.2014019469237,493.474129219651,493.49173260908486,504.3139154721346,511.5866427448619,511.5865581328064,121.7421389897959,121.7421389897959,121.62325018218868,120.89739679757508,120.89739679757508,120.77933293351494,6.440020850298073,6.440020850298073,6.440020850298073,0.32660549870524846,0.32660549870524846,217.7369991368323,0.0,0.0,0.0,0.16393394045958587,0.08196697022979293,109.28929363972391,0.0,0.0,0.0,-0.12424418972292894,0.3785471456909102,-82.82945981528596,0.3785471456909102,False,0.02388793003351271,0.0002102945778671533,0.027868110891938396,False
main_lens_x_mm,bilinear_intensity,lens_x_mm,x,0.113,0.113,0.0030000000000000027,0.0015,0.0055,0.005505376344086021,0.058651026392960576,513,465,561,97,c2e5f3d8fc667a4c,0.07275268817204336,512.7404333333446,False,1.5672704862528212e-06,51810.594586870124,6.32052705666491,511.2058135823781,498.4785408551054,498.4912571238015,509.5214493574141,516.7941766301414,516.789006535776,121.76051902944276,121.76051902944276,121.64161227257807,120.92547706671193,120.92547706671193,120.80738578051397,6.32052705666491,6.32052705666491,6.32052705666491,0.30833058268723335,0.30833058268723335,205.5537217914889,0.0,0.0,0.0,0.16399499212985802,0.08199749606492901,109.32999475323868,0.0,0.0,0.0,-0.1211882796698287,0.37626089742358415,-80.79218644655246,0.37626089742358415,False,0.019565842165426197,0.00019791564574032485,0.025733376031657085,False
main_lens_x_mm,production_searchsorted,lens_x_mm,x,0.1145,0.1145,0.004500000000000004,0.0015,0.0055,0.005505376344086021,0.058651026392960576,513,465,561,97,18db2d7a95d947bb,0.07275268817204336,512.7404333333446,False,1.5685077978872983e-06,51851.49745081978,6.318540734343692,506.56858171433004,493.8413089870573,493.85855380249956,504.3139154721346,511.58664274486193,511.5865581328064,121.89799928920449,121.89799928920449,121.77895827427362,120.89739679757508,120.89739679757508,120.77933293351494,6.318540734343692,6.318540734343692,6.318540734343692,0.3671797674063555,0.3671797674063555,244.78651160423698,0.0,0.0,0.0,0.15586029940858737,0.07793014970429368,103.90686627239158,0.0,0.0,0.0,-0.12148011595438124,0.3772662194059778,-80.9867439695875,0.3772662194059778,False,0.024115902915867297,0.00021677528753857406,0.028697071608202653,False
main_lens_x_mm,bilinear_intensity,lens_x_mm,x,0.1145,0.1145,0.004500000000000004,0.0015,0.0055,0.005505376344086021,0.058651026392960576,513,465,561,97,c2e5f3d8fc667a4c,0.07275268817204336,512.7404333333446,False,1.567285493361693e-06,51811.09068964275,6.202041474668237,511.5548696246984,498.8275968974257,498.83997229108047,509.52144935741416,516.7941766301414,516.789006535776,121.91653148592722,121.91653148592722,121.79747237314797,120.92547706671193,120.92547706671193,120.807385780514,6.202041474668237,6.202041474668237,6.202041474668237,0.34905604232034193,0.34905604232034193,232.7040282135613,5.684341886080802e-14,5.684341886080802e-14,3.789561257387201e-11,0.15601245648446138,0.07800622824223069,104.00830432297425,0.0,0.0,0.0,-0.1184855819966737,0.37492310667899836,-78.99038799778246,0.37492310667899836,False,0.01964279861741977,0.0002032892780386682,0.026414316148004737,False
main_lens_x_mm,production_searchsorted,lens_x_mm,x,0.116,0.116,0.006000000000000005,0.0015,0.0055,0.005505376344086021,0.058651026392960576,513,465,561,97,18db2d7a95d947bb,0.07275268817204336,512.7404333333446,False,1.5684703338021092e-06,51850.25896866477,6.200420050855276,506.9626619567357,494.23538922946295,494.2522492009185,504.3139154721346,511.5866427448619,511.5865581328064,122.04197988936474,122.04197988936474,121.92279826837904,120.89739679757508,120.89739679757508,120.77933293351495,6.200420050855276,6.200420050855276,6.200420050855276,0.3940802424056642,0.3940802424056642,262.72016160377615,0.0,0.0,0.0,0.14398060016024772,0.07199030008012386,95.98706677349848,0.0,0.0,0.0,-0.11812068348841631,0.37388596023884146,-78.74712232561087,0.3940802424056642,False,0.024229213805634177,0.00022209420875002827,0.029367640089848386,False
main_lens_x_mm,bilinear_intensity,lens_x_mm,x,0.116,0.116,0.006000000000000005,0.0015,0.0055,0.005505376344086021,0.058651026392960576,513,465,561,97,c2e5f3d8fc667a4c,0.07275268817204336,512.7404333333446,False,1.5672916708165432e-06,51811.294903026224,6.086841471807383,511.9312992817274,499.20402655445463,499.2160343410225,509.52144935741416,516.7941766301415,516.789006535776,122.06078291294386,122.06078291294386,121.94158292963044,120.92547706671196,120.92547706671196,120.807385780514,6.086841471807383,6.086841471807383,6.086841471807383,0.37642965702895026,0.37642965702895026,250.95310468596682,0.0,0.0,0.0,0.1442514270166413,0.07212571350832064,96.16761801109419,2.842170943040401e-14,1.4210854715202004e-14,1.8947806286936004e-11,-0.11520000286085352,0.37149059170719545,-76.80000190723568,0.37642965702895026,False,0.019659346755170108,0.00020788037522543327,0.026945893430198223,False
main_lens_x_mm,production_searchsorted,lens_x_mm,x,0.11750000000000001,0.11750000000000001,0.007500000000000007,0.0015,0.0055,0.005505376344086021,0.058651026392960576,513,465,561,97,18db2d7a95d947bb,0.07275268817204336,512.7404333333446,False,1.5684313798441307e-06,51848.97123451672,6.086107017696014,507.36824302421854,494.6409702969458,494.65743419314015,504.3139154721346,511.5866427448619,511.5865581328064,122.17077526419183,122.17077526419183,122.05146786647288,120.89739679757508,120.89739679757508,120.77933293351495,6.086107017696014,6.086107017696014,6.086107017696014,0.4055810674828422,0.4055810674828422,270.3873783218948,0.0,0.0,0.0,0.12879537482709225,0.06439768741354612,85.86358321806149,0.0,0.0,0.0,-0.11431303315926211,0.36872673858118354,-76.20868877284141,0.4055810674828422,False,0.0244254710793515,0.0002259298381170659,0.029877015932471794,False
main_lens_x_mm,bilinear_intensity,lens_x_mm,x,0.11750000000000001,0.11750000000000001,0.007500000000000007,0.0015,0.0055,0.005505376344086021,0.058651026392960576,513,465,561,97,c2e5f3d8fc667a4c,0.07275268817204336,512.7404333333446,False,1.5672881317621908e-06,51811.17790949391,5.975366487954083,512.320066694942,499.59279396766937,499.60442209856024,509.52144935741416,516.7941766301414,516.789006535776,122.18998438290451,122.18998438290451,122.07065822628059,120.92547706671196,120.92547706671196,120.807385780514,5.975366487954083,5.975366487954083,5.975366487954083,0.3887674132146799,0.3887674132146799,259.1782754764533,0.0,0.0,0.0,0.1292014699606483,0.06460073498032415,86.13431330709886,0.0,0.0,0.0,-0.11147498385330046,0.36628187006224056,-74.31665590220031,0.3887674132146799,False,0.019667310659385637,0.0002119235278230415,0.027331131477815445,False
main_lens_x_mm,production_searchsorted,lens_x_mm,x,0.11900000000000001,0.11900000000000001,0.009000000000000008,0.0015,0.0055,0.005505376344086021,0.058651026392960576,513,465,561,97,18db2d7a95d947bb,0.07275268817204336,512.7404333333446,False,1.5683920296259803e-06,51847.67040085886,5.975927121388486,507.76925887905935,495.0419861517866,495.0580584309352,504.3139154721346,511.58664274486193,511.5865581328064,122.28174539800935,122.28174539800935,122.16232963101909,120.89739679757508,120.89739679757508,120.77933293351494,5.975927121388486,5.975927121388486,5.975927121388486,0.40101585484080715,0.40101585484080715,267.34390322720475,0.0,0.0,0.0,0.11097013381751708,0.05548506690875854,73.98008921167805,0.0,0.0,0.0,-0.11017989630752734,0.36207019031103915,-73.45326420501823,0.40101585484080715,False,0.02451749534670015,0.00022846136142885777,0.030223104563599737,False
main_lens_x_mm,bilinear_intensity,lens_x_mm,x,0.11900000000000001,0.11900000000000001,0.009000000000000008,0.0015,0.0055,0.005505376344086021,0.058651026392960576,513,465,561,97,c2e5f3d8fc667a4c,0.07275268817204336,512.7404333333446,False,1.5672748510189942e-06,51810.738876660966,5.8679362387422485,512.7054933987739,499.97822067150116,499.98947240912656,509.52144935741416,516.7941766301414,516.789006535776,122.30151340212137,122.30151340212137,122.1820783304396,120.92547706671196,120.92547706671196,120.80738578051397,5.8679362387422485,5.8679362387422485,5.8679362387422485,0.38542670383185396,0.38542670383185396,256.95113588790264,0.0,0.0,0.0,0.11152901921686009,0.055764509608430046,74.35267947790673,0.0,0.0,0.0,-0.1074302492118342,0.3595771051981699,-71.6201661412228,0.38542670383185396,False,0.01967458635675486,0.00021526315320330084,0.027572962891282863,False
main_lens_x_mm,production_searchsorted,lens_x_mm,x,0.12050000000000001,0.12050000000000001,0.01050000000000001,0.0015,0.0055,0.005505376344086021,0.058651026392960576,513,465,561,97,18db2d7a95d947bb,0.07275268817204336,512.7404333333446,False,1.5683539196878624e-06,51846.4105681938,6.047550564833754,508.15011378505847,495.4228410577857,495.43854140831513,504.3139154721346,511.5866427448619,511.5865581328064,122.37298265934415,122.37298265934415,122.25347779346586,120.89739679757507,120.89739679757507,120.77933293351494,6.047550564833754,6.047550564833754,6.047550564833754,0.3808549059991151,0.3808549059991151,253.9032706660767,0.0,0.0,0.0,0.09123726133479693,0.04561863066739846,60.82484088986462,-1.4210854715202004e-14,7.105427357601002e-15,-9.473903143468002e-12,0.07162344344526783,0.23970654926135165,47.74896229684522,0.3808549059991151,False,0.024443315247110044,0.00021598415410692263,0.025102516917483376,False
main_lens_x_mm,bilinear_intensity,lens_x_mm,x,0.12050000000000001,0.12050000000000001,0.01050000000000001,0.0015,0.0055,0.005505376344086021,0.058651026392960576,513,465,561,97,c2e5f3d8fc667a4c,0.07275268817204336,512.7404333333446,False,1.5672526679509026e-06,51810.00555209596,5.9325675840682495,513.0723714145133,500.3450986872406,500.3559921455538,509.52144935741416,516.7941766301414,516.789006535776,122.39349326325515,122.39349326325515,122.27396836749023,120.92547706671196,120.92547706671196,120.80738578051397,5.9325675840682495,5.9325675840682495,5.9325675840682495,0.3668780157394167,0.3668780157394167,244.58534382627778,0.0,0.0,0.0,0.09197986113377965,0.045989930566889825,61.31990742251976,0.0,0.0,0.0,0.06463134532600101,0.22028646084898254,43.08756355066734,0.3668780157394167,False,0.01964316972073201,0.00018527363534434402,0.021469209787453106,False
main_lens_x_mm,production_searchsorted,lens_x_mm,x,0.12200000000000001,0.12200000000000001,0.01200000000000001,0.0015,0.0055,0.005505376344086021,0.058651026392960576,513,465,561,97,18db2d7a95d947bb,0.07275268817204336,512.7404333333446,False,1.568319066358317e-06,51845.25839201048,6.197618728006319,508.4967715703231,495.76949884305037,495.7848606605864,504.3139154721346,511.5866427448619,511.5865581328064,122.44327283163334,122.44327283163334,122.3236993230087,120.89739679757508,120.89739679757508,120.77933293351495,6.197618728006319,6.197618728006319,6.197618728006319,0.34665778526465374,0.34665778526465374,231.10519017643583,0.0,0.0,0.0,0.07029017228919088,0.03514508614459544,46.86011485946059,1.4210854715202004e-14,7.105427357601002e-15,9.473903143468002e-12,0.15006816317256444,0.49629403363802965,100.04544211504296,0.49629403363802965,False,0.024378812088363924,0.00024843787541171177,0.03132087960823436,False
main_lens_x_mm,bilinear_intensity,lens_x_mm,x,0.12200000000000001,0.12200000000000001,0.01200000000000001,0.0015,0.0055,0.005505376344086021,0.058651026392960576,513,465,561,97,c2e5f3d8fc667a4c,0.07275268817204336,512.7404333333446,False,1.567223193790924e-06,51809.031199699966,6.063250838258505,513.4070253069068,500.67975257963406,500.6903192275054,509.52144935741416,516.7941766301415,516.789006535776,122.46476437344303,122.46476437344303,122.3451698769846,120.92547706671193,120.92547706671193,120.80738578051397,6.063250838258505,6.063250838258505,6.063250838258505,0.33465389239347587,0.33465389239347587,223.1025949289839,0.0,0.0,0.0,0.07127111018787957,0.035635555093939786,47.51407345858638,-2.842170943040401e-14,1.4210854715202004e-14,-1.8947806286936004e-11,0.13068325419025584,0.4405622096618071,87.12216946017055,0.4405622096618071,False,0.019572104778519298,0.00022347624709071308,0.027039165781064297,False
main_lens_x_mm,production_searchsorted,lens_x_mm,x,0.12350000000000001,0.12350000000000001,0.013500000000000012,0.0015,0.0055,0.005505376344086021,0.058651026392960576,513,465,561,97,18db2d7a95d947bb,0.07275268817204336,512.7404333333446,False,1.5682896474487675e-06,51844.28586607496,6.351253774060726,508.79767729733993,496.0704045700672,496.08547253435415,504.3139154721346,511.5866427448619,511.5865581328064,122.49196777397981,122.49196777397981,122.37234671170052,120.89739679757508,120.89739679757508,120.77933293351495,6.351253774060726,6.351253774060726,6.351253774060726,0.3009057270168114,0.3009057270168114,200.6038180112076,0.0,0.0,0.0,0.0486949423464722,0.0243474711732361,32.46329489764813,0.0,0.0,0.0,0.1536350460544078,0.49578734283910975,102.42336403627188,0.49578734283910975,False,0.02423994311841514,0.00023813435699116824,0.03041841285917853,False
main_lens_x_mm,bilinear_intensity,lens_x_mm,x,0.12350000000000001,0.12350000000000001,0.013500000000000012,0.0015,0.0055,0.005505376344086021,0.058651026392960576,513,465,561,97,c2e5f3d8fc667a4c,0.07275268817204336,512.7404333333446,False,1.5671886343443355e-06,51807.88873865572,6.197510897357702,513.6982058103911,500.9709330831183,500.98121537502925,509.52144935741416,516.7941766301414,516.789006535776,122.51476252758194,122.51476252758194,122.39511920480109,120.92547706671196,120.92547706671196,120.807385780514,6.197510897357702,6.197510897357702,6.197510897357702,0.29118050348427005,0.29118050348427005,194.12033565618003,0.0,0.0,0.0,0.04999815413890474,0.02499907706945237,33.33210275926982,2.842170943040401e-14,1.4210854715202004e-14,1.8947806286936004e-11,0.13426005909919692,0.44286493394609167,89.50670606613127,0.44286493394609167,False,0.01942361235632477,0.00021612514168075023,0.026354522539150917,False
main_lens_x_mm,production_searchsorted,lens_x_mm,x,0.125,0.125,0.015,0.0015,0.0055,0.005505376344086021,0.058651026392960576,513,465,561,97,18db2d7a95d947bb,0.07275268817204336,512.7404333333446,False,1.5682677506729094e-06,51843.56200571602,6.50723337836041,509.0444129840242,496.3171402567515,496.3319672682194,504.3139154721346,511.58664274486193,511.5865581328064,122.51880807304772,122.51880807304772,122.39916079953889,120.89739679757508,120.89739679757508,120.77933293351494,6.50723337836041,6.50723337836041,6.50723337836041,0.2467356866842465,0.2467356866842465,164.49045778949767,0.0,0.0,0.0,0.02684029906791352,0.01342014953395676,17.893532711942346,0.0,0.0,0.0,0.1559796042996835,0.4911773638670295,103.98640286645566,0.4911773638670295,False,0.02389934860410621,0.0002257382821839653,0.029320642612334805,False
main_lens_x_mm,bilinear_intensity,lens_x_mm,x,0.125,0.125,0.015,0.0015,0.0055,0.005505376344086021,0.058651026392960576,513,465,561,97,c2e5f3d8fc667a4c,0.07275268817204336,512.7404333333446,False,1.5671515492915857e-06,51806.6627864987,6.334233109370895,513.9377198843257,501.210447157053,501.22049554850116,509.52144935741416,516.7941766301415,516.789006535776,122.54334073492385,122.54334073492385,122.42366950373739,120.92547706671196,120.92547706671196,120.80738578051397,6.334233109370895,6.334233109370895,6.334233109370895,0.23951407393462887,0.23951407393462887,159.67604928975257,0.0,0.0,0.0,0.028578207341908524,0.014289103670954262,19.052138227939015,0.0,0.0,0.0,0.13672221201319257,0.4412165279821737,91.14814134212838,0.4412165279821737,False,0.019170960636649928,0.0002073737070502202,0.025490339544856112,False
main_lens_x_mm,production_searchsorted,lens_x_mm,x,0.1265,0.1265,0.0165,0.0015,0.0055,0.005505376344086021,0.058651026392960576,513,465,561,97,18db2d7a95d947bb,0.07275268817204336,512.7404333333446,False,1.5682551157316918e-06,51843.14432170882,6.664252850022275,509.23202490857585,496.5047521813031,496.519395978001,504.3139154721346,511.5866427448619,511.5865581328064,122.52374526534882,122.52374526534882,122.4040931703631,120.89739679757508,120.89739679757508,120.77933293351494,6.664252850022275,6.664252850022275,6.664252850022275,0.18761192455167475,0.18761192455167475,125.07461636778316,0.0,0.0,0.0,0.004937192301099458,0.002468596150549729,3.2914615340663054,0.0,0.0,0.0,0.15701947166186514,0.48259978559867917,104.67964777457676,0.48259978559867917,False,0.02331180019621983,0.00021253110076046482,0.028050841833402996,False
main_lens_x_mm,bilinear_intensity,lens_x_mm,x,0.1265,0.1265,0.0165,0.0015,0.0055,0.005505376344086021,0.058651026392960576,513,465,561,97,c2e5f3d8fc667a4c,0.07275268817204336,512.7404333333446,False,1.567114577072837e-06,51805.44056439131,6.482579371601901,514.1207378501906,501.39346512291786,501.4033347858837,509.5214493574141,516.7941766301414,516.789006535776,122.55058356104722,122.55058356104722,122.43090525678839,120.92547706671196,120.92547706671196,120.80738578051397,6.482579371601901,6.482579371601901,6.482579371601901,0.18301796586490582,0.18301796586490582,122.01197724327054,-5.684341886080802e-14,5.684341886080802e-14,-3.789561257387201e-11,0.007242826123373902,0.003621413061686951,4.8285507489159345,0.0,0.0,0.0,0.1483462622310059,0.4683953358506548,98.89750815400393,0.4683953358506548,False,0.018826334786398228,0.00020495334490693918,0.025586255599055623,False
main_lens_x_mm,production_searchsorted,lens_x_mm,x,0.128,0.128,0.018000000000000002,0.0015,0.0055,0.005505376344086021,0.058651026392960576,513,465,561,97,18db2d7a95d947bb,0.07275268817204336,512.7404333333446,False,1.5682528993276518e-06,51843.071052153784,6.820918319567007,509.35900430458395,496.63173157731126,496.6462513706927,504.3139154721346,511.58664274486193,511.5865581328064,122.50681214268928,122.50681214268928,122.38717658395615,120.89739679757508,120.89739679757508,120.77933293351495,6.820918319567007,6.820918319567007,6.820918319567007,0.12697939600809605,0.12697939600809605,84.65293067206403,0.0,0.0,0.0,-0.016933122659537503,0.008466561329768751,-11.288748439691668,0.0,0.0,0.0,0.15666546954473226,0.4701666430444895,104.44364636315484,0.4701666430444895,False,0.022534425530117766,0.00020007353646262426,0.026633767647602426,False
main_lens_x_mm,bilinear_intensity,lens_x_mm,x,0.128,0.128,0.018000000000000002,0.0015,0.0055,0.005505376344086021,0.058651026392960576,513,465,561,97,c2e5f3d8fc667a4c,0.07275268817204336,512.7404333333446,False,1.5670801584956752e-06,51804.30276018761,6.635647538555696,514.2457618895987,501.518489162326,501.52823673150334,509.52144935741416,516.7941766301414,516.789006535776,122.53666320166234,122.53666320166234,122.41699849150446,120.92547706671196,120.92547706671196,120.807385780514,6.635647538555696,6.635647538555696,6.635647538555696,0.12502403940811746,0.12502403940811746,83.34935960541164,5.684341886080802e-14,5.684341886080802e-14,3.789561257387201e-11,-0.01392035938488334,0.00696017969244167,-9.280239589922227,0.0,0.0,0.0,0.153068166953795,0.472244636523349,102.04544463586333,0.472244636523349,False,0.018395634156982987,0.00019730661230852882,0.0248772476183862,False
main_lens_x_mm,production_searchsorted,lens_x_mm,x,0.1295,0.1295,0.019500000000000003,0.0015,0.0055,0.005505376344086021,0.058651026392960576,513,465,561,97,18db2d7a95d947bb,0.07275268817204336,512.7404333333446,False,1.5682614914236624e-06,51843.355088385535,6.975743436600683,509.426948775268,496.69967604799524,496.71412948935455,504.3139154721346,511.58664274486193,511.5865581328064,122.46807698322282,122.46807698322282,122.34847925179388,120.89739679757507,120.89739679757507,120.77933293351494,6.975743436600683,6.975743436600683,6.975743436600683,0.06794447068403997,0.06794447068403997,45.29631378935998,0.0,0.0,0.0,-0.03873515946646933,0.019367579733234663,-25.823439644312884,-1.4210854715202004e-14,7.105427357601002e-15,-9.473903143468002e-12,0.15482511703367585,0.45397147357572865,103.21674468911723,0.45397147357572865,False,0.02174117089439511,0.00018778132775450998,0.02509517017900847,False
main_lens_x_mm,bilinear_intensity,lens_x_mm,x,0.1295,0.1295,0.019500000000000003,0.0015,0.0055,0.005505376344086021,0.058651026392960576,513,465,561,97,c2e5f3d8fc667a4c,0.07275268817204336,512.7404333333446,False,1.5670502920629395e-06,51803.315440097176,6.7868281675107065,514.314284614272,501.5870118869993,501.59669253945333,509.52144935741416,516.7941766301415,516.789006535776,122.50177506752419,122.50177506752419,122.38214442780979,120.92547706671193,120.92547706671193,120.80738578051397,6.7868281675107065,6.7868281675107065,6.7868281675107065,0.06852272467324383,0.06852272467324383,45.68181644882922,0.0,0.0,0.0,-0.034888134138142846,0.017444067069071423,-23.25875609209523,-2.842170943040401e-14,1.4210854715202004e-14,-1.8947806286936004e-11,0.15118062895501083,0.4556620226634779,100.78708597000723,0.4556620226634779,False,0.017894012783093813,0.00018531179454405074,0.02345606379715612,False
main_lens_x_mm,production_searchsorted,lens_x_mm,x,0.131,0.131,0.021000000000000005,0.0015,0.0055,0.005505376344086021,0.058651026392960576,513,465,561,97,18db2d7a95d947bb,0.07275268817204336,512.7404333333446,False,1.5682804065514773e-06,51843.98038186702,7.127151970429397,509.4399712598046,496.7126985325319,496.7271392566212,504.3139154721346,511.58664274486193,511.5865581328064,122.40769680205184,122.40769680205184,122.28815803564355,120.89739679757508,120.89739679757508,120.77933293351495,7.127151970429397,7.127151970429397,7.127151970429397,0.013022484536634238,0.013022484536634238,8.68165635775616,0.0,0.0,0.0,-0.060380181170970104,0.030190090585485052,-40.25345411398007,1.4210854715202004e-14,7.105427357601002e-15,9.473903143468002e-12,0.15140853382871367,0.43410006461618333,100.93902255247578,0.43410006461618333,False,0.021010920218429978,0.00017480995009229656,0.02346131758077146,False
main_lens_x_mm,bilinear_intensity,lens_x_mm,x,0.131,0.131,0.021000000000000005,0.0015,0.0055,0.005505376344086021,0.058651026392960576,513,465,561,97,c2e5f3d8fc667a4c,0.07275268817204336,512.7404333333446,False,1.567026349407034e-06,51802.52394733997,6.934591366713847,514.3302046012561,501.60293187398344,501.6125969795752,509.52144935741416,516.7941766301414,516.789006535776,122.44617077875392,122.44617077875392,122.32659444010278,120.92547706671196,120.92547706671196,120.807385780514,6.934591366713847,6.934591366713847,6.934591366713847,0.01591998698415864,0.01591998698415864,10.61332465610576,0.0,0.0,0.0,-0.055604288770268795,0.027802144385134397,-37.06952584684586,2.842170943040401e-14,1.4210854715202004e-14,1.8947806286936004e-11,0.14776319920314052,0.43544110903087013,98.50879946876034,0.43544110903087013,False,0.01733973361995307,0.00017291335464818296,0.02193642027102656,False
main_lens_x_mm,production_searchsorted,lens_x_mm,x,0.1325,0.1325,0.022500000000000006,0.0015,0.0055,0.005505376344086021,0.058651026392960576,513,465,561,97,18db2d7a95d947bb,0.07275268817204336,512.7404333333446,False,1.5683082660658668e-06,51844.901357549315,7.273488246775109,509.4039508266822,496.67667809940946,496.6911539997029,504.3139154721346,511.5866427448619,511.5865581328064,122.32606105225798,122.32606105225798,122.20660200826163,120.89739679757508,120.89739679757508,120.77933293351495,7.273488246775109,7.273488246775109,7.273488246775109,-0.03602043312241676,0.03602043312241676,-24.013622081611175,0.0,0.0,0.0,-0.08163574979386112,0.04081787489693056,-54.42383319590741,0.0,0.0,0.0,0.14633627634571234,0.4106444676719749,97.55751756380822,0.4106444676719749,False,0.020101312006842047,0.00016156814410823295,0.02175857148656327,False
main_lens_x_mm,bilinear_intensity,lens_x_mm,x,0.1325,0.1325,0.022500000000000006,0.0015,0.0055,0.005505376344086021,0.058651026392960576,513,465,561,97,c2e5f3d8fc667a4c,0.07275268817204336,512.7404333333446,False,1.5670089706709855e-06,51801.94944366894,7.077331642547217,514.2990919386625,501.5718192113898,501.5815147004411,509.5214493574141,516.7941766301414,516.789006535776,122.37028311013785,122.37028311013785,122.25078088053809,120.92547706671196,120.92547706671196,120.80738578051397,7.077331642547217,7.077331642547217,7.077331642547217,-0.031112662593614004,0.031112662593614004,-20.741775062409335,-5.684341886080802e-14,5.684341886080802e-14,-3.789561257387201e-11,-0.0758876686160761,0.03794383430803805,-50.59177907738407,0.0,0.0,0.0,0.14274027583337023,0.4116760982298854,95.1601838889135,0.4116760982298854,False,0.01670915200229739,0.00016019230196259547,0.020342959313710707,False
main_lens_x_mm,production_searchsorted,lens_x_mm,x,0.134,0.134,0.024000000000000007,0.0015,0.0055,0.005505376344086021,0.058651026392960576,513,465,561,97,18db2d7a95d947bb,0.07275268817204336,512.7404333333446,False,1.5683428766898403e-06,51846.045510407945,7.413036688337666,509.32573124761285,496.5984585203401,496.61301080694125,504.3139154721346,511.58664274486193,511.5865581328064,122.22399596209812,122.22399596209812,122.10463659104137,120.89739679757508,120.89739679757508,120.77933293351494,7.413036688337666,7.413036688337666,7.413036688337666,-0.07821957906935495,0.07821957906935495,-52.146386046236636,0.0,0.0,0.0,-0.10206509015986853,0.051032545079934266,-68.04339343991235,0.0,0.0,0.0,0.13954844156255675,0.38371806436733896,93.03229437503784,0.38371806436733896,False,0.019108855313097303,0.00014798589576368407,0.020013077202524574,False
main_lens_x_mm,bilinear_intensity,lens_x_mm,x,0.134,0.134,0.024000000000000007,0.0015,0.0055,0.005505376344086021,0.058651026392960576,513,465,561,97,c2e5f3d8fc667a4c,0.07275268817204336,512.7404333333446,False,1.5669980484476911e-06,51801.58837843607,7.213387302555243,514.2274075037516,501.50013477647883,501.50990026986113,509.52144935741416,516.7941766301415,516.789006535776,122.2749158842951,122.2749158842951,122.1555067867518,120.92547706671193,120.92547706671193,120.80738578051397,7.213387302555243,7.213387302555243,7.213387302555243,-0.07168443491093512,0.07168443491093512,-47.78962327395675,5.684341886080802e-14,5.684341886080802e-14,3.789561257387201e-11,-0.09536722584275026,0.04768361292137513,-63.5781505618335,-2.842170943040401e-14,1.4210854715202004e-14,-1.8947806286936004e-11,0.13605566000802582,0.38448292910308707,90.70377333868389,0.38448292910308707,False,0.01594903964727726,0.0001470908724126444,0.018701057353090956,False
main_lens_x_mm,production_searchsorted,lens_x_mm,x,0.1355,0.1355,0.02550000000000001,0.0015,0.0055,0.005505376344086021,0.058651026392960576,513,465,561,97,18db2d7a95d947bb,0.07275268817204336,512.7404333333446,False,1.5683813988707257e-06,51847.31897093308,7.544050905189696,509.212368500663,496.48509577339024,496.49975876579896,504.3139154721346,511.58664274486193,511.5865581328064,122.10298513395756,122.10298513395756,121.98374393753767,120.89739679757508,120.89739679757508,120.77933293351495,7.544050905189696,7.544050905189696,7.544050905189696,-0.1133627469498606,0.1133627469498606,-75.57516463324039,0.0,0.0,0.0,-0.1210108281405553,0.06050541407027765,-80.67388542703686,0.0,0.0,0.0,0.13101421685203007,0.3534697651183737,87.34281123468672,0.3534697651183737,False,0.01798153870963182,0.00013462972922684383,0.018250681035480325,False
main_lens_x_mm,bilinear_intensity,lens_x_mm,x,0.1355,0.1355,0.02550000000000001,0.0015,0.0055,0.005505376344086021,0.058651026392960576,513,465,561,97,c2e5f3d8fc667a4c,0.07275268817204336,512.7404333333446,False,1.5669927967996524e-06,51801.41477023644,7.341069173476906,514.1217743651808,501.3945016379081,501.4043702886523,509.52144935741416,516.7941766301415,516.789006535776,122.16145646584677,122.16145646584677,122.04215816851683,120.92547706671196,120.92547706671196,120.80738578051397,7.341069173476906,7.341069173476906,7.341069173476906,-0.10563313857073808,0.10563313857073808,-70.42209238049206,0.0,0.0,0.0,-0.11345941844832907,0.05672970922416454,-75.63961229888605,2.842170943040401e-14,1.4210854715202004e-14,1.8947806286936004e-11,0.12768187092166272,0.3540136292874034,85.12124728110848,0.3540136292874034,False,0.01504560319960262,0.00013369449679892368,0.017036503313988694,False
main_lens_x_mm,production_searchsorted,lens_x_mm,x,0.137,0.137,0.02700000000000001,0.0015,0.0055,0.005505376344086021,0.058651026392960576,513,465,561,97,18db2d7a95d947bb,0.07275268817204336,512.7404333333446,False,1.5684205871538012e-06,51848.61445136533,7.664791868249057,509.0705093391052,496.3432366118324,496.3580381385786,504.3139154721346,511.58664274486193,511.5865581328064,121.96535665192465,121.96535665192465,121.84624985831925,120.89739679757508,120.89739679757508,120.77933293351495,7.664791868249057,7.664791868249057,7.664791868249057,-0.14185916155781797,0.14185916155781797,-94.57277437187865,0.0,0.0,0.0,-0.137628482032909,0.0688142410164545,-91.75232135527267,0.0,0.0,0.0,0.12074096305936077,0.32009583333087205,80.49397537290719,0.32009583333087205,False,0.01681800540159871,0.00012123161642349373,0.016497261272519968,False
main_lens_x_mm,bilinear_intensity,lens_x_mm,x,0.137,0.137,0.02700000000000001,0.0015,0.0055,0.005505376344086021,0.058651026392960576,513,465,561,97,c2e5f3d8fc667a4c,0.07275268817204336,512.7404333333446,False,1.5669918909856673e-06,51801.38482597248,7.458698131474831,513.9883807195635,501.2611079922907,501.2711069102669,509.52144935741416,516.7941766301415,516.789006535776,122.03206210354942,122.03206210354942,121.91289016790142,120.92547706671196,120.92547706671196,120.807385780514,7.458698131474831,7.458698131474831,7.458698131474831,-0.13339364561738876,0.13339364561738876,-88.92909707825918,0.0,0.0,0.0,-0.12939436229734724,0.06469718114867362,-86.2629081982315,0.0,0.0,0.0,0.11762895799792528,0.32046819126269965,78.41930533195018,0.32046819126269965,False,0.014025537509792595,0.00012021932512962205,0.015375436060517791,False
main_lens_x_mm,production_searchsorted,lens_x_mm,x,0.1385,0.1385,0.02850000000000001,0.0015,0.0055,0.005505376344086021,0.058651026392960576,513,465,561,97,18db2d7a95d947bb,0.07275268817204336,512.7404333333446,False,1.56845707583873e-06,51849.82068888364,7.773573773246052,508.9059545016069,496.17868177433417,496.1936439991639,504.3139154721346,511.58664274486193,511.5865581328064,121.81439131526318,121.81439131526318,121.69543194874436,120.89739679757511,120.89739679757511,120.77933293351495,7.773573773246052,7.773573773246052,7.773573773246052,-0.16455483749825817,0.16455483749825817,-109.70322499883878,0.0,0.0,0.0,-0.15096533666147138,0.07548266833073569,-100.64355777431426,2.842170943040401e-14,1.4210854715202004e-14,1.8947806286936004e-11,0.10878190499699514,0.2838482945573974,72.52126999799675,0.2838482945573974,False,0.01555916825358986,0.00010806028024368016,0.014779769266645862,False
main_lens_x_mm,bilinear_intensity,lens_x_mm,x,0.1385,0.1385,0.02850000000000001,0.0015,0.0055,0.005505376344086021,0.058651026392960576,513,465,561,97,c2e5f3d8fc667a4c,0.07275268817204336,512.7404333333446,False,1.5669936556498597e-06,51801.44316197884,7.56465003896625,513.8325657491645,501.1052930218917,501.1154441029249,509.52144935741416,516.7941766301415,516.789006535776,121.88977473438918,121.88977473438918,121.77074175125013,120.92547706671196,120.92547706671196,120.807385780514,7.56465003896625,7.56465003896625,7.56465003896625,-0.1558149703989784,0.1558149703989784,-103.87664693265226,0.0,0.0,0.0,-0.14228736916024332,0.07114368458012166,-94.85824610682887,0.0,0.0,0.0,0.10595190749141903,0.2841029510078023,70.63460499427936,0.2841029510078023,False,0.012908686496592187,0.0001067471714717109,0.013744873451951644,False
main_lens_x_mm,production_searchsorted,lens_x_mm,x,0.14,0.14,0.030000000000000013,0.0015,0.0055,0.005505376344086021,0.058651026392960576,513,465,561,97,18db2d7a95d947bb,0.07275268817204336,512.7404333333446,False,1.5684876781143506e-06,51850.832334358696,7.86881534853832,508.72342797173934,495.9961552444666,496.0112957178606,504.3139154721346,511.58664274486193,511.5865581328064,121.65431958573913,121.65431958573913,121.53551653926868,120.89739679757508,120.89739679757508,120.77933293351494,7.86881534853832,7.86881534853832,7.86881534853832,-0.18252652986757312,0.18252652986757312,-121.68435324504874,0.0,0.0,0.0,-0.16007172952404858,0.08003586476202429,-106.71448634936571,-2.842170943040401e-14,1.4210854715202004e-14,-1.8947806286936004e-11,0.09524157529226773,0.24503935530928192,63.49438352817849,0.24503935530928192,False,0.014115512416940644,9.515126213005632e-05,0.013128429920059389,False
main_lens_x_mm,bilinear_intensity,lens_x_mm,x,0.14,0.14,0.030000000000000013,0.0015,0.0055,0.005505376344086021,0.058651026392960576,513,465,561,97,c2e5f3d8fc667a4c,0.07275268817204336,512.7404333333446,False,1.566996275548148e-06,51801.52977018671,7.657405853825943,513.658608503123,500.93133577585024,500.9416567370066,509.52144935741416,516.7941766301415,516.789006535776,121.73853105719066,121.73853105719066,121.6196457729551,120.92547706671196,120.92547706671196,120.807385780514,7.657405853825943,7.657405853825943,7.657405853825943,-0.173957246041482,0.173957246041482,-115.971497360988,0.0,0.0,0.0,-0.15124367719852216,0.07562183859926108,-100.82911813234811,0.0,0.0,0.0,0.09275581485969298,0.2452349133982371,61.83720990646198,0.2452349133982371,False,0.01171943404757042,9.363323656328704e-05,0.012174324005554604,False
main_lens_x_mm,production_searchsorted,lens_x_mm,x,0.14150000000000001,0.14150000000000001,0.031500000000000014,0.0015,0.0055,0.005505376344086021,0.058651026392960576,513,465,561,97,18db2d7a95d947bb,0.07275268817204336,512.7404333333446,False,1.5685096664364244e-06,51851.55922103883,7.94909366196851,508.52654382275267,495.7992710954799,495.8146038385507,504.3139154721346,511.58664274486193,511.5865581328064,121.49019391297834,121.49019391297834,121.3715511454852,120.89739679757508,120.89739679757508,120.77933293351494,7.94909366196851,7.94909366196851,7.94909366196851,-0.19688414898666906,0.19688414898666906,-131.25609932444604,0.0,0.0,0.0,-0.1641256727607896,0.0820628363803948,-109.41711517385973,0.0,0.0,0.0,0.0802783134301901,0.20404167558742442,53.51887562012673,0.20404167558742442,False,0.01249340041598438,8.281057204008108e-05,0.011580713822160856,False
main_lens_x_mm,bilinear_intensity,lens_x_mm,x,0.14150000000000001,0.14150000000000001,0.031500000000000014,0.0015,0.0055,0.005505376344086021,0.058651026392960576,513,465,561,97,c2e5f3d8fc667a4c,0.07275268817204336,512.7404333333446,False,1.5669980036082362e-06,51801.58689614004,7.735604004174797,513.469711028665,500.7424383013922,500.75294373273846,509.52144935741416,516.7941766301415,516.789006535776,121.58305328815382,121.58305328815382,121.46431983767711,120.92547706671196,120.92547706671196,120.807385780514,7.735604004174797,7.735604004174797,7.735604004174797,-0.18889747445803096,0.18889747445803096,-125.9316496386873,0.0,0.0,0.0,-0.1554777690368354,0.0777388845184177,-103.65184602455695,0.0,0.0,0.0,0.0781981503488538,0.20424188515431216,52.1321002325692,0.20424188515431216,False,0.010484211546857273,8.098677263037988e-05,0.010699156877093574,False
main_lens_x_mm,production_searchsorted,lens_x_mm,x,0.14300000000000002,0.14300000000000002,0.033000000000000015,0.0015,0.0055,0.005505376344086021,0.058651026392960576,513,465,561,97,18db2d7a95d947bb,0.07275268817204336,512.7404333333446,False,1.5685210059602492e-06,51851.93408133055,8.013197014138683,508.3179392380132,495.5906665107405,495.60620296922605,504.3139154721346,511.58664274486193,511.5865581328064,121.32764485613885,121.32764485613885,121.20916082795901,120.89739679757508,120.89739679757508,120.77933293351494,8.013197014138683,8.013197014138683,8.013197014138683,-0.20860458473947574,0.20860458473947574,-139.0697231596505,0.0,0.0,0.0,-0.16254905683949517,0.08127452841974758,-108.36603789299677,0.0,0.0,0.0,0.06410335217017327,0.16128468199303803,42.73556811344884,0.20860458473947574,False,0.010775317415622083,7.104062945830091e-05,0.010187630635485317,False
main_lens_x_mm,bilinear_intensity,lens_x_mm,x,0.14300000000000002,0.14300000000000002,0.033000000000000015,0.0015,0.0055,0.005505376344086021,0.058651026392960576,513,465,561,97,c2e5f3d8fc667a4c,0.07275268817204336,512.7404333333446,False,1.566997345461664e-06,51801.565139228565,7.798091677628842,513.2681448965993,500.5408721693266,500.5515744425987,509.52144935741416,516.7941766301414,516.789006535776,121.42862755459683,121.42862755459683,121.31004491050052,120.92547706671196,120.92547706671196,120.807385780514,7.798091677628842,7.798091677628842,7.798091677628842,-0.20156613206563634,0.20156613206563634,-134.37742137709088,0.0,0.0,0.0,-0.15442573355699096,0.07721286677849548,-102.95048903799398,0.0,0.0,0.0,0.06248767345404538,0.16155861499715252,41.65844896936358,0.20156613206563634,False,0.009274049774249662,6.907287828562497e-05,0.009366438579122041,False
main_lens_x_mm,production_searchsorted,lens_x_mm,x,0.14450000000000002,0.14450000000000002,0.03450000000000002,0.0015,0.0055,0.005505376344086021,0.058651026392960576,513,465,561,97,18db2d7a95d947bb,0.07275268817204336,512.7404333333446,False,1.5685205203329803e-06,51851.91802753654,8.060173323510046,508.09952878602235,495.3722560587496,495.3880058086922,504.3139154721346,511.58664274486193,511.5865581328064,121.17254995194058,121.17254995194058,121.05421738362813,120.89739679757508,120.89739679757508,120.77933293351494,8.060173323510046,8.060173323510046,8.060173323510046,-0.21841045199084874,0.21841045199084874,-145.60696799389916,0.0,0.0,0.0,-0.15509490419826477,0.07754745209913239,-103.39660279884318,0.0,0.0,0.0,0.0469763093713631,0.11724735904652522,31.317539580908733,0.21841045199084874,False,0.009579050656688784,6.0236076138083994e-05,0.009021655226055322,False
main_lens_x_mm,bilinear_intensity,lens_x_mm,x,0.14450000000000002,0.14450000000000002,0.03450000000000002,0.0015,0.0055,0.005505376344086021,0.058651026392960576,513,465,561,97,c2e5f3d8fc667a4c,0.07275268817204336,512.7404333333446,False,1.5669932060282485e-06,51801.4282984545,7.843971511133747,513.055517285283,500.32824455801034,500.3391544754341,509.52144935741416,516.7941766301414,516.789006535776,121.28079734434885,121.28079734434885,121.16235906569227,120.92547706671196,120.92547706671196,120.80738578051397,7.843971511133747,7.843971511133747,7.843971511133747,-0.21262761131629304,0.21262761131629304,-141.7517408775287,0.0,0.0,0.0,-0.1478302102479745,0.07391510512398725,-98.55347349864967,0.0,0.0,0.0,0.04587983350490443,0.11766938733619779,30.58655566993629,0.21262761131629304,False,0.008333065055755791,5.833883439568537e-05,0.008242988127303131,False
main_lens_x_mm,production_searchsorted,lens_x_mm,x,0.14600000000000002,0.14600000000000002,0.03600000000000002,0.0015,0.0055,0.005505376344086021,0.058651026392960576,513,465,561,97,18db2d7a95d947bb,0.07275268817204336,512.7404333333446,False,1.5685079784775197e-06,51851.503420744455,8.08937054133124,507.87283105133207,495.1455583240593,495.1615294585084,504.3139154721346,511.58664274486193,511.5865581328064,121.03065977990026,121.03065977990026,120.9124657762089,120.89739679757507,120.89739679757507,120.77933293351495,8.08937054133124,8.08937054133124,8.08937054133124,-0.22669773469027632,0.22669773469027632,-151.1318231268509,0.0,0.0,0.0,-0.14189017204031984,0.07094508602015992,-94.5934480268799,-1.4210854715202004e-14,7.105427357601002e-15,-9.473903143468002e-12,0.029197217821193888,0.072448114077227,19.464811880795924,0.22669773469027632,False,0.008871567048145651,5.304145147865102e-05,0.008180768367035714,False
main_lens_x_mm,bilinear_intensity,lens_x_mm,x,0.14600000000000002,0.14600000000000002,0.03600000000000002,0.0015,0.0055,0.005505376344086021,0.058651026392960576,513,465,561,97,c2e5f3d8fc667a4c,0.07275268817204336,512.7404333333446,False,1.5669849904724468e-06,51801.156709832954,7.87264031325955,512.8331089010302,500.1058361737575,500.11696328686895,509.52144935741416,516.7941766301415,516.789006535776,121.14501487019834,121.14501487019834,121.02670919161415,120.92547706671196,120.92547706671196,120.807385780514,7.87264031325955,7.87264031325955,7.87264031325955,-0.22240838425284437,0.22240838425284437,-148.2722561685629,0.0,0.0,0.0,-0.13578247415051692,0.06789123707525846,-90.52164943367795,0.0,0.0,0.0,0.028668802125803694,0.07309767019197136,19.112534750535797,0.22240838425284437,False,0.007818508676680432,5.183042791360713e-05,0.007420999481412358,False
main_lens_x_mm,production_searchsorted,lens_x_mm,x,0.14750000000000002,0.14750000000000002,0.03750000000000002,0.0015,0.0055,0.005505376344086021,0.058651026392960576,513,465,561,97,18db2d7a95d947bb,0.07275268817204336,512.7404333333446,False,1.5684841004085075e-06,51850.71406309116,8.100466078322087,507.6393222919907,494.91204956471796,494.92824873506487,504.3139154721346,511.58664274486193,511.5865581328064,120.90723310209151,120.90723310209151,120.78915963226522,120.89739679757508,120.89739679757508,120.77933293351495,8.100466078322087,8.100466078322087,8.100466078322087,-0.23350875934136184,0.23350875934136184,-155.67250622757456,0.0,0.0,0.0,-0.1234266778087516,0.0617133389043758,-82.28445187250107,1.4210854715202004e-14,7.105427357601002e-15,9.473903143468002e-12,0.011095536990847421,0.027432386572370973,7.397024660564947,0.23350875934136184,False,0.008571350771058292,5.1336434493043064e-05,0.007773642732000191,False
main_lens_x_mm,bilinear_intensity,lens_x_mm,x,0.14750000000000002,0.14750000000000002,0.03750000000000002,0.0015,0.0055,0.005505376344086021,0.058651026392960576,513,465,561,97,c2e5f3d8fc667a4c,0.07275268817204336,512.7404333333446,False,1.5669726573411072e-06,51800.749003011806,7.883816900592959,512.6022392369193,499.8749665096466,499.8863190814144,509.52144935741416,516.7941766301414,516.789006535776,121.0263005159178,121.0263005159178,120.90811076932019,120.92547706671196,120.92547706671196,120.80738578051397,7.883816900592959,7.883816900592959,7.883816900592959,-0.2308696641108554,0.2308696641108554,-153.91310940723693,0.0,0.0,0.0,-0.11871435428054156,0.05935717714027078,-79.14290285369437,0.0,0.0,0.0,0.011176587333408428,0.028393491608105555,7.451058222272285,0.2308696641108554,False,0.007830843007005445,4.9846534875942626e-05,0.007006550758224592,False
main_lens_x_mm,production_searchsorted,lens_x_mm,x,0.14900000000000002,0.14900000000000002,0.03900000000000002,0.0015,0.0055,0.005505376344086021,0.058651026392960576,513,465,561,97,18db2d7a95d947bb,0.07275268817204336,512.7404333333446,False,1.5684504881611684e-06,51849.60291441879,8.093482943931917,507.4007796450639,494.67350691779114,494.6899390399417,504.3139154721346,511.58664274486193,511.5865581328064,120.80673070552228,120.80673070552228,120.68875538256766,120.89739679757507,120.89739679757507,120.77933293351494,8.093482943931917,8.093482943931917,8.093482943931917,-0.23854264692681681,0.23854264692681681,-159.02843128454455,0.0,0.0,0.0,-0.100502396569226,0.050251198284613,-67.00159771281733,-1.4210854715202004e-14,7.105427357601002e-15,-9.473903143468002e-12,-0.006983134390170065,0.017241315061753915,-4.6554229267800435,0.23854264692681681,False,0.008942013455550634,5.451058685813131e-05,0.007873095201106715,False
main_lens_x_mm,bilinear_intensity,lens_x_mm,x,0.14900000000000002,0.14900000000000002,0.03900000000000002,0.0015,0.0055,0.005505376344086021,0.058651026392960576,513,465,561,97,c2e5f3d8fc667a4c,0.07275268817204336,512.7404333333446,False,1.5669567250793969e-06,51800.22231667428,7.877556846686604,512.3646218467287,499.63734911945596,499.6489337394564,509.52144935741416,516.7941766301415,516.789006535776,120.92895811467106,120.92895811467106,120.81086342901222,120.92547706671196,120.92547706671196,120.80738578051397,7.877556846686604,7.877556846686604,7.877556846686604,-0.23761739019062134,0.23761739019062134,-158.41159346041422,0.0,0.0,0.0,-0.09734240124673477,0.04867120062336738,-64.89493416448984,0.0,0.0,0.0,-0.00626005390635509,0.015880769392004165,-4.173369270903393,0.23761739019062134,False,0.008469774079479953,5.2463736672397876e-05,0.007075007683431758,False
main_lens_x_mm,production_searchsorted,lens_x_mm,x,0.15050000000000002,0.15050000000000002,0.04050000000000002,0.0015,0.0055,0.005505376344086021,0.058651026392960576,513,465,561,97,18db2d7a95d947bb,0.07275268817204336,512.7404333333446,False,1.5684094937470902e-06,51848.24772717654,8.068791226629878,507.1595850471572,494.4323123198845,494.4489799836345,504.3139154721346,511.58664274486193,511.5865581328064,120.73260597129833,120.73260597129833,120.61470303577946,120.89739679757511,120.89739679757511,120.77933293351495,8.068791226629878,8.068791226629878,8.068791226629878,-0.24119459790671272,0.24119459790671272,-160.79639860447514,0.0,0.0,0.0,-0.07412473422395749,0.037062367111978745,-49.416489482638326,4.263256414560601e-14,2.1316282072803006e-14,2.8421709430404007e-11,-0.024691717302038896,0.0610162953899878,-16.46114486802593,0.24119459790671272,False,0.010064267514515396,5.996419783741355e-05,0.008467683474828555,False
main_lens_x_mm,bilinear_intensity,lens_x_mm,x,0.15050000000000002,0.15050000000000002,0.04050000000000002,0.0015,0.0055,0.005505376344086021,0.058651026392960576,513,465,561,97,c2e5f3d8fc667a4c,0.07275268817204336,512.7404333333446,False,1.5669382344455012e-06,51799.61105604963,7.854252859808484,512.1226801257599,499.3954073984872,499.40722828969956,509.52144935741416,516.7941766301414,516.789006535776,120.85638208190205,120.85638208190205,120.73835827127517,120.92547706671196,120.92547706671196,120.807385780514,7.854252859808484,7.854252859808484,7.854252859808484,-0.24194172096883904,0.24194172096883904,-161.2944806458927,0.0,0.0,0.0,-0.07257603276900682,0.03628801638450341,-48.38402184600454,0.0,0.0,0.0,-0.023303986878119964,0.05916551878117364,-15.535991252079976,0.24194172096883904,False,0.009603759360923171,5.806075780736094e-05,0.007619515143248581,False
main_lens_x_mm,production_searchsorted,lens_x_mm,x,0.15200000000000002,0.15200000000000002,0.04200000000000002,0.0015,0.0055,0.005505376344086021,0.058651026392960576,513,465,561,97,18db2d7a95d947bb,0.07275268817204336,512.7404333333446,False,1.5683640395374303e-06,51846.745108675386,8.027094591428314,506.9189677787231,494.1916950514504,494.2085976930016,504.3139154721346,511.5866427448619,511.5865581328064,120.6872115584993,120.6872115584993,120.5693529534617,120.89739679757511,120.89739679757511,120.77933293351495,8.027094591428314,8.027094591428314,8.027094591428314,-0.24061726843410725,0.24061726843410725,-160.41151228940484,0.0,0.0,0.0,-0.045394412799026895,0.022697206399513448,-30.26294186601793,0.0,0.0,0.0,-0.04169663520156419,0.10335286669445722,-27.797756801042794,0.24061726843410725,False,0.01139873566996024,6.83318391986155e-05,0.009469369441817883,False
main_lens_x_mm,bilinear_intensity,lens_x_mm,x,0.15200000000000002,0.15200000000000002,0.04200000000000002,0.0015,0.0055,0.005505376344086021,0.058651026392960576,513,465,561,97,c2e5f3d8fc667a4c,0.07275268817204336,512.7404333333446,False,1.5669186694336904e-06,51798.964278799685,7.814620536657285,511.8798000494891,499.1525273222164,499.1645854010032,509.5214493574141,516.7941766301414,516.789006535776,120.8109738279816,120.8109738279816,120.69299436135272,120.92547706671193,120.92547706671193,120.807385780514,7.814620536657285,7.814620536657285,7.814620536657285,-0.24288007627075103,0.24288007627075103,-161.92005084716735,-5.684341886080802e-14,5.684341886080802e-14,-3.789561257387201e-11,-0.04540825392045633,0.022704126960228166,-30.27216928030422,-2.842170943040401e-14,1.4210854715202004e-14,-1.8947806286936004e-11,-0.039632323151198356,0.10091939706704259,-26.42154876746557,0.24288007627075103,False,0.010870314782308176,6.694482111011339e-05,0.008555287256824006,False
main_lens_x_mm,production_searchsorted,lens_x_mm,x,0.15350000000000003,0.15350000000000003,0.043500000000000025,0.0015,0.0055,0.005505376344086021,0.058651026392960576,513,465,561,97,18db2d7a95d947bb,0.07275268817204336,512.7404333333446,False,1.5683174080277498e-06,51845.203571165286,7.969402538242863,506.68316716804975,493.955894440777,493.97302735636214,504.3139154721346,511.5866427448619,511.5865581328064,120.67181982075284,120.67181982075284,120.55397624670913,120.89739679757507,120.89739679757507,120.77933293351494,7.969402538242863,7.969402538242863,7.969402538242863,-0.2358006106733228,0.2358006106733228,-157.20040711554853,0.0,0.0,0.0,-0.015391737746455192,0.007695868873227596,-10.261158497636794,-4.263256414560601e-14,2.1316282072803006e-14,-2.8421709430404007e-11,-0.05769205318545101,0.1437432997165802,-38.461368790300675,0.2358006106733228,False,0.012659199672525087,7.889630456033256e-05,0.01076563338598009,False
main_lens_x_mm,bilinear_intensity,lens_x_mm,x,0.15350000000000003,0.15350000000000003,0.043500000000000025,0.0015,0.0055,0.005505376344086021,0.058651026392960576,513,465,561,97,c2e5f3d8fc667a4c,0.07275268817204336,512.7404333333446,False,1.566899839420317e-06,51798.341799018744,7.759670284235569,511.6404993945131,498.91322666724034,498.925518438073,509.52144935741416,516.7941766301414,516.789006535776,120.79416341282182,120.79416341282182,120.67620036261397,120.92547706671196,120.92547706671196,120.807385780514,7.759670284235569,7.759670284235569,7.759670284235569,-0.23930065497603437,0.23930065497603437,-159.5337699840229,5.684341886080802e-14,5.684341886080802e-14,3.789561257387201e-11,-0.016810415159781655,0.008405207579890828,-11.206943439854436,2.842170943040401e-14,1.4210854715202004e-14,1.8947806286936004e-11,-0.05495025242171625,0.14063447396825562,-36.6335016144775,0.23930065497603437,False,0.01210204526015223,7.732532037518563e-05,0.00977227444644558,False
main_lens_x_mm,production_searchsorted,lens_x_mm,x,0.15500000000000003,0.15500000000000003,0.045000000000000026,0.0015,0.0055,0.005505376344086021,0.058651026392960576,513,465,561,97,18db2d7a95d947bb,0.07275268817204336,512.7404333333446,False,1.5682730182258463e-06,51843.7361396974,7.896990151614608,506.4574979915574,493.7302252642847,493.74757855992493,504.3139154721346,511.58664274486193,511.5865581328064,120.68673428415806,120.68673428415806,120.56887614520866,120.89739679757507,120.89739679757507,120.77933293351494,7.896990151614608,7.896990151614608,7.896990151614608,-0.2256691764923744,0.2256691764923744,-150.44611766158292,0.0,0.0,0.0,0.01491446340521918,0.00745723170260959,9.942975603479454,0.0,0.0,0.0,-0.07241238662825555,0.18172601090425386,-48.27492441883704,0.2256691764923744,False,0.013784120021383841,9.168568017666956e-05,0.012257707162652454,False
main_lens_x_mm,bilinear_intensity,lens_x_mm,x,0.15500000000000003,0.15500000000000003,0.045000000000000026,0.0015,0.0055,0.005505376344086021,0.058651026392960576,513,465,561,97,c2e5f3d8fc667a4c,0.07275268817204336,512.7404333333446,False,1.5668837265342921e-06,51797.80914162949,7.690667162913731,511.410493768297,498.68322104102424,498.69573742672634,509.52144935741416,516.7941766301414,516.789006535776,120.80651273226424,120.80651273226424,120.68853762217412,120.92547706671196,120.92547706671196,120.807385780514,7.690667162913731,7.690667162913731,7.690667162913731,-0.23000562621609788,0.23000562621609788,-153.33708414406524,0.0,0.0,0.0,0.012349319442421347,0.0061746597212106735,8.232879628280898,0.0,0.0,0.0,-0.06900312132183828,0.17785065291246716,-46.00208088122552,0.23000562621609788,False,0.013238423412832899,8.873660445095732e-05,0.01117410951455056,False
main_lens_x_mm,production_searchsorted,lens_x_mm,x,0.15650000000000003,0.15650000000000003,0.04650000000000003,0.0015,0.0055,0.005505376344086021,0.058651026392960576,513,465,561,97,18db2d7a95d947bb,0.07275268817204336,512.7404333333446,False,1.568234205506313e-06,51842.45307458886,7.811347890701351,506.2483013649476,493.5210286376749,493.5385862268958,504.3139154721346,511.5866427448619,511.5865581328064,120.73145496949091,120.73145496949091,120.61355315799726,120.89739679757508,120.89739679757508,120.77933293351495,7.811347890701351,7.811347890701351,7.811347890701351,-0.2091966266097529,0.2091966266097529,-139.46441773983528,0.0,0.0,0.0,0.04472068533284812,0.02236034266642406,29.813790221898746,1.4210854715202004e-14,7.105427357601002e-15,9.473903143468002e-12,-0.08564226091325633,0.2168984873198709,-57.09484060883755,0.2168984873198709,False,0.01482443892807485,0.00010436296123374125,0.013869698769206174,False
main_lens_x_mm,bilinear_intensity,lens_x_mm,x,0.15650000000000003,0.15650000000000003,0.04650000000000003,0.0015,0.0055,0.005505376344086021,0.058651026392960576,513,465,561,97,c2e5f3d8fc667a4c,0.07275268817204336,512.7404333333446,False,1.5668723053315412e-06,51797.43158120797,7.60908119441342,511.1966402408648,498.4693675135921,498.4820927406295,509.52144935741416,516.7941766301415,516.789006535776,120.8478628740033,120.8478628740033,120.7298473829154,120.92547706671193,120.92547706671193,120.807385780514,7.60908119441342,7.60908119441342,7.60908119441342,-0.21385352743220665,0.21385352743220665,-142.56901828813776,0.0,0.0,0.0,0.041350141739059154,0.020675070869529577,27.56676115937277,-2.842170943040401e-14,1.4210854715202004e-14,-1.8947806286936004e-11,-0.08158596850031063,0.2121687670836622,-54.39064566687376,0.21385352743220665,False,0.014277885021670076,0.00010032576145867553,0.012686697405719191,False
main_lens_x_mm,production_searchsorted,lens_x_mm,x,0.15800000000000003,0.15800000000000003,0.04800000000000003,0.0015,0.0055,0.005505376344086021,0.058651026392960576,513,465,561,97,18db2d7a95d947bb,0.07275268817204336,512.7404333333446,False,1.5682040209508646e-06,51841.45523804511,7.71412455193636,506.0627660012197,493.335493273947,493.3532320500466,504.3139154721346,511.58664274486193,511.5865581328064,120.80485447825914,120.80485447825914,120.6868809875577,120.89739679757508,120.89739679757508,120.77933293351494,7.71412455193636,7.71412455193636,7.71412455193636,-0.18553536372792223,0.18553536372792223,-123.69024248528149,0.0,0.0,0.0,0.07339950876823309,0.036699754384116545,48.93300584548873,0.0,0.0,0.0,-0.09722333876499167,0.2489284567154577,-64.81555917666111,0.2489284567154577,False,0.015776794925654588,0.00011652525286928343,0.015544313335604507,False
main_lens_x_mm,bilinear_intensity,lens_x_mm,x,0.15800000000000003,0.15800000000000003,0.04800000000000003,0.0015,0.0055,0.005505376344086021,0.058651026392960576,513,465,561,97,c2e5f3d8fc667a4c,0.07275268817204336,512.7404333333446,False,1.5668673464973823e-06,51797.267652806026,7.516531234789064,511.00674204876515,498.2794693214924,498.2923799959831,509.5214493574141,516.7941766301414,516.789006535776,120.9174834901062,120.9174834901062,120.79940001013539,120.92547706671196,120.92547706671196,120.807385780514,7.516531234789064,7.516531234789064,7.516531234789064,-0.18989819209963343,0.18989819209963343,-126.59879473308895,-5.684341886080802e-14,5.684341886080802e-14,-3.789561257387201e-11,0.0696206161029096,0.0348103080514548,46.4137440686064,2.842170943040401e-14,1.4210854715202004e-14,1.8947806286936004e-11,-0.09254995962435597,0.2432618531980078,-61.69997308290398,0.2432618531980078,False,0.015167588800959338,0.00011166157984872938,0.014253414256032776,False
main_lens_x_mm,production_searchsorted,lens_x_mm,x,0.15950000000000003,0.15950000000000003,0.04950000000000003,0.0015,0.0055,0.005505376344086021,0.058651026392960576,513,465,561,97,18db2d7a95d947bb,0.07275268817204336,512.7404333333446,False,1.5681850648175963e-06,51840.82858901145,7.607066846893815,505.9086109595562,493.18133823228345,493.1992275504159,504.3139154721346,511.5866427448619,511.5865581328064,120.90532556948426,120.90532556948426,120.7872539624828,120.89739679757508,120.89739679757508,120.77933293351494,7.607066846893815,7.607066846893815,7.607066846893815,-0.15415504166350047,0.15415504166350047,-102.77002777566697,0.0,0.0,0.0,0.10047109122511699,0.050235545612558496,66.98072748341133,0.0,0.0,0.0,-0.10705770504254453,0.27756281175333486,-71.37180336169635,0.27756281175333486,False,0.01677381244178175,0.0001280998279756012,0.01723691747446635,False
main_lens_x_mm,bilinear_intensity,lens_x_mm,x,0.15950000000000003,0.15950000000000003,0.04950000000000003,0.0015,0.0055,0.005505376344086021,0.058651026392960576,513,465,561,97,c2e5f3d8fc667a4c,0.07275268817204336,512.7404333333446,False,1.5668702214685954e-06,51797.36269317671,7.41472579804596,510.8492049930879,498.1219322658152,498.1349967850868,509.5214493574141,516.7941766301414,516.789006535776,121.01418695607433,121.01418695607433,120.896009039125,120.92547706671196,120.92547706671196,120.80738578051397,7.41472579804596,7.41472579804596,7.41472579804596,-0.15753705567726684,0.15753705567726684,-105.02470378484456,0.0,0.0,0.0,0.09670346596811896,0.04835173298405948,64.4689773120793,0.0,0.0,0.0,-0.1018054367431045,0.270884091512623,-67.87029116206966,0.270884091512623,False,0.015912804396164208,0.00012249208962975054,0.015829129381882252,False
main_lens_x_mm,production_searchsorted,lens_x_mm,x,0.16100000000000003,0.16100000000000003,0.05100000000000003,0.0015,0.0055,0.005505376344086021,0.058651026392960576,513,465,561,97,18db2d7a95d947bb,0.07275268817204336,512.7404333333446,False,1.568179366484583e-06,51840.64021436639,7.491959066220419,505.7936326996902,493.0663599724175,493.08436157400683,504.3139154721346,511.58664274486193,511.5865581328064,121.03087331036397,121.03087331036397,120.9126790981468,120.89739679757507,120.89739679757507,120.77933293351494,7.491959066220419,7.491959066220419,7.491959066220419,-0.11497825986600674,0.11497825986600674,-76.65217324400449,0.0,0.0,0.0,0.12554774087971055,0.06277387043985527,83.69849391980704,-1.4210854715202004e-14,7.105427357601002e-15,-9.473903143468002e-12,-0.11510778067339622,0.3026338087732147,-76.73852044893081,0.3026338087732147,False,0.017967860093926594,0.000139020273881563,0.018911402803313097,False
main_lens_x_mm,bilinear_intensity,lens_x_mm,x,0.16100000000000003,0.16100000000000003,0.05100000000000003,0.0015,0.0055,0.005505376344086021,0.058651026392960576,513,465,561,97,c2e5f3d8fc667a4c,0.07275268817204336,512.7404333333446,False,1.5668817289997098e-06,51797.743107428425,7.305404224062623,510.732548937235,498.00527620996223,498.0184546511634,509.5214493574141,516.7941766301414,516.789006535776,121.13638345156514,121.13638345156514,121.0180862021007,120.92547706671193,120.92547706671193,120.80738578051397,7.305404224062623,7.305404224062623,7.305404224062623,-0.11665605585289995,0.11665605585289995,-77.7707039019333,0.0,0.0,0.0,0.12219649549081169,0.06109824774540584,81.46433032720779,-2.842170943040401e-14,1.4210854715202004e-14,-1.8947806286936004e-11,-0.10932157398333686,0.29487691645224945,-72.88104932222457,0.29487691645224945,False,0.016628956953013016,0.00013296268761597694,0.017376368339626098,False
main_lens_x_mm,production_searchsorted,lens_x_mm,x,0.16250000000000003,0.16250000000000003,0.05250000000000003,0.0015,0.0055,0.005505376344086021,0.058651026392960576,513,465,561,97,18db2d7a95d947bb,0.07275268817204336,512.7404333333446,False,1.5681883196374352e-06,51840.9361863615,7.370566066588274,505.72513604583565,492.99786331856296,493.01593181141584,504.3139154721346,511.58664274486193,511.5865581328064,121.17914284189573,121.17914284189573,121.06080383521417,120.89739679757508,120.89739679757508,120.77933293351495,7.370566066588274,7.370566066588274,7.370566066588274,-0.06849665385453818,0.06849665385453818,-45.664435903025456,0.0,0.0,0.0,0.14826953153175282,0.07413476576587641,98.84635435450188,1.4210854715202004e-14,7.105427357601002e-15,9.473903143468002e-12,-0.12139299963214523,0.32406210060457835,-80.92866642143015,0.32406210060457835,False,0.01902945461453811,0.00014999599547264197,0.02053788484614555,False
main_lens_x_mm,bilinear_intensity,lens_x_mm,x,0.16250000000000003,0.16250000000000003,0.05250000000000003,0.0015,0.0055,0.005505376344086021,0.058651026392960576,513,465,561,97,c2e5f3d8fc667a4c,0.07275268817204336,512.7404333333446,False,1.5669019662119686e-06,51798.41210618078,7.1902813359126965,510.6647957461514,497.9375230188787,497.9507676253055,509.52144935741416,516.7941766301414,516.789006535776,121.2820718090017,121.2820718090017,121.16363228575072,120.92547706671193,120.92547706671193,120.80738578051397,7.1902813359126965,7.1902813359126965,7.1902813359126965,-0.06775319108356825,0.06775319108356825,-45.16879405571217,5.684341886080802e-14,5.684341886080802e-14,3.789561257387201e-11,0.14568835743656905,0.07284417871828452,97.12557162437936,0.0,0.0,0.0,-0.11512288814992644,0.3151718498224461,-76.74859209995095,0.3151718498224461,False,0.01728124363047823,0.0001431683860393854,0.018863491072837,False
main_lens_x_mm,production_searchsorted,lens_x_mm,x,0.16400000000000003,0.16400000000000003,0.054000000000000034,0.0015,0.0055,0.005505376344086021,0.058651026392960576,513,465,561,97,18db2d7a95d947bb,0.07275268817204336,512.7404333333446,False,1.5682126765459332e-06,51841.74137341928,7.244582363983445,505.7092884688296,492.9820157415569,493.0000997105592,504.3139154721346,511.5866427448619,511.5865581328064,121.34739320733053,121.34739320733053,121.22888989365147,120.89739679757508,120.89739679757508,120.77933293351494,7.244582363983445,7.244582363983445,7.244582363983445,-0.015847577006070424,0.015847577006070424,-10.565051337380282,0.0,0.0,0.0,0.1682503654348011,0.08412518271740055,112.1669102898674,0.0,0.0,0.0,-0.12598370260482916,0.3418562467703248,-83.9891350698861,0.3418562467703248,False,0.019920556125400717,0.00016030470593538968,0.022091561748188295,False
main_lens_x_mm,bilinear_intensity,lens_x_mm,x,0.16400000000000003,0.16400000000000003,0.054000000000000034,0.0015,0.0055,0.005505376344086021,0.058651026392960576,513,465,561,97,c2e5f3d8fc667a4c,0.07275268817204336,512.7404333333446,False,1.5669302644635342e-06,51799.34758557138,7.07099826986578,510.6527758734299,497.92550314615715,497.93875949074095,509.52144935741416,516.7941766301415,516.789006535776,121.44878073832425,121.44878073832425,121.33017841338447,120.92547706671196,120.92547706671196,120.80738578051397,7.07099826986578,7.07099826986578,7.07099826986578,-0.012019872721509728,0.012019872721509728,-8.013248481006485,0.0,0.0,0.0,0.16670892932253878,0.08335446466126939,111.13928621502585,2.842170943040401e-14,1.4210854715202004e-14,1.8947806286936004e-11,-0.11928306604691663,0.3317897046702289,-79.52204403127776,0.3317897046702289,False,0.01781275876603869,0.00015267985477284378,0.020264113675076356,False
main_lens_x_mm,production_searchsorted,lens_x_mm,x,0.16549999999999998,0.16549999999999998,0.05549999999999998,0.0015,0.0055,0.005505376344086021,0.058651026392960576,513,465,561,97,18db2d7a95d947bb,0.07275268817204336,512.7404333333446,False,1.568252599377098e-06,51843.061136432996,7.115589501340513,505.7504564302928,493.02318370302004,493.041227468935,504.3139154721346,511.5866427448619,511.5865581328064,121.53244402075681,121.53244402075681,121.41375999339277,120.89739679757508,120.89739679757508,120.77933293351498,7.115589501340513,7.115589501340513,7.115589501340513,0.04116796146320212,0.04116796146320212,27.445307642134747,0.0,0.0,0.0,0.1850508134262867,0.09252540671314335,123.3672089508578,0.0,0.0,0.0,-0.12899286264293153,0.3561084853813563,-85.99524176195435,0.3561084853813563,False,0.020889238525726935,0.00017007444558776616,0.02355213645086695,False
main_lens_x_mm,bilinear_intensity,lens_x_mm,x,0.16549999999999998,0.16549999999999998,0.05549999999999998,0.0015,0.0055,0.005505376344086021,0.058651026392960576,513,465,561,97,c2e5f3d8fc667a4c,0.07275268817204336,512.7404333333446,False,1.5669652042294453e-06,51800.50261915522,6.949081544742,510.70141598102174,497.974143253749,497.9873520982277,509.5214493574141,516.7941766301414,516.789006535776,121.63349119824758,121.63349119824758,121.5147084919993,120.92547706671196,120.92547706671196,120.807385780514,6.949081544742,6.949081544742,6.949081544742,0.04864010759183657,0.04864010759183657,32.42673839455771,-5.684341886080802e-14,5.684341886080802e-14,-3.789561257387201e-11,0.18471045992333757,0.09235522996166878,123.14030661555837,0.0,0.0,0.0,-0.12191672512378027,0.3448359636668231,-81.27781674918684,0.3448359636668231,False,0.018305267558419692,0.00016158915657119794,0.021557104796453935,False
main_lens_x_mm,production_searchsorted,lens_x_mm,x,0.16699999999999998,0.16699999999999998,0.05699999999999998,0.0015,0.0055,0.005505376344086021,0.058651026392960576,513,465,561,97,18db2d7a95d947bb,0.07275268817204336,512.7404333333446,False,1.56830776042086e-06,51844.8846420119,6.985023147139031,505.85059722631013,493.12332449903744,493.14127047120627,504.3139154721346,511.58664274486193,511.5865581328064,121.7306310396429,121.7306310396429,121.61175347026825,120.89739679757508,120.89739679757508,120.77933293351495,6.985023147139031,6.985023147139031,6.985023147139031,0.10014079601734238,0.10014079601734238,66.76053067822825,0.0,0.0,0.0,0.19818701888608814,0.09909350944304407,132.1246792573921,0.0,0.0,0.0,-0.13056635420148233,0.36698675261377794,-87.04423613432155,0.36698675261377794,False,0.02180685885632039,0.0001795303320486464,0.02490341745234593,False
main_lens_x_mm,bilinear_intensity,lens_x_mm,x,0.16699999999999998,0.16699999999999998,0.05699999999999998,0.0015,0.0055,0.005505376344086021,0.058651026392960576,513,465,561,97,c2e5f3d8fc667a4c,0.07275268817204336,512.7404333333446,False,1.5670047138109538e-06,51801.80872102327,6.825911731377793,510.8130851852174,498.08581245794466,498.0989122504661,509.52144935741416,516.7941766301415,516.789006535776,121.83257920089066,121.83257920089066,121.71360207276479,120.92547706671196,120.92547706671196,120.80738578051397,6.825911731377793,6.825911731377793,6.825911731377793,0.11166920419566395,0.11166920419566395,74.44613613044264,5.684341886080802e-14,5.684341886080802e-14,3.789561257387201e-11,0.19908800264308013,0.09954400132154007,132.72533509538675,0.0,0.0,0.0,-0.12316981336420696,0.3544923528992202,-82.11320890947131,0.3544923528992202,False,0.018736747875739874,0.0001699406596270285,0.0227266931323588,False
main_lens_x_mm,production_searchsorted,lens_x_mm,x,0.16849999999999998,0.16849999999999998,0.05849999999999998,0.0015,0.0055,0.005505376344086021,0.058651026392960576,513,465,561,97,18db2d7a95d947bb,0.07275268817204336,512.7404333333446,False,1.568377477881544e-06,51847.18935145601,6.8541506395150815,506.00878587929583,493.2815131520231,493.29930464308546,504.3139154721346,511.5866427448619,511.5865581328064,121.93780645884947,121.93780645884947,121.81872656972948,120.89739679757508,120.89739679757508,120.77933293351495,6.8541506395150815,6.8541506395150815,6.8541506395150815,0.15818865298570017,0.15818865298570017,105.45910199046678,0.0,0.0,0.0,0.20717541920656402,0.10358770960328201,138.11694613770933,0.0,0.0,0.0,-0.1308725076239492,0.3747231895074042,-87.24833841596613,0.3747231895074042,False,0.02260243246720897,0.00018957760765162112,0.026132901042352184,False
main_lens_x_mm,bilinear_intensity,lens_x_mm,x,0.16849999999999998,0.16849999999999998,0.05849999999999998,0.0015,0.0055,0.005505376344086021,0.058651026392960576,513,465,561,97,c2e5f3d8fc667a4c,0.07275268817204336,512.7404333333446,False,1.5670462456302022e-06,51803.181673725696,6.702702352613006,510.98708374052933,498.25981101325664,498.2727408853139,509.52144935741416,516.7941766301415,516.789006535776,122.04181672442348,122.04181672442348,121.92263526277854,120.92547706671196,120.92547706671196,120.807385780514,6.702702352613006,6.702702352613006,6.702702352613006,0.17399855531192543,0.17399855531192543,115.99903687461695,0.0,0.0,0.0,0.20923752353282055,0.10461876176641027,139.4916823552137,0.0,0.0,0.0,-0.12320937876478677,0.36100489901857336,-82.13958584319118,0.36100489901857336,False,0.019061390137661054,0.00017765005862971622,0.023762401946782925,False
main_lens_x_mm,production_searchsorted,lens_x_mm,x,0.16999999999999998,0.16999999999999998,0.059999999999999984,0.0015,0.0055,0.005505376344086021,0.058651026392960576,513,465,561,97,18db2d7a95d947bb,0.07275268817204336,512.7404333333446,False,1.5684608704514917e-06,51849.946130627824,6.724058976725613,506.2209513635364,493.49367863626367,493.5112629344704,504.3139154721346,511.5866427448619,511.5865581328064,122.14940967020966,122.14940967020966,122.03012313732857,120.89739679757508,120.89739679757508,120.77933293351494,6.724058976725613,6.724058976725613,6.724058976725613,0.212165484240586,0.212165484240586,141.44365616039067,0.0,0.0,0.0,0.21160321136019888,0.10580160568009944,141.06880757346593,0.0,0.0,0.0,-0.13009166278946882,0.37959966050198324,-86.72777519297921,0.37959966050198324,False,0.02321475030856735,0.00019826112034857004,0.027231275145094054,False
main_lens_x_mm,bilinear_intensity,lens_x_mm,x,0.16999999999999998,0.16999999999999998,0.059999999999999984,0.0015,0.0055,0.005505376344086021,0.058651026392960576,513,465,561,97,c2e5f3d8fc667a4c,0.07275268817204336,512.7404333333446,False,1.56708701303454e-06,51804.529356513725,6.580488947522233,511.2193523687656,498.49207964149286,498.5047826887179,509.52144935741416,516.7941766301414,516.789006535776,122.2564565081778,122.2564565081778,122.13706543736906,120.92547706671193,120.92547706671193,120.80738578051397,6.580488947522233,6.580488947522233,6.580488947522233,0.2322686282362838,0.2322686282362838,154.84575215752253,0.0,0.0,0.0,0.2146397837543219,0.10731989187716096,143.09318916954794,-2.842170943040401e-14,1.4210854715202004e-14,-1.8947806286936004e-11,-0.12221340509077283,0.36466905036631597,-81.47560339384856,0.36466905036631597,False,0.01928820580061796,0.0001843675143033587,0.024658671484673347,False
main_lens_x_mm,production_searchsorted,lens_x_mm,x,0.17149999999999999,0.17149999999999999,0.061499999999999985,0.0015,0.0055,0.005505376344086021,0.058651026392960576,513,465,561,97,18db2d7a95d947bb,0.07275268817204336,512.7404333333446,False,1.5685570127960534e-06,51853.12438995218,6.595652617735449,506.4798788908291,493.75260616355644,493.7699376028497,504.3139154721346,511.58664274486193,511.5865581328064,122.36061652908272,122.36061652908272,122.24112373950352,120.89739679757511,120.89739679757511,120.77933293351498,6.595652617735449,6.595652617735449,6.595652617735449,0.2589275272927125,0.2589275272927125,172.61835152847502,0.0,0.0,0.0,0.21120685887305513,0.10560342943652756,140.80457258203674,2.842170943040401e-14,1.4210854715202004e-14,1.8947806286936004e-11,-0.12840635899016384,0.38193109083255944,-85.6042393267759,0.38193109083255944,False,0.023581319879071472,0.0002062470923191374,0.028191868200795035,False
main_lens_x_mm,bilinear_intensity,lens_x_mm,x,0.17149999999999999,0.17149999999999999,0.061499999999999985,0.0015,0.0055,0.005505376344086021,0.058651026392960576,513,465,561,97,c2e5f3d8fc667a4c,0.07275268817204336,512.7404333333446,False,1.5671242617962834e-06,51805.760720538296,6.460127617647451,511.5024621009586,498.7751893736859,498.7876159465631,509.52144935741416,516.7941766301414,516.789006535776,122.47140679072163,122.47140679072163,122.35180580752758,120.92547706671196,120.92547706671196,120.807385780514,6.460127617647451,6.460127617647451,6.460127617647451,0.2831097321929974,0.2831097321929974,188.73982146199828,0.0,0.0,0.0,0.21495028254382476,0.10747514127191238,143.30018836254985,2.842170943040401e-14,1.4210854715202004e-14,1.8947806286936004e-11,-0.12036132987478165,0.36581272557292743,-80.24088658318777,0.36581272557292743,False,0.01941565207180499,0.00019003273676752045,0.025414144881246138,False
main_lens_x_mm,production_searchsorted,lens_x_mm,x,0.173,0.173,0.06299999999999999,0.0015,0.0055,0.005505376344086021,0.058651026392960576,513,465,561,97,18db2d7a95d947bb,0.07275268817204336,512.7404333333446,False,1.5686650753703969e-06,51856.6967064594,6.4696599316274455,506.77550644924975,494.04823372197706,494.06527646248287,504.3139154721346,511.58664274486193,511.5865581328064,122.5665541969406,122.5665541969406,122.44686029635764,120.89739679757508,120.89739679757508,120.77933293351495,6.4696599316274455,6.4696599316274455,6.4696599316274455,0.2956275584206196,0.2956275584206196,197.08503894707974,0.0,0.0,0.0,0.20593766785788148,0.10296883392894074,137.291778571921,-2.842170943040401e-14,1.4210854715202004e-14,-1.8947806286936004e-11,-0.1259926861080034,0.38204767112571714,-83.99512407200227,0.38204767112571714,False,0.023767373262331238,0.00021287359474436466,0.029010098047746385,False
main_lens_x_mm,bilinear_intensity,lens_x_mm,x,0.173,0.173,0.06299999999999999,0.0015,0.0055,0.005505376344086021,0.058651026392960576,513,465,561,97,c2e5f3d8fc667a4c,0.07275268817204336,512.7404333333446,False,1.5671555452437572e-06,51806.79488409115,6.342301871624333,511.825914804383,499.09864207711024,499.11075277820675,509.52144935741416,516.7941766301415,516.789006535776,122.68147926519325,122.68147926519325,122.56167313309832,120.92547706671196,120.92547706671196,120.807385780514,6.342301871624333,6.342301871624333,6.342301871624333,0.3234527034243797,0.3234527034243797,215.63513561625314,0.0,0.0,0.0,0.21007247447161603,0.10503623723580802,140.0483163144107,0.0,0.0,0.0,-0.11782574602311868,0.3647783851862252,-78.5504973487458,0.3647783851862252,False,0.01945188986904455,0.00019480159982509832,0.026030677317572914,False
main_lens_x_mm,production_searchsorted,lens_x_mm,x,0.1745,0.1745,0.06449999999999999,0.0015,0.0055,0.005505376344086021,0.058651026392960576,513,465,561,97,18db2d7a95d947bb,0.07275268817204336,512.7404333333446,False,1.5687844351765952e-06,51860.6424851767,6.346646743526084,507.09550778851803,494.36823506124534,494.3849653004433,504.3139154721346,511.58664274486193,511.5865581328064,122.76254990271202,122.76254990271202,122.64266460007266,120.89739679757508,120.89739679757508,120.77933293351495,6.346646743526084,6.346646743526084,6.346646743526084,0.32000133926828767,0.32000133926828767,213.33422617885844,0.0,0.0,0.0,0.19599570577142345,0.09799785288571172,130.66380384761564,0.0,0.0,0.0,-0.12301318810136141,0.3802771379064352,-82.00879206757428,0.3802771379064352,False,0.023890380413012557,0.00021860365290981567,0.02968296543265623,False
main_lens_x_mm,bilinear_intensity,lens_x_mm,x,0.1745,0.1745,0.06449999999999999,0.0015,0.0055,0.005505376344086021,0.058651026392960576,513,465,561,97,c2e5f3d8fc667a4c,0.07275268817204336,512.7404333333446,False,1.5671789709013478e-06,51807.56928599497,6.227536218280633,512.1767471252311,499.44947439795845,499.4612424893666,509.52144935741416,516.7941766301414,516.789006535776,122.88167358462628,122.88167358462628,122.76167195026628,120.92547706671196,120.92547706671196,120.80738578051401,6.227536218280633,6.227536218280633,6.227536218280633,0.35083232084815563,0.35083232084815563,233.8882138987704,0.0,0.0,0.0,0.200194319433038,0.100097159716519,133.46287962202533,0.0,0.0,0.0,-0.11476565334369937,0.36190536390948114,-76.51043556246624,0.36190536390948114,False,0.019438025101198752,0.00019892444978196965,0.02651217926910459,False
main_lens_x_mm,production_searchsorted,lens_x_mm,x,0.176,0.176,0.06599999999999999,0.0015,0.0055,0.005505376344086021,0.058651026392960576,513,465,561,97,18db2d7a95d947bb,0.07275268817204336,512.7404333333446,False,1.568914748358163e-06,51864.95035894754,6.22703517758002,507.4261157849741,494.6988430577014,494.7152504375278,504.3139154721346,511.58664274486193,511.5865581328064,122.94437067590204,122.94437067590204,122.82430781391383,120.89739679757507,120.89739679757507,120.77933293351495,6.22703517758002,6.22703517758002,6.22703517758002,0.33060799645608085,0.33060799645608085,220.40533097072057,0.0,0.0,0.0,0.18182077319001166,0.09091038659500583,121.2138487933411,-1.4210854715202004e-14,7.105427357601002e-15,-9.473903143468002e-12,-0.11961156594606415,0.376928386846406,-79.74104396404276,0.376928386846406,False,0.0240715532019629,0.00022295744952762967,0.030208603474507857,False
main_lens_x_mm,bilinear_intensity,lens_x_mm,x,0.176,0.176,0.06599999999999999,0.0015,0.0055,0.005505376344086021,0.058651026392960576,513,465,561,97,c2e5f3d8fc667a4c,0.07275268817204336,512.7404333333446,False,1.5671933896395519e-06,51808.045938497584,6.116214735174274,512.5403907297905,499.81311800251774,499.8245309732183,509.5214493574141,516.7941766301414,516.789006535776,123.06745015198157,123.06745015198157,122.94726709519253,120.92547706671193,120.92547706671193,120.80738578051397,6.116214735174274,6.116214735174274,6.116214735174274,0.36364360455934275,0.36364360455934275,242.4290697062285,-5.684341886080802e-14,5.684341886080802e-14,-3.789561257387201e-11,0.18577656735529047,0.09288828367764523,123.85104490352697,-2.842170943040401e-14,1.4210854715202004e-14,-1.8947806286936004e-11,-0.11132148310635959,0.3575137235800595,-74.21432207090639,0.36364360455934275,False,0.0194471636693439,0.00020258135140164017,0.026863423627097573,False
main_lens_x_mm,production_searchsorted,lens_x_mm,x,0.1775,0.1775,0.06749999999999999,0.0015,0.0055,0.005505376344086021,0.058651026392960576,513,465,561,97,18db2d7a95d947bb,0.07275268817204336,512.7404333333446,False,1.5690559800861421e-06,51869.61917640139,6.176903466791361,507.7531056529807,495.02583292570796,495.0419209794914,504.3139154721346,511.58664274486193,511.5865581328064,123.10841059212737,123.10841059212737,122.9881875349085,120.89739679757508,120.89739679757508,120.77933293351494,6.176903466791361,6.176903466791361,6.176903466791361,0.32698986800659213,0.32698986800659213,217.9932453377281,0.0,0.0,0.0,0.16403991622533454,0.08201995811266727,109.35994415022303,1.4210854715202004e-14,7.105427357601002e-15,9.473903143468002e-12,-0.05013171078865852,0.1610130964705452,-33.42114052577235,0.32698986800659213,False,0.02418832039955272,0.00019713653192651636,0.024759502494756665,False
main_lens_x_mm,bilinear_intensity,lens_x_mm,x,0.1775,0.1775,0.06749999999999999,0.0015,0.0055,0.005505376344086021,0.058651026392960576,513,465,561,97,c2e5f3d8fc667a4c,0.07275268817204336,512.7404333333446,False,1.5671985050542372e-06,51808.215043115284,6.0692933073706135,512.9017056853761,500.1744329581034,500.1854930821677,509.52144935741416,516.7941766301415,516.789006535776,123.234943131673,123.234943131673,123.11459650752096,120.92547706671196,120.92547706671196,120.80738578051397,6.0692933073706135,6.0692933073706135,6.0692933073706135,0.36131495558561255,0.36131495558561255,240.87663705707502,5.684341886080802e-14,5.684341886080802e-14,3.789561257387201e-11,0.1674929796914313,0.08374648984571564,111.6619864609542,2.842170943040401e-14,1.4210854715202004e-14,1.8947806286936004e-11,-0.046921427803660265,0.1534328987300453,-31.280951869106843,0.36131495558561255,False,0.01946379360867434,0.00016579976036494487,0.021218823651041524,False
main_lens_x_mm,production_searchsorted,lens_x_mm,x,0.179,0.179,0.06899999999999999,0.0015,0.0055,0.005505376344086021,0.058651026392960576,513,465,561,97,18db2d7a95d947bb,0.07275268817204336,512.7404333333446,False,1.5692083913944732e-06,51874.657566759444,6.316074543018031,508.0628326389649,495.33555991169214,495.35134549771584,504.3139154721346,511.5866427448619,511.5865581328064,123.2517927745874,123.2517927745874,123.13142969570598,120.89739679757508,120.89739679757508,120.77933293351495,6.316074543018031,6.316074543018031,6.316074543018031,0.30972698598418447,0.30972698598418447,206.48465732278964,0.0,0.0,0.0,0.1433821824600301,0.07169109123001505,95.58812164002006,0.0,0.0,0.0,0.13917107622666958,0.4506176176295759,92.78071748444638,0.4506176176295759,False,0.024125052670364622,0.0002341923327640258,0.03029430489965374,False
main_lens_x_mm,bilinear_intensity,lens_x_mm,x,0.179,0.179,0.06899999999999999,0.0015,0.0055,0.005505376344086021,0.058651026392960576,513,465,561,97,c2e5f3d8fc667a4c,0.07275268817204336,512.7404333333446,False,1.5671948901519892e-06,51808.09554221452,6.197310489414279,513.2460775970039,500.5188048697312,500.52952869310053,509.5214493574141,516.7941766301414,516.789006535776,123.38107793271502,123.38107793271502,123.26058859879635,120.92547706671198,120.92547706671198,120.807385780514,6.197310489414279,6.197310489414279,6.197310489414279,0.34437191162783165,0.34437191162783165,229.58127441855441,-5.684341886080802e-14,5.684341886080802e-14,-3.789561257387201e-11,0.1461348010420096,0.0730674005210048,97.42320069467307,1.4210854715202004e-14,7.105427357601002e-15,9.473903143468002e-12,0.1280171820436653,0.4218520198659699,85.3447880291102,0.4218520198659699,False,0.01943624078226832,0.00021460245092599708,0.02691396567309843,False
main_lens_x_mm,production_searchsorted,lens_x_mm,x,0.1805,0.1805,0.0705,0.0015,0.0055,0.005505376344086021,0.058651026392960576,513,465,561,97,18db2d7a95d947bb,0.07275268817204336,512.7404333333446,False,1.569372486182581e-06,51880.08218785392,6.459689028015057,508.34320817727223,495.61593544999954,495.6314472317866,504.3139154721346,511.5866427448619,511.5865581328064,123.37237265552423,123.37237265552423,123.25189182285281,120.89739679757508,120.89739679757508,120.77933293351495,6.459689028015057,6.459689028015057,6.459689028015057,0.2803755383073394,0.2803755383073394,186.91702553822628,0.0,0.0,0.0,0.12057988093683036,0.06028994046841518,80.38658729122024,0.0,0.0,0.0,0.143614484997026,0.4547586765130299,95.74298999801734,0.4547586765130299,False,0.024108461125625875,0.00022757268354839155,0.029722389571873037,False
main_lens_x_mm,bilinear_intensity,lens_x_mm,x,0.1805,0.1805,0.0705,0.0015,0.0055,0.005505376344086021,0.058651026392960576,513,465,561,97,c2e5f3d8fc667a4c,0.07275268817204336,512.7404333333446,False,1.5671839092762208e-06,51807.73253805689,6.32968101242744,513.5604574140943,500.83318468682165,500.84360149865086,509.52144935741416,516.7941766301415,516.789006535776,123.50357882963375,123.50357882963375,123.38296986593294,120.92547706671196,120.92547706671196,120.807385780514,6.32968101242744,6.32968101242744,6.32968101242744,0.31437981709041196,0.31437981709041196,209.5865447269413,5.684341886080802e-14,5.684341886080802e-14,3.789561257387201e-11,0.12250089691873711,0.061250448459368556,81.66726461249141,-1.4210854715202004e-14,7.105427357601002e-15,-9.473903143468002e-12,0.13237052301316155,0.4271869974540267,88.2470153421077,0.4271869974540267,False,0.019388610272674748,0.00020924449012789685,0.026454590179185864,False
main_lens_x_mm,production_searchsorted,lens_x_mm,x,0.182,0.182,0.072,0.0015,0.0055,0.005505376344086021,0.058651026392960576,513,465,561,97,18db2d7a95d947bb,0.07275268817204336,512.7404333333446,False,1.5695489245203383e-06,51885.914860176475,6.606607049476907,508.58450433147146,495.8572316041987,495.8725077452102,504.3139154721346,511.58664274486193,511.5865581328064,123.46865182467923,123.46865182467923,123.34807696938167,120.89739679757507,120.89739679757507,120.77933293351494,6.606607049476907,6.606607049476907,6.606607049476907,0.24129615419923311,0.24129615419923311,160.86410279948873,0.0,0.0,0.0,0.09627916915499668,0.04813958457749834,64.18611276999779,-1.4210854715202004e-14,7.105427357601002e-15,-9.473903143468002e-12,0.1469180214618504,0.454876452487669,97.9453476412336,0.454876452487669,False,0.024094833917254088,0.0002192608666464311,0.02894922944638308,False
main_lens_x_mm,bilinear_intensity,lens_x_mm,x,0.182,0.182,0.072,0.0015,0.0055,0.005505376344086021,0.058651026392960576,513,465,561,97,c2e5f3d8fc667a4c,0.07275268817204336,512.7404333333446,False,1.5671675543581038e-06,51807.19187960674,6.465326963614245,513.8342281248202,501.10695539754755,501.1171048551671,509.52144935741416,516.7941766301414,516.789006535776,123.60087741873191,123.60087741873191,123.48017343687766,120.92547706671196,120.92547706671196,120.807385780514,6.465326963614245,6.465326963614245,6.465326963614245,0.2737707107258984,0.2737707107258984,182.51380715059895,0.0,0.0,0.0,0.09729858909815903,0.048649294549079514,64.86572606543935,0.0,0.0,0.0,0.1356459511868051,0.42860280295478814,90.43063412453674,0.42860280295478814,False,0.01927254468353598,0.0002025304110064697,0.025812104125673994,False
main_lens_x_mm,production_searchsorted,lens_x_mm,x,0.1835,0.1835,0.0735,0.0015,0.0055,0.005505376344086021,0.058651026392960576,513,465,561,97,18db2d7a95d947bb,0.07275268817204336,512.7404333333446,False,1.5697384107926047e-06,51892.17886917702,6.755604911836154,508.7798982746383,496.0526255473656,496.0677108739794,504.3139154721346,511.58664274486193,511.5865581328064,123.53963230164193,123.53963230164193,123.41898812947235,120.89739679757508,120.89739679757508,120.77933293351494,6.755604911836154,6.755604911836154,6.755604911836154,0.19539394316683456,0.19539394316683456,130.26262877788972,0.0,0.0,0.0,0.07098047696270271,0.035490238481351355,47.32031797513514,1.4210854715202004e-14,7.105427357601002e-15,9.473903143468002e-12,0.14899786235924672,0.45105713490571214,99.33190823949782,0.45105713490571214,False,0.023868809207980794,0.00020881315419239114,0.027991128741647435,False
main_lens_x_mm,bilinear_intensity,lens_x_mm,x,0.1835,0.1835,0.0735,0.0015,0.0055,0.005505376344086021,0.058651026392960576,513,465,561,97,c2e5f3d8fc667a4c,0.07275268817204336,512.7404333333446,False,1.5671482147893949e-06,51806.55255502132,6.603089804958817,514.0598045611722,501.3325318338995,501.3424610020304,509.52144935741416,516.7941766301415,516.789006535776,123.67195487154956,123.67195487154956,123.55118147812031,120.92547706671196,120.92547706671196,120.80738578051397,6.603089804958817,6.603089804958817,6.603089804958817,0.22557643635195745,0.22557643635195745,150.38429090130498,0.0,0.0,0.0,0.07107745281764721,0.03553872640882361,47.38496854509814,0.0,0.0,0.0,0.13776284134457129,0.4261589309245363,91.84189422971419,0.4261589309245363,False,0.01906597475609552,0.00019445088230346237,0.024997546245013873,False
main_lens_x_mm,production_searchsorted,lens_x_mm,x,0.185,0.185,0.075,0.0015,0.0055,0.005505376344086021,0.058651026392960576,513,465,561,97,18db2d7a95d947bb,0.07275268817204336,512.7404333333446,False,1.5699415671670772e-06,51898.89478238272,6.9053715093247,508.9257033850637,496.198430657791,496.2133735966017,504.3139154721346,511.58664274486193,511.5865581328064,123.58465417359133,123.58465417359133,123.46396603474994,120.89739679757507,120.89739679757507,120.77933293351494,6.9053715093247,6.9053715093247,6.9053715093247,0.14580511042538546,0.14580511042538546,97.20340695025698,0.0,0.0,0.0,0.04502187194940177,0.022510935974700885,30.01458129960118,-1.4210854715202004e-14,7.105427357601002e-15,-9.473903143468002e-12,0.14976659748854626,0.4433847137097901,99.84439832569751,0.4433847137097901,False,0.023371915577933514,0.00019691137322046227,0.026867336883954734,False
main_lens_x_mm,bilinear_intensity,lens_x_mm,x,0.185,0.185,0.075,0.0015,0.0055,0.005505376344086021,0.058651026392960576,513,465,561,97,c2e5f3d8fc667a4c,0.07275268817204336,512.7404333333446,False,1.5671284082818815e-06,51805.89779444237,6.741727512475796,514.2329080955768,501.5056353683041,501.5153954900147,509.52144935741416,516.7941766301415,516.789006535776,123.71616496438362,123.71616496438362,123.5953483970356,120.92547706671196,120.92547706671196,120.80738578051397,6.741727512475796,6.741727512475796,6.741727512475796,0.17310353440461768,0.17310353440461768,115.40235626974511,0.0,0.0,0.0,0.04421009283406363,0.022105046417031815,29.473395222709087,0.0,0.0,0.0,0.13863770751697935,0.41991767978943617,92.4251383446529,0.41991767978943617,False,0.018766504698819696,0.00018541073808709774,0.024024880418781532,False
main_lens_x_mm,production_searchsorted,lens_x_mm,x,0.1865,0.1865,0.0765,0.0015,0.0055,0.005505376344086021,0.058651026392960576,513,465,561,97,18db2d7a95d947bb,0.07275268817204336,512.7404333333446,False,1.5701588042276148e-06,51906.076172813715,7.054506068322821,509.02127578503,496.29400305775727,496.3088526641461,504.3139154721346,511.58664274486193,511.5865581328064,123.60326225925907,123.60326225925907,123.482555948459,120.89739679757508,120.89739679757508,120.77933293351495,7.054506068322821,7.054506068322821,7.054506068322821,0.09557239996632916,0.09557239996632916,63.7149333108861,0.0,0.0,0.0,0.018608085667736418,0.009304042833868209,12.405390445157613,1.4210854715202004e-14,7.105427357601002e-15,9.473903143468002e-12,0.14913455899812078,0.43193782925867563,99.42303933208052,0.43193782925867563,False,0.022707533472546643,0.00018467992517919192,0.02559956674867142,False
main_lens_x_mm,bilinear_intensity,lens_x_mm,x,0.1865,0.1865,0.0765,0.0015,0.0055,0.005505376344086021,0.058651026392960576,513,465,561,97,c2e5f3d8fc667a4c,0.07275268817204336,512.7404333333446,False,1.5671105048966813e-06,51805.30594699773,6.879912835437477,514.3525015995248,501.625228872252,501.63487220343137,509.52144935741416,516.7941766301415,516.789006535776,123.73308748897482,123.73308748897482,123.61225439572387,120.92547706671196,120.92547706671196,120.807385780514,6.879912835437477,6.879912835437477,6.879912835437477,0.11959350394795365,0.11959350394795365,79.7290026319691,0.0,0.0,0.0,0.016922524591194588,0.008461262295597294,11.281683060796391,0.0,0.0,0.0,0.1381853229616805,0.40994039793499176,92.12354864112034,0.40994039793499176,False,0.018376055127269027,0.00017588417812466238,0.022910983155689926,False
main_lens_x_mm,production_searchsorted,lens_x_mm,x,0.188,0.188,0.078,0.0015,0.0055,0.005505376344086021,0.058651026392960576,513,465,561,97,18db2d7a95d947bb,0.07275268817204336,512.7404333333446,False,1.5703902010719728e-06,51913.72565527183,7.201519431625037,509.0686280567448,496.34135532947204,496.3561586934081,504.3139154721346,511.58664274486193,511.5865581328064,123.59513953656476,123.59513953656476,123.47444115811106,120.89739679757508,120.89739679757508,120.77933293351495,7.201519431625037,7.201519431625037,7.201519431625037,0.04735227171477163,0.04735227171477163,31.568181143181086,0.0,0.0,0.0,-0.008122722694309914,0.004061361347154957,-5.415148462873276,0.0,0.0,0.0,0.14701336330221615,0.41679278996542973,98.0089088681441,0.41679278996542973,False,0.02205740029973038,0.00017409374705024344,0.024211458221355713,False
main_lens_x_mm,bilinear_intensity,lens_x_mm,x,0.188,0.188,0.078,0.0015,0.0055,0.005505376344086021,0.058651026392960576,513,465,561,97,c2e5f3d8fc667a4c,0.07275268817204336,512.7404333333446,False,1.567096477162596e-06,51804.842220251114,7.0162347722583425,514.4204147175336,501.6931419902609,501.702719000036,509.52144935741416,516.7941766301415,516.789006535776,123.72245273025699,123.72245273025699,123.6016300225126,120.92547706671196,120.92547706671196,120.80738578051397,7.0162347722583425,7.0162347722583425,7.0162347722583425,0.06791311800884614,0.06791311800884614,45.27541200589743,0.0,0.0,0.0,-0.010634758717827708,0.005317379358913854,-7.089839145218472,0.0,0.0,0.0,0.1363219368208659,0.3962897207612588,90.8812912139106,0.3962897207612588,False,0.01793908000527381,0.00016596983055666416,0.021675500613796896,False
main_lens_x_mm,production_searchsorted,lens_x_mm,x,0.1895,0.1895,0.0795,0.0015,0.0055,0.005505376344086021,0.058651026392960576,513,465,561,97,18db2d7a95d947bb,0.07275268817204336,512.7404333333446,False,1.5706354063792085e-06,51921.831615841606,7.344840881994664,509.0718185946398,496.3445458673671,496.3593461155434,504.3139154721346,511.58664274486193,511.5865581328064,123.56012876462808,123.56012876462808,123.43946457638138,120.89739679757508,120.89739679757508,120.77933293351495,7.344840881994664,7.344840881994664,7.344840881994664,0.0031905378950227714,0.0031905378950227714,2.1270252633485143,0.0,0.0,0.0,-0.03501077193668323,0.017505385968341614,-23.340514624455484,0.0,0.0,0.0,0.1433214503696263,0.39803114253983346,95.54763357975087,0.39803114253983346,False,0.021405063800446558,0.00016274881832187662,0.022728032947455495,False
main_lens_x_mm,bilinear_intensity,lens_x_mm,x,0.1895,0.1895,0.0795,0.0015,0.0055,0.005505376344086021,0.058651026392960576,513,465,561,97,c2e5f3d8fc667a4c,0.07275268817204336,512.7404333333446,False,1.567087705512084e-06,51804.552248333355,7.149205167122299,514.4407281892563,501.7134554619836,501.7230126343839,509.52144935741416,516.7941766301415,516.789006535776,123.68415982278603,123.68415982278603,123.5633745104591,120.92547706671193,120.92547706671193,120.807385780514,7.149205167122299,7.149205167122299,7.149205167122299,0.020313471722715803,0.020313471722715803,13.542314481810536,0.0,0.0,0.0,-0.03829290747096081,0.019146453735480407,-25.52860498064054,-2.842170943040401e-14,1.4210854715202004e-14,-1.8947806286936004e-11,0.1329703948639569,0.37903633267721226,88.6469299093046,0.37903633267721226,False,0.01744529063657036,0.00015554002666202317,0.020340565199285773,False
main_lens_x_mm,production_searchsorted,lens_x_mm,x,0.191,0.191,0.081,0.0015,0.0055,0.005505376344086021,0.058651026392960576,513,465,561,97,18db2d7a95d947bb,0.07275268817204336,512.7404333333446,False,1.5708935697367835e-06,51930.365941711854,7.48283207769938,509.0362099729739,496.3089372457012,496.3237722679221,504.3139154721346,511.58664274486193,511.5865581328064,123.49834298619594,123.49834298619594,123.37773913562349,120.89739679757508,120.89739679757508,120.77933293351495,7.48283207769938,7.48283207769938,7.48283207769938,-0.03560862166591505,0.03560862166591505,-23.739081110610034,0.0,0.0,0.0,-0.06178577843213873,0.030892889216069364,-41.19051895475915,0.0,0.0,0.0,0.13799119570471685,0.3757499935580418,91.99413046981124,0.3757499935580418,False,0.020578074439687444,0.00015081769872123636,0.021175200599618752,False
main_lens_x_mm,bilinear_intensity,lens_x_mm,x,0.191,0.191,0.081,0.0015,0.0055,0.005505376344086021,0.058651026392960576,513,465,561,97,c2e5f3d8fc667a4c,0.07275268817204336,512.7404333333446,False,1.5670848604869778e-06,51804.458197916625,7.277271937863706,514.4190126949845,501.69173996771184,501.70131834664954,509.52144935741416,516.7941766301414,516.789006535776,123.61838936496044,123.61838936496044,123.49766828159618,120.92547706671193,120.92547706671193,120.807385780514,7.277271937863706,7.277271937863706,7.277271937863706,-0.021715494271802527,0.021715494271802527,-14.476996181201685,0.0,0.0,0.0,-0.0657704578255931,0.03288522891279655,-43.846971883728735,0.0,0.0,0.0,0.12806677074140627,0.3582685564273874,85.3778471609375,0.3582685564273874,False,0.016859172678620984,0.0001445824975697668,0.01893040149120477,False
main_lens_x_mm,production_searchsorted,lens_x_mm,x,0.1925,0.1925,0.0825,0.0015,0.0055,0.005505376344086021,0.058651026392960576,513,465,561,97,18db2d7a95d947bb,0.07275268817204336,512.7404333333446,False,1.5711633090610415e-06,51939.28294416666,7.613809067619062,508.9676994501475,496.2404267228748,496.25532864990316,504.3139154721346,511.5866427448619,511.5865581328064,123.41034495215493,123.41034495215493,123.28982703716257,120.89739679757508,120.89739679757508,120.77933293351495,7.613809067619062,7.613809067619062,7.613809067619062,-0.06851052282638648,0.06851052282638648,-45.673681884257654,0.0,0.0,0.0,-0.08799803404100714,0.04399901702050357,-58.66535602733809,0.0,0.0,0.0,0.13097698991968176,0.35007331063869346,87.31799327978784,0.35007331063869346,False,0.019602245897989375,0.00013854102529300744,0.01957940191564298,False
main_lens_x_mm,bilinear_intensity,lens_x_mm,x,0.1925,0.1925,0.0825,0.0015,0.0055,0.005505376344086021,0.058651026392960576,513,465,561,97,c2e5f3d8fc667a4c,0.07275268817204336,512.7404333333446,False,1.5670878724045502e-06,51804.55776543968,7.398839877883049,514.361528839653,501.63425611238034,501.64389062789553,509.5214493574141,516.7941766301414,516.789006535776,123.52578864853196,123.52578864853196,123.40515799555487,120.92547706671193,120.92547706671193,120.80738578051397,7.398839877883049,7.398839877883049,7.398839877883049,-0.05748385533149758,0.05748385533149758,-38.32257022099839,-5.684341886080802e-14,5.684341886080802e-14,-3.789561257387201e-11,-0.09260071642847834,0.04630035821423917,-61.73381095231889,0.0,0.0,0.0,0.12156794001934301,0.3341030569074216,81.04529334622868,0.3341030569074216,False,0.01615476845032992,0.00013312819621155646,0.017470904096920377,False
main_lens_x_mm,production_searchsorted,lens_x_mm,x,0.194,0.194,0.084,0.0015,0.0055,0.005505376344086021,0.058651026392960576,513,465,561,97,18db2d7a95d947bb,0.07275268817204336,512.7404333333446,False,1.5714427158213123e-06,51948.519531283055,7.736072613255361,508.8720187543268,496.14474602705405,496.15974139226194,504.3139154721346,511.58664274486193,511.5865581328064,123.29735909744011,123.29735909744011,123.17695152019648,120.89739679757508,120.89739679757508,120.77933293351495,7.736072613255361,7.736072613255361,7.736072613255361,-0.09568069582070393,0.09568069582070393,-63.78713054713595,0.0,0.0,0.0,-0.1129858547148217,0.05649292735741085,-75.32390314321447,0.0,0.0,0.0,0.12226354563629904,0.3211626258301548,81.50903042419937,0.3211626258301548,False,0.018546510904316395,0.00012637945883684865,0.017967515015045045,False
main_lens_x_mm,bilinear_intensity,lens_x_mm,x,0.194,0.194,0.084,0.0015,0.0055,0.005505376344086021,0.058651026392960576,513,465,561,97,c2e5f3d8fc667a4c,0.07275268817204336,512.7404333333446,False,1.5670959871683757e-06,51804.82602209507,7.5122992755690285,514.2744896751593,501.5472169478866,501.5569364625859,509.52144935741416,516.7941766301414,516.789006535776,123.40769067019961,123.40769067019961,123.28717534727949,120.92547706671196,120.92547706671196,120.807385780514,7.5122992755690285,7.5122992755690285,7.5122992755690285,-0.08703916449371718,0.08703916449371718,-58.02610966247812,5.684341886080802e-14,5.684341886080802e-14,3.789561257387201e-11,-0.1180979783323437,0.05904898916617185,-78.7319855548958,2.842170943040401e-14,1.4210854715202004e-14,1.8947806286936004e-11,0.1134593976859799,0.3066951023636501,75.63959845731993,0.3066951023636501,False,0.01531540491431155,0.00012134419552976223,0.015989337051185767,False
main_lens_x_mm,production_searchsorted,lens_x_mm,x,0.1955,0.1955,0.0855,0.0015,0.0055,0.005505376344086021,0.058651026392960576,513,465,561,97,18db2d7a95d947bb,0.07275268817204336,512.7404333333446,False,1.5717293958233464e-06,51957.996556143684,7.847946229579539,508.75418087401863,496.02690814674594,496.04201858800883,504.3139154721346,511.5866427448619,511.5865581328064,123.16147054873838,123.16147054873838,123.04119567515562,120.89739679757508,120.89739679757508,120.77933293351494,7.847946229579539,7.847946229579539,7.847946229579539,-0.11783788030817277,0.11783788030817277,-78.55858687211519,0.0,0.0,0.0,-0.13588854870172895,0.06794427435086448,-90.59236580115264,0.0,0.0,0.0,0.11187361632417758,0.2892258692931292,74.58241088278506,0.2892258692931292,False,0.017602552022542503,0.00011403185408297041,0.016367211417572265,False
main_lens_x_mm,bilinear_intensity,lens_x_mm,x,0.1955,0.1955,0.0855,0.0015,0.0055,0.005505376344086021,0.058651026392960576,513,465,561,97,c2e5f3d8fc667a4c,0.07275268817204336,512.7404333333446,False,1.5671078957133205e-06,51805.219693002335,7.616061820796416,514.163467786282,501.4361950590093,501.4460229935219,509.5214493574141,516.7941766301414,516.789006535776,123.266318848085,123.266318848085,123.14594158358493,120.92547706671196,120.92547706671196,120.807385780514,7.616061820796416,7.616061820796416,7.616061820796416,-0.11102188887730335,0.11102188887730335,-74.01459258486891,-5.684341886080802e-14,5.684341886080802e-14,-3.789561257387201e-11,-0.14137182211460697,0.07068591105730349,-94.24788140973799,0.0,0.0,0.0,0.10376254522738737,0.2762471020419451,69.17503015159159,0.2762471020419451,False,0.014369934185463234,0.00010948275397160785,0.014514385556707917,False
main_lens_x_mm,production_searchsorted,lens_x_mm,x,0.197,0.197,0.08700000000000001,0.0015,0.0055,0.005505376344086021,0.058651026392960576,513,465,561,97,18db2d7a95d947bb,0.07275268817204336,512.7404333333446,False,1.5720205403501955e-06,51967.62116860151,7.947820537586613,508.61812320513945,495.8908504778667,495.9060937879469,504.3139154721346,511.58664274486193,511.5865581328064,123.00576533084329,123.00576533084329,122.88564251313737,120.89739679757508,120.89739679757508,120.77933293351494,7.947820537586613,7.947820537586613,7.947820537586613,-0.13605766887917525,0.13605766887917525,-90.70511258611684,0.0,0.0,0.0,-0.15570521789508973,0.07785260894754487,-103.80347859672649,0.0,0.0,0.0,0.09987430800707386,0.2545234258375512,66.58287200471591,0.2545234258375512,False,0.016430600052265522,0.0001016961189115911,0.014808021663076449,False
main_lens_x_mm,bilinear_intensity,lens_x_mm,x,0.197,0.197,0.08700000000000001,0.0015,0.0055,0.005505376344086021,0.058651026392960576,513,465,561,97,c2e5f3d8fc667a4c,0.07275268817204336,512.7404333333446,False,1.5671219160995667e-06,51805.68317684518,7.708602487813327,514.0329999907705,501.3057272634978,501.31568260796695,509.52144935741416,516.7941766301414,516.789006535776,123.10492953477842,123.10492953477842,122.9847098770296,120.92547706671196,120.92547706671196,120.80738578051397,7.708602487813327,7.708602487813327,7.708602487813327,-0.1304677955115494,0.1304677955115494,-86.97853034103294,5.684341886080802e-14,5.684341886080802e-14,3.789561257387201e-11,-0.1613893133065858,0.0806946566532929,-107.59287553772386,0.0,0.0,0.0,0.09254066701691066,0.24301448489879413,61.69377801127377,0.24301448489879413,False,0.013347946772506926,9.78046838028144e-05,0.013076881486418614,False
main_lens_x_mm,production_searchsorted,lens_x_mm,x,0.1985,0.1985,0.08850000000000001,0.0015,0.0055,0.005505376344086021,0.058651026392960576,513,465,561,97,18db2d7a95d947bb,0.07275268817204336,512.7404333333446,False,1.5723130210103263e-06,51977.28995075459,8.034201776150832,508.46656474884657,495.7392920215738,495.75468333795897,504.3139154721346,511.58664274486193,511.5865581328064,122.83437446295277,122.83437446295277,122.71441901914127,120.89739679757508,120.89739679757508,120.77933293351494,8.034201776150832,8.034201776150832,8.034201776150832,-0.15155845629288933,0.15155845629288933,-101.03897086192622,0.0,0.0,0.0,-0.1713908678905227,0.08569543394526136,-114.2605785936818,0.0,0.0,0.0,0.08638123856421931,0.2173708833905032,57.5874923761462,0.2173708833905032,False,0.015043279460054298,9.025169767058218e-05,0.013323429238672697,False
main_lens_x_mm,bilinear_intensity,lens_x_mm,x,0.1985,0.1985,0.08850000000000001,0.0015,0.0055,0.005505376344086021,0.058651026392960576,513,465,561,97,c2e5f3d8fc667a4c,0.07275268817204336,512.7404333333446,False,1.5671362028144915e-06,51806.15546494187,7.788505371532053,513.8864099835471,501.15913725627433,501.16923575504745,509.52144935741416,516.7941766301415,516.789006535776,122.92785377832247,122.92785377832247,122.80780704611708,120.92547706671193,120.92547706671193,120.80738578051397,7.788505371532053,7.788505371532053,7.788505371532053,-0.14659000722338078,0.14659000722338078,-97.72667148225385,0.0,0.0,0.0,-0.17707575645594886,0.08853787822797443,-118.05050430396591,-2.842170943040401e-14,1.4210854715202004e-14,-1.8947806286936004e-11,0.07990288371872634,0.20730835153335844,53.26858914581756,0.20730835153335844,False,0.012251378178462492,8.652894420265765e-05,0.011711595677960717,False
main_lens_x_mm,production_searchsorted,lens_x_mm,x,0.2,0.2,0.09000000000000001,0.0015,0.0055,0.005505376344086021,0.058651026392960576,513,465,561,97,18db2d7a95d947bb,0.07275268817204336,512.7404333333446,False,1.5726035016807842e-06,51986.89261754659,8.10576172544586,508.3010657078981,495.57379298062534,495.58934591716763,504.3139154721346,511.5866427448619,511.5865581328064,122.65240048277863,122.65240048277863,122.53262274793217,120.89739679757508,120.89739679757508,120.77933293351495,8.10576172544586,8.10576172544586,8.10576172544586,-0.16549904094847534,0.16549904094847534,-110.33269396565022,0.0,0.0,0.0,-0.1819739801741349,0.09098699008706745,-121.3159867827566,0.0,0.0,0.0,0.07155994929502718,0.17813829248712593,47.70663286335145,0.17813829248712593,False,0.013489289942628086,7.916662614129835e-05,0.011954250620219814,False
main_lens_x_mm,bilinear_intensity,lens_x_mm,x,0.2,0.2,0.09000000000000001,0.0015,0.0055,0.005505376344086021,0.058651026392960576,513,465,561,97,c2e5f3d8fc667a4c,0.07275268817204336,512.7404333333446,False,1.5671489577665473e-06,51806.5771162495,7.854510883194615,513.7258386435019,500.9985659162291,501.0088212229515,509.52144935741416,516.7941766301415,516.789006535776,122.74041656504009,122.74041656504009,122.62055287698828,120.92547706671196,120.92547706671196,120.807385780514,7.854510883194615,7.854510883194615,7.854510883194615,-0.16057134004518048,0.16057134004518048,-107.04756003012032,0.0,0.0,0.0,-0.1874372132823794,0.0937186066411897,-124.95814218825292,2.842170943040401e-14,1.4210854715202004e-14,1.8947806286936004e-11,0.06600551166256174,0.16949468097902334,44.00367444170783,0.16949468097902334,False,0.011131933193673846,7.571608524365357e-05,0.010460424478389952,False
main_lens_y_mm,production_searchsorted,lens_y_mm,y,-0.16999999999999998,-0.16999999999999998,-0.08999999999999998,0.0015,0.0055,0.005505376344086021,0.058651026392960576,511,463,559,97,35f4603a4c195f4c,-0.037247311827956917,510.86493333334465,False,1.5682234041677943e-06,51842.09600554692,5.990433372064363,505.5998424215558,492.8725696942831,492.8907605441909,506.328655367438,513.6013826401653,513.5993305086807,121.41027163922294,121.41027163922294,121.29170692082523,122.17607878147243,122.17607878147243,122.0567662045374,5.990433372064363,5.990433372064363,5.990433372064363,0.0,0.0,0.0,0.0,0.0,0.0,0.0,0.0,0.0,0.0,0.0,0.0,0.0,0.0,0.0,0.0,False,0.0,0.0,0.0,False
main_lens_y_mm,bilinear_intensity,lens_y_mm,y,-0.16999999999999998,-0.16999999999999998,-0.08999999999999998,0.0015,0.0055,0.005505376344086021,0.058651026392960576,511,463,559,97,558ff391774786b8,-0.037247311827956917,510.86493333334465,False,1.5673927125181555e-06,51814.635124567125,5.951441369189444,510.640686628091,497.9134139008183,497.9266820513057,511.79724102241045,519.0699682951378,519.0625757479745,121.42857339886794,121.42857339886794,121.30999080765811,122.25910087261786,122.25910087261786,122.13970721942194,5.951441369189444,5.951441369189444,5.951441369189444,0.0,0.0,0.0,0.0,0.0,0.0,0.0,0.0,0.0,0.0,0.0,0.0,0.0,0.0,0.0,0.0,False,0.0,0.0,0.0,False
main_lens_y_mm,production_searchsorted,lens_y_mm,y,-0.16849999999999998,-0.16849999999999998,-0.08849999999999998,0.0015,0.0055,0.005505376344086021,0.058651026392960576,511,463,559,97,35f4603a4c195f4c,-0.037247311827956917,510.86493333334465,False,1.5680130019113656e-06,51835.14055905341,6.106331439124601,505.5998424215558,492.8725696942831,492.8907605441909,506.53428188754185,513.8070091602691,513.804756221636,121.41027163922296,121.41027163922296,121.29170692082526,121.96171948385648,121.96171948385648,121.84261624217305,6.106331439124601,6.106331439124601,6.106331439124601,0.0,0.0,0.0,0.20562652010386273,0.20562652010386273,137.0843467359085,1.4210854715202004e-14,7.105427357601002e-15,9.473903143468002e-12,-0.21435929761594252,0.10717964880797126,-142.90619841062835,0.11589806706023786,0.38694384817203376,77.26537804015858,0.38694384817203376,False,0.02322192671092794,0.00022286536046024172,0.02680568732410617,False
main_lens_y_mm,bilinear_intensity,lens_y_mm,y,-0.16849999999999998,-0.16849999999999998,-0.08849999999999998,0.0015,0.0055,0.005505376344086021,0.058651026392960576,511,463,559,97,558ff391774786b8,-0.037247311827956917,510.86493333334465,False,1.5673639310801216e-06,51813.68367207014,6.0651134066978445,510.640686628091,497.9134139008183,497.9266820513057,512.0301668399575,519.3028941126847,519.2952740989028,121.42857339886795,121.42857339886795,121.30999080765812,122.04465961263729,122.04465961263729,121.92547537473432,6.0651134066978445,6.0651134066978445,6.0651134066978445,0.0,0.0,0.0,0.23292581754702724,0.23292581754702724,155.28387836468482,1.4210854715202004e-14,7.105427357601002e-15,9.473903143468002e-12,-0.21444125998057473,0.10722062999028736,-142.9608399870498,0.11367203750840016,0.38199834445779546,75.78135833893344,0.38199834445779546,False,0.019293850809709447,0.00020654376923811445,0.02459451293461029,False
main_lens_y_mm,production_searchsorted,lens_y_mm,y,-0.16699999999999998,-0.16699999999999998,-0.08699999999999998,0.0015,0.0055,0.005505376344086021,0.058651026392960576,511,463,559,97,35f4603a4c195f4c,-0.037247311827956917,510.86493333334465,False,1.5678109214326098e-06,51828.46021264826,6.222925157274608,505.5998424215558,492.8725696942831,492.890760544191,506.6856868067476,513.9584140794749,513.9560132844754,121.41027163922291,121.41027163922291,121.29170692082523,121.75158067367856,121.75158067367856,121.63268264567692,6.222925157274608,6.222925157274608,6.222925157274608,0.0,0.0,0.0,0.1514049192057314,0.1514049192057314,100.93661280382094,-4.263256414560601e-14,2.1316282072803006e-14,-2.8421709430404007e-11,-0.21013881017792357,0.10506940508896179,-140.09254011861572,0.11659371815000696,0.3818781188422414,77.72914543333798,0.3818781188422414,False,0.022631499398628616,0.0002132732388764267,0.02575610136897717,False
main_lens_y_mm,bilinear_intensity,lens_y_mm,y,-0.16699999999999998,-0.16699999999999998,-0.08699999999999998,0.0015,0.0055,0.005505376344086021,0.058651026392960576,511,463,559,97,558ff391774786b8,-0.037247311827956917,510.86493333334465,False,1.5673332113892854e-06,51812.668145100346,6.1794797951039655,510.64068662809103,497.9134139008183,497.9266820513057,512.204705378859,519.4774326515862,519.4696421900125,121.42857339886794,121.42857339886794,121.30999080765811,121.8356065245457,121.8356065245457,121.71662644004905,6.1794797951039655,6.1794797951039655,6.1794797951039655,5.684341886080802e-14,5.684341886080802e-14,3.789561257387201e-11,0.1745385389015155,0.1745385389015155,116.35902593434366,-1.4210854715202004e-14,7.105427357601002e-15,-9.473903143468002e-12,-0.2090530880915935,0.10452654404579675,-139.36872539439568,0.11436638840612101,0.37712860663025216,76.244258937414,0.37712860663025216,False,0.01905648452412575,0.0001986328397855315,0.02369343973414509,False
main_lens_y_mm,production_searchsorted,lens_y_mm,y,-0.16549999999999998,-0.16549999999999998,-0.08549999999999998,0.0015,0.0055,0.005505376344086021,0.058651026392960576,511,463,559,97,35f4603a4c195f4c,-0.037247311827956917,510.86493333334465,False,1.567622785189553e-06,51822.2408327125,6.339246124741533,505.5998424215558,492.8725696942831,492.8907605441909,506.7789124133917,514.051639686119,514.049147850488,121.41027163922294,121.41027163922294,121.29170692082526,121.55043463635752,121.55043463635752,121.43173304003297,6.339246124741533,6.339246124741533,6.339246124741533,0.0,0.0,0.0,0.09322560664412549,0.09322560664412549,62.150404429416994,2.842170943040401e-14,1.4210854715202004e-14,1.8947806286936004e-11,-0.2011460373210383,0.10057301866051915,-134.09735821402555,0.11632096746692522,0.37384658991421693,77.54731164461681,0.37384658991421693,False,0.021856740876700816,0.00020212565238177235,0.024576298862829245,False
main_lens_y_mm,bilinear_intensity,lens_y_mm,y,-0.16549999999999998,-0.16549999999999998,-0.08549999999999998,0.0015,0.0055,0.005505376344086021,0.058651026392960576,511,463,559,97,558ff391774786b8,-0.037247311827956917,510.86493333334465,False,1.5673032042627843e-06,51811.676173976346,6.293589150454327,510.640686628091,497.9134139008183,497.9266820513057,512.3167455771968,519.589472849924,519.581572974094,121.42857339886795,121.42857339886795,121.30999080765811,121.63669325980077,121.63669325980077,121.51790742653924,6.293589150454327,6.293589150454327,6.293589150454327,-5.684341886080802e-14,5.684341886080802e-14,-3.789561257387201e-11,0.11204019833780876,0.11204019833780876,74.69346555853917,1.4210854715202004e-14,7.105427357601002e-15,9.473903143468002e-12,-0.19891326474493098,0.09945663237246549,-132.60884316328733,0.1141093553503616,0.3693170271088872,76.07290356690773,0.3693170271088872,False,0.018716112531866714,0.0001896608789176445,0.02265657482199083,False
main_lens_y_mm,production_searchsorted,lens_y_mm,y,-0.16399999999999998,-0.16399999999999998,-0.08399999999999998,0.0015,0.0055,0.005505376344086021,0.058651026392960576,511,463,559,97,35f4603a4c195f4c,-0.037247311827956917,510.86493333334465,False,1.5674537074809852e-06,51816.65148697472,6.454165275779498,505.5998424215558,492.8725696942831,492.8907605441909,506.81313307053426,514.0858603432615,514.08333508902,121.41027163922294,121.41027163922294,121.29170692082526,121.36264501763182,121.36264501763182,121.24412680960678,6.454165275779498,6.454165275779498,6.454165275779498,0.0,0.0,0.0,0.034220657142554955,0.034220657142554955,22.81377142836997,0.0,0.0,0.0,-0.1877896187257022,0.0938948093628511,-125.19307915046814,0.1149191510379648,0.3625640928798938,76.6127673586432,0.3625640928798938,False,0.02095715130863027,0.00019147480577509358,0.023274077273437964,False
main_lens_y_mm,bilinear_intensity,lens_y_mm,y,-0.16399999999999998,-0.16399999999999998,-0.08399999999999998,0.0015,0.0055,0.005505376344086021,0.058651026392960576,511,463,559,97,558ff391774786b8,-0.037247311827956917,510.86493333334465,False,1.5672763333204176e-06,51810.78787836091,6.406333317352091,510.640686628091,497.9134139008183,497.9266820513057,512.3655473385065,519.6382746112338,519.6303270774338,121.42857339886795,121.42857339886795,121.30999080765812,121.45214152932004,121.45214152932004,121.3335359223578,6.406333317352091,6.406333317352091,6.406333317352091,0.0,0.0,0.0,0.04880176130973268,0.04880176130973268,32.53450753982179,0.0,0.0,0.0,-0.18455173048072027,0.09227586524036013,-123.03448698714683,0.11274416689776423,0.35828257676980824,75.16277793184283,0.35828257676980824,False,0.018299189173005024,0.00018010501145903005,0.021489259903521987,False
main_lens_y_mm,production_searchsorted,lens_y_mm,y,-0.16249999999999998,-0.16249999999999998,-0.08249999999999998,0.0015,0.0055,0.005505376344086021,0.058651026392960576,511,463,559,97,35f4603a4c195f4c,-0.037247311827956917,510.86493333334465,False,1.5673078764330598e-06,51811.83062588627,6.566403579909871,505.5998424215558,492.8725696942831,492.8907605441909,506.7904016578797,514.063128930607,514.0606258750107,121.41027163922294,121.41027163922294,121.29170692082526,121.19207359098844,121.19207359098844,121.07372195662224,6.566403579909871,6.566403579909871,6.566403579909871,0.0,0.0,0.0,-0.022731412654536598,0.022731412654536598,-15.154275103024398,0.0,0.0,0.0,-0.17057142664337732,0.08528571332168866,-113.71428442891822,0.11223830413037295,0.347801146498584,74.82553608691529,0.347801146498584,False,0.019989741435046518,0.00018044455950928643,0.02186058080704777,False
main_lens_y_mm,bilinear_intensity,lens_y_mm,y,-0.16249999999999998,-0.16249999999999998,-0.08249999999999998,0.0015,0.0055,0.005505376344086021,0.058651026392960576,511,463,559,97,558ff391774786b8,-0.037247311827956917,510.86493333334465,False,1.5672545634022856e-06,51810.068211645805,6.516457819641357,510.640686628091,497.9134139008183,497.9266820513057,512.3534554731617,519.626182745889,519.6182470205512,121.42857339886794,121.42857339886794,121.30999080765811,121.28555903116127,121.28555903116127,121.1671161024199,6.516457819641357,6.516457819641357,6.516457819641357,0.0,0.0,0.0,-0.012091865344814323,0.012091865344814323,-8.06124356320955,-1.4210854715202004e-14,7.105427357601002e-15,-9.473903143468002e-12,-0.16658249815877468,0.08329124907938734,-111.05499877251646,0.11012450228926607,0.3437988528975993,73.41633485951071,0.3437988528975993,False,0.017805893031520605,0.0001699844316342452,0.020201544608940126,False
main_lens_y_mm,production_searchsorted,lens_y_mm,y,-0.16099999999999998,-0.16099999999999998,-0.08099999999999997,0.0015,0.0055,0.005505376344086021,0.058651026392960576,511,463,559,97,35f4603a4c195f4c,-0.037247311827956917,510.86493333334465,False,1.5671882038605479e-06,51807.874507786706,6.674552047769594,505.5998424215558,492.8725696942831,492.8907605441909,506.71518423760364,513.987911510331,513.9854819092466,121.41027163922294,121.41027163922294,121.29170692082526,121.04205786045866,121.04205786045866,120.9238527258293,6.674552047769594,6.674552047769594,6.674552047769594,0.0,0.0,0.0,-0.0752174202760898,0.0752174202760898,-50.144946850726534,0.0,0.0,0.0,-0.15001573052978756,0.07500786526489378,-100.01048701985837,0.10814846785972332,0.3293993935755248,72.09897857314888,0.3293993935755248,False,0.019092028272569797,0.00016879568706493428,0.020350878737548768,False
main_lens_y_mm,bilinear_intensity,lens_y_mm,y,-0.16099999999999998,-0.16099999999999998,-0.08099999999999997,0.0015,0.0055,0.005505376344086021,0.058651026392960576,511,463,559,97,558ff391774786b8,-0.037247311827956917,510.86493333334465,False,1.5672392302488244e-06,51809.561330539655,6.622581412570815,510.640686628091,497.9134139008183,497.9266820513057,512.2853910264718,519.558118299199,519.5502490430474,121.42857339886795,121.42857339886795,121.30999080765812,121.13994111062506,121.13994111062506,121.0216403868842,6.622581412570815,6.622581412570815,6.622581412570815,0.0,0.0,0.0,-0.06806444668995937,0.06806444668995937,-45.37629779330624,1.4210854715202004e-14,7.105427357601002e-15,9.473903143468002e-12,-0.14561792053621048,0.07280896026810524,-97.07861369080699,0.10612359292945772,0.32570944481398756,70.74906195297181,0.32570944481398756,False,0.0172629139350995,0.00015914297673066697,0.018808598501282463,False
main_lens_y_mm,production_searchsorted,lens_y_mm,y,-0.1595,-0.1595,-0.0795,0.0015,0.0055,0.005505376344086021,0.058651026392960576,511,463,559,97,35f4603a4c195f4c,-0.037247311827956917,510.86493333334465,False,1.567096076450006e-06,51804.828973553915,6.777101042821102,505.5998424215558,492.8725696942831,492.8907605441909,506.5937552722957,513.866482545023,513.8641715269126,121.41027163922294,121.41027163922294,121.29170692082526,120.91543727854199,120.91543727854199,120.79735579682465,6.777101042821102,6.777101042821102,6.777101042821102,0.0,0.0,0.0,-0.12142896530792768,0.12142896530792768,-80.95264353861846,0.0,0.0,0.0,-0.12662058191666858,0.06331029095833429,-84.41372127777906,0.10254899505150838,0.30728352799579034,68.36599670100559,0.30728352799579034,False,0.018023155622361346,0.00015639572835939822,0.01876442580779134,False
main_lens_y_mm,bilinear_intensity,lens_y_mm,y,-0.1595,-0.1595,-0.0795,0.0015,0.0055,0.005505376344086021,0.058651026392960576,511,463,559,97,558ff391774786b8,-0.037247311827956917,510.86493333334465,False,1.5672309479735876e-06,51809.28753631695,6.723224746840803,510.64068662809103,497.9134139008183,497.9266820513057,512.1681979927581,519.4409252654855,519.4331704556558,121.42857339886795,121.42857339886795,121.30999080765811,121.01773194951122,121.01773194951122,120.89955057065427,6.723224746840803,6.723224746840803,6.723224746840803,5.684341886080802e-14,5.684341886080802e-14,3.789561257387201e-11,-0.11719303371364731,0.11719303371364731,-78.12868914243154,0.0,0.0,0.0,-0.12220916111384383,0.06110458055692192,-81.47277407589588,0.1006433342699875,0.3039398929213581,67.09555617999168,0.3039398929213581,False,0.016633764563563382,0.0001476286658912443,0.01733083383764205,False
main_lens_y_mm,production_searchsorted,lens_y_mm,y,-0.158,-0.158,-0.078,0.0015,0.0055,0.005505376344086021,0.058651026392960576,511,463,559,97,35f4603a4c195f4c,-0.037247311827956917,510.86493333334465,False,1.5670312319439855e-06,51802.68535352018,6.872478262331424,505.5998424215558,492.8725696942831,492.8907605441909,506.4335320919881,513.7062593647154,513.7041048145545,121.41027163922294,121.41027163922294,121.29170692082523,120.81459516832808,120.81459516832808,120.696612165234,6.872478262331424,6.872478262331424,6.872478262331424,0.0,0.0,0.0,-0.16022318030758242,0.16022318030758242,-106.81545353838828,0.0,0.0,0.0,-0.10084211021390388,0.05042105510695194,-67.22807347593591,0.09537721951032196,0.2814690792056401,63.584813006881305,0.2814690792056401,False,0.01682175097296572,0.00014405405213687488,0.017125469499332812,False
main_lens_y_mm,bilinear_intensity,lens_y_mm,y,-0.158,-0.158,-0.078,0.0015,0.0055,0.005505376344086021,0.058651026392960576,511,463,559,97,558ff391774786b8,-0.037247311827956917,510.86493333334465,False,1.5672295998967766e-06,51809.242971794265,6.816847530405489,510.64068662809103,497.9134139008183,497.9266820513057,512.0099293378968,519.282656610624,519.2750563600276,121.42857339886795,121.42857339886795,121.30999080765811,120.92090695583319,120.92090695583319,120.80282013263415,6.816847530405489,6.816847530405489,6.816847530405489,0.0,0.0,0.0,-0.15826865486133102,0.15826865486133102,-105.51243657422067,0.0,0.0,0.0,-0.09682499367802677,0.048412496839013386,-64.54999578535119,0.09362278356468678,0.2785055894752871,62.41518904312452,0.2785055894752871,False,0.015905392907548353,0.00013590024122208896,0.015793863017075124,False
main_lens_y_mm,production_searchsorted,lens_y_mm,y,-0.1565,-0.1565,-0.0765,0.0015,0.0055,0.005505376344086021,0.058651026392960576,511,463,559,97,35f4603a4c195f4c,-0.037247311827956917,510.86493333334465,False,1.5669917714985129e-06,51801.3808759839,6.959094089928609,505.5998424215558,492.8725696942831,492.8907605441909,506.24242240045396,513.5151496731812,513.5131817535786,121.41027163922294,121.41027163922294,121.29170692082526,120.74148200241656,120.74148200241656,120.6235703988986,6.959094089928609,6.959094089928609,6.959094089928609,0.0,0.0,0.0,-0.1911096915341659,0.1911096915341659,-127.40646102277726,0.0,0.0,0.0,-0.07311316591152206,0.03655658295576103,-48.742110607681376,0.08661582759718467,0.25206577392010854,57.74388506478978,0.25206577392010854,False,0.015817720177508647,0.00013101711693080885,0.015463610422563164,False
main_lens_y_mm,bilinear_intensity,lens_y_mm,y,-0.1565,-0.1565,-0.0765,0.0015,0.0055,0.005505376344086021,0.058651026392960576,511,463,559,97,558ff391774786b8,-0.037247311827956917,510.86493333334465,False,1.5672344071875835e-06,51809.40189049863,6.901892923658677,510.640686628091,497.9134139008183,497.9266820513057,511.8191502988084,519.0918775715356,519.0844636285947,121.42857339886795,121.42857339886795,121.30999080765811,120.85103630721756,120.85103630721756,120.73301771707378,6.901892923658677,6.901892923658677,6.901892923658677,-5.684341886080802e-14,5.684341886080802e-14,-3.789561257387201e-11,-0.19077903908839744,0.19077903908839744,-127.18602605893162,0.0,0.0,0.0,-0.06987064861563397,0.034935324307816984,-46.580432410422645,0.08504539325318738,0.2495153159106335,56.69692883545826,0.2495153159106335,False,0.015162288057263098,0.00012375028836364617,0.014228555405105599,False
main_lens_y_mm,production_searchsorted,lens_y_mm,y,-0.155,-0.155,-0.075,0.0015,0.0055,0.005505376344086021,0.058651026392960576,511,463,559,97,35f4603a4c195f4c,-0.037247311827956917,510.86493333334465,False,1.5669743060365537e-06,51800.80350534062,7.035392388264414,505.5998424215558,492.8725696942831,492.8907605441909,506.0282449762888,513.3009722490161,513.2992134870542,121.41027163922294,121.41027163922294,121.29170692082526,120.69759350670192,120.69759350670192,120.57972476304302,7.035392388264414,7.035392388264414,7.035392388264414,0.0,0.0,0.0,-0.2141774241651433,0.2141774241651433,-142.78494944342887,0.0,0.0,0.0,-0.04388849571463993,0.021944247857319965,-29.258997143093286,0.07629829833580537,0.21927652464485672,50.86553222387025,0.21927652464485672,False,0.014860589250195847,0.00011732563773192278,0.013814911668539785,False
main_lens_y_mm,bilinear_intensity,lens_y_mm,y,-0.155,-0.155,-0.075,0.0015,0.0055,0.005505376344086021,0.058651026392960576,511,463,559,97,558ff391774786b8,-0.037247311827956917,510.86493333334465,False,1.567244060416711e-06,51809.721005511106,6.976837279460461,510.64068662809103,497.9134139008183,497.9266820513057,511.60432188869305,518.8770491614204,518.8698450118486,121.42857339886795,121.42857339886795,121.30999080765811,120.80929814080142,120.80929814080142,120.6913203105858,6.976837279460461,6.976837279460461,6.976837279460461,5.684341886080802e-14,5.684341886080802e-14,3.789561257387201e-11,-0.21482841011533083,0.21482841011533083,-143.2189400768872,0.0,0.0,0.0,-0.041738166416138256,0.020869083208069128,-27.825444277425504,0.07494435580178394,0.21717043898170507,49.96290386785596,0.21717043898170507,False,0.014271313250962696,0.00011110614312444524,0.012671636699480902,False
main_lens_y_mm,production_searchsorted,lens_y_mm,y,-0.1535,-0.1535,-0.0735,0.0015,0.0055,0.005505376344086021,0.058651026392960576,511,463,559,97,35f4603a4c195f4c,-0.037247311827956917,510.86493333334465,False,1.5669742221942732e-06,51800.80073369498,7.0999042521416,505.5998424215558,492.8725696942831,492.8907605441909,505.7982651084497,513.070992381177,513.0694582089297,121.41027163922296,121.41027163922296,121.29170692082526,120.6838919732705,120.6838919732705,120.56603661001535,7.0999042521416,7.0999042521416,7.0999042521416,0.0,0.0,0.0,-0.22997986783911983,0.22997986783911983,-153.31991189274655,1.4210854715202004e-14,7.105427357601002e-15,9.473903143468002e-12,-0.013701533431415669,0.0068507667157078345,-9.13435562094378,0.06451186387718533,0.18339236908746176,43.00790925145689,0.22997986783911983,False,0.01381557643417454,0.00010306295442370871,0.012224165861243102,False
main_lens_y_mm,bilinear_intensity,lens_y_mm,y,-0.1535,-0.1535,-0.0735,0.0015,0.0055,0.005505376344086021,0.058651026392960576,511,463,559,97,558ff391774786b8,-0.037247311827956917,510.86493333334465,False,1.5672568930746647e-06,51810.14522560875,7.040242798847821,510.640686628091,497.9134139008183,497.9266820513057,511.3733074162371,518.6460346889644,518.6390561394634,121.42857339886795,121.42857339886795,121.30999080765811,120.79642618202392,120.79642618202392,120.6784609220805,7.040242798847821,7.040242798847821,7.040242798847821,-5.684341886080802e-14,5.684341886080802e-14,-3.789561257387201e-11,-0.23101447245596773,0.23101447245596773,-154.00964830397848,0.0,0.0,0.0,-0.012871958777495252,0.006435979388747626,-8.581305851663501,0.06340551938736017,0.1817600636151385,42.27034625824011,0.23101447245596773,False,0.013234687387987672,9.82208665580697e-05,0.011167481091600123,False
main_lens_y_mm,production_searchsorted,lens_y_mm,y,-0.152,-0.152,-0.072,0.0015,0.0055,0.005505376344086021,0.058651026392960576,511,463,559,97,35f4603a4c195f4c,-0.037247311827956917,510.86493333334465,False,1.5669860438938837e-06,51801.191533682104,7.151301838317047,505.5998424215558,492.8725696942831,492.8907605441909,505.558866767161,512.8315940398883,512.8302936550837,121.41027163922294,121.41027163922294,121.29170692082528,120.70067751574571,120.70067751574571,120.58280576035924,7.151301838317047,7.151301838317047,7.151301838317047,0.0,0.0,0.0,-0.23939834128867687,0.23939834128867687,-159.59889419245124,-1.4210854715202004e-14,7.105427357601002e-15,-9.473903143468002e-12,0.016785542475204807,0.008392771237602403,11.190361650136538,0.05139758617544743,0.14478388538815568,34.265057450298286,0.23939834128867687,False,0.012686706680513212,8.868391374820028e-05,0.010749010551237963,False
main_lens_y_mm,bilinear_intensity,lens_y_mm,y,-0.152,-0.152,-0.072,0.0015,0.0055,0.005505376344086021,0.058651026392960576,511,463,559,97,558ff391774786b8,-0.037247311827956917,510.86493333334465,False,1.5672710741001465e-06,51810.61401983956,7.09081027389749,510.640686628091,497.9134139008183,497.9266820513057,511.13302391617725,518.4057511889046,518.3990072912591,121.42857339886795,121.42857339886795,121.30999080765812,120.81259658787894,120.81259658787894,120.69461553652361,7.09081027389749,7.09081027389749,7.09081027389749,0.0,0.0,0.0,-0.24028350005983157,0.24028350005983157,-160.1890000398877,0.0,0.0,0.0,0.016170405855021386,0.008085202927510693,10.780270570014258,0.050567475049668964,0.14365264521259022,33.71165003311264,0.24028350005983157,False,0.012097946030279316,8.55623123931926e-05,0.009771857622713894,False
main_lens_y_mm,production_searchsorted,lens_y_mm,y,-0.1505,-0.1505,-0.0705,0.0015,0.0055,0.005505376344086021,0.058651026392960576,511,463,559,97,35f4603a4c195f4c,-0.037247311827956917,510.86493333334465,False,1.567003859431508e-06,51801.780477074644,7.188449179808072,505.5998424215558,492.8725696942831,492.8907605441909,505.3153665125536,512.5880937852809,512.5870311936937,121.41027163922291,121.41027163922291,121.29170692082526,120.7474334432134,120.7474334432134,120.62951602774152,7.188449179808072,7.188449179808072,7.188449179808072,0.0,0.0,0.0,-0.24350025460739744,0.24350025460739744,-162.3335030715983,-2.842170943040401e-14,1.4210854715202004e-14,-1.8947806286936004e-11,0.046755927467685865,0.023377963733842932,31.170618311790577,0.03714734149102483,0.10388973177439509,24.76489432734989,0.24350025460739744,False,0.011423371000497614,7.680857944935197e-05,0.009465875093414148,False
main_lens_y_mm,bilinear_intensity,lens_y_mm,y,-0.1505,-0.1505,-0.0705,0.0015,0.0055,0.005505376344086021,0.058651026392960576,511,463,559,97,558ff391774786b8,-0.037247311827956917,510.86493333334465,False,1.567284798244692e-06,51811.067710568335,7.127428882238072,510.64068662809103,497.9134139008183,497.9266820513057,510.8892423303115,518.1619696030388,518.1554637733483,121.42857339886795,121.42857339886795,121.30999080765811,120.85727775731344,120.85727775731344,120.73925307200355,7.127428882238072,7.127428882238072,7.127428882238072,5.684341886080802e-14,5.684341886080802e-14,3.789561257387201e-11,-0.24378158586574727,0.24378158586574727,-162.5210572438315,0.0,0.0,0.0,0.04468116943449729,0.022340584717248646,29.78744628966486,0.03661860834058217,0.10328469364180186,24.412405560388112,0.24378158586574727,False,0.01087027378816203,7.40570248910031e-05,0.008557787866143498,False
main_lens_y_mm,production_searchsorted,lens_y_mm,y,-0.149,-0.149,-0.06899999999999999,0.0015,0.0055,0.005505376344086021,0.058651026392960576,511,463,559,97,35f4603a4c195f4c,-0.037247311827956917,510.86493333334465,False,1.5670217811188109e-06,51802.37292954747,7.210446917759465,505.5998424215558,492.8725696942831,492.8907605441909,505.07196183571534,512.3446891084426,512.3438642167351,121.41027163922291,121.41027163922291,121.29170692082526,120.82268234982965,120.82268234982965,120.70469144909738,7.210446917759465,7.210446917759465,7.210446917759465,0.0,0.0,0.0,-0.24340467683828138,0.24340467683828138,-162.26978455885424,0.0,0.0,0.0,0.0752489066162525,0.03762445330812625,50.16593774416833,0.021997737951393148,0.0612030144504144,14.665158634262099,0.24340467683828138,False,0.010084702347613545,6.739051396863679e-05,0.008474323384930423,False
main_lens_y_mm,bilinear_intensity,lens_y_mm,y,-0.149,-0.149,-0.06899999999999999,0.0015,0.0055,0.005505376344086021,0.058651026392960576,511,463,559,97,558ff391774786b8,-0.037247311827956917,510.86493333334465,False,1.5672964575609903e-06,51811.45314251208,7.14922002064955,510.64068662809103,497.9134139008183,497.9266820513057,510.64652733552816,517.9192546082554,517.9129858049271,121.42857339886794,121.42857339886794,121.30999080765811,120.92908049621423,120.92908049621423,120.81098569104212,7.14922002064955,7.14922002064955,7.14922002064955,0.0,0.0,0.0,-0.24271499478334135,0.24271499478334135,-161.80999652222758,-1.4210854715202004e-14,7.105427357601002e-15,-9.473903143468002e-12,0.07180273890078581,0.035901369450392906,47.86849260052387,0.021791138411478173,0.06114726297945346,14.527425607652114,0.24271499478334135,False,0.009601036219555782,6.417700346695823e-05,0.007620375005612706,False
main_lens_y_mm,production_searchsorted,lens_y_mm,y,-0.14750000000000002,-0.14750000000000002,-0.06750000000000002,0.0015,0.0055,0.005505376344086021,0.058651026392960576,511,463,559,97,35f4603a4c195f4c,-0.037247311827956917,510.86493333334465,False,1.567034404167705e-06,51802.79022042,7.216668160231785,505.5998424215558,492.8725696942831,492.8907605441909,504.83179949164213,512.1045267643693,512.103936406201,121.41027163922294,121.41027163922294,121.29170692082522,120.92389385503255,120.92389385503255,120.80580411493973,7.216668160231785,7.216668160231785,7.216668160231785,0.0,0.0,0.0,-0.24016234407321235,0.24016234407321235,-160.10822938214156,2.842170943040401e-14,1.4210854715202004e-14,1.8947806286936004e-11,0.10121150520289746,0.05060575260144873,67.47433680193164,0.006221242472319588,0.017256191033031675,4.147494981546392,0.24016234407321235,False,0.008958253320288151,6.12416300611698e-05,0.007888039386565876,False
main_lens_y_mm,bilinear_intensity,lens_y_mm,y,-0.14750000000000002,-0.14750000000000002,-0.06750000000000002,0.0015,0.0055,0.005505376344086021,0.058651026392960576,511,463,559,97,558ff391774786b8,-0.037247311827956917,510.86493333334465,False,1.5673047828234577e-06,51811.72835780025,7.155572435452019,510.640686628091,497.9134139008183,497.9266820513057,510.408300410758,517.6810276834852,517.6749915236381,121.42857339886794,121.42857339886794,121.30999080765811,121.02565108001215,121.02565108001215,120.90746196762932,7.155572435452019,7.155572435452019,7.155572435452019,-5.684341886080802e-14,5.684341886080802e-14,-3.789561257387201e-11,-0.23822692477017426,0.23822692477017426,-158.81794984678285,0.0,0.0,0.0,0.09657058379792716,0.04828529189896358,64.3803891986181,0.006352414802468509,0.0177709310501577,4.234943201645673,0.23822692477017426,False,0.008470239102114061,5.780376657688556e-05,0.007068826283909657,False
main_lens_y_mm,production_searchsorted,lens_y_mm,y,-0.14600000000000002,-0.14600000000000002,-0.06600000000000002,0.0015,0.0055,0.005505376344086021,0.058651026392960576,511,463,559,97,35f4603a4c195f4c,-0.037247311827956917,510.86493333334465,False,1.5670372326143076e-06,51802.88372278703,7.206783197101477,505.5998424215558,492.8725696942831,492.890760544191,504.59714632660496,511.86987359933227,511.8695123946454,121.41027163922294,121.41027163922294,121.29170692082526,121.04747983504025,121.04747983504025,120.92926940551384,7.206783197101477,7.206783197101477,7.206783197101477,0.0,0.0,0.0,-0.23465316503717304,0.23465316503717304,-156.43544335811535,0.0,0.0,0.0,0.12358598000770371,0.061792990003851855,82.39065333846914,-0.009884963130307511,0.027394811319660362,-6.589975420205008,0.23465316503717304,False,0.008584221811256173,5.7656904170734e-05,0.0077966435028970745,False
main_lens_y_mm,bilinear_intensity,lens_y_mm,y,-0.14600000000000002,-0.14600000000000002,-0.06600000000000002,0.0015,0.0055,0.005505376344086021,0.058651026392960576,511,463,559,97,558ff391774786b8,-0.037247311827956917,510.86493333334465,False,1.56730894866151e-06,51811.866071454875,7.146166417697956,510.64068662809103,497.9134139008183,497.9266820513057,510.1770069435445,517.4497342162717,517.4439239289512,121.42857339886794,121.42857339886794,121.30999080765811,121.14364512609892,121.14364512609892,121.02534078515545,7.146166417697956,7.146166417697956,7.146166417697956,5.684341886080802e-14,5.684341886080802e-14,3.789561257387201e-11,-0.2312934672135043,0.2312934672135043,-154.19564480900286,0.0,0.0,0.0,0.11799404608676411,0.05899702304338206,78.66269739117608,-0.009406017754062468,0.026290049716947036,-6.270678502708312,0.2312934672135043,False,0.007833223481234596,5.479118352402922e-05,0.006988795684215956,False
main_lens_y_mm,production_searchsorted,lens_y_mm,y,-0.14450000000000002,-0.14450000000000002,-0.06450000000000002,0.0015,0.0055,0.005505376344086021,0.058651026392960576,511,463,559,97,35f4603a4c195f4c,-0.037247311827956917,510.86493333334465,False,1.5670270418371258e-06,51802.54683759093,7.180771529355404,505.5998424215558,492.8725696942831,492.8907605441909,504.3696439717217,511.642371244449,511.64223221003056,121.41027163922291,121.41027163922291,121.29170692082523,121.18889917942477,121.18889917942477,121.07055064506986,7.180771529355404,7.180771529355404,7.180771529355404,0.0,0.0,0.0,-0.22750235488325643,0.22750235488325643,-151.66823658883763,-2.842170943040401e-14,1.4210854715202004e-14,-1.8947806286936004e-11,0.14141934438451642,0.07070967219225821,94.27956292301094,-0.02601166774607311,0.07218662483570988,-17.341111830715406,0.22750235488325643,False,0.008883345909653199,5.956182398492909e-05,0.008213355660978146,False
main_lens_y_mm,bilinear_intensity,lens_y_mm,y,-0.14450000000000002,-0.14450000000000002,-0.06450000000000002,0.0015,0.0055,0.005505376344086021,0.058651026392960576,511,463,559,97,558ff391774786b8,-0.037247311827956917,510.86493333334465,False,1.5673086395096177e-06,51811.855851557615,7.120985547866383,510.640686628091,497.9134139008183,497.9266820513057,509.95436765418293,517.2270949269102,517.2215020607706,121.42857339886795,121.42857339886795,121.30999080765811,121.27880659764084,121.27880659764084,121.16037026307282,7.120985547866383,7.120985547866383,7.120985547866383,-5.684341886080802e-14,5.684341886080802e-14,-3.789561257387201e-11,-0.22263928936155253,0.22263928936155253,-148.42619290770168,1.4210854715202004e-14,7.105427357601002e-15,9.473903143468002e-12,0.13516147154192026,0.06758073577096013,90.1076476946135,-0.025180869831573638,0.07047378513103623,-16.787246554382424,0.22263928936155253,False,0.007825210411502673,5.687563974174104e-05,0.0073900124345059985,False
main_lens_y_mm,production_searchsorted,lens_y_mm,y,-0.14300000000000002,-0.14300000000000002,-0.06300000000000001,0.0015,0.0055,0.005505376344086021,0.058651026392960576,511,463,559,97,35f4603a4c195f4c,-0.037247311827956917,510.86493333334465,False,1.5670021494387784e-06,51801.72394838937,7.138920550307081,505.5998424215558,492.8725696942831,492.8907605441909,504.1506271658791,511.42335443860634,511.42342928778737,121.41027163922294,121.41027163922294,121.29170692082526,121.34287430279244,121.34287430279244,121.22437540210608,7.138920550307081,7.138920550307081,7.138920550307081,0.0,0.0,0.0,-0.21901680584261385,0.21901680584261385,-146.0112038950759,2.842170943040401e-14,1.4210854715202004e-14,1.8947806286936004e-11,0.1539751233676725,0.07698756168383625,102.650082245115,-0.04185097904832258,0.11656401788368669,-27.900652698881718,0.21901680584261385,False,0.009590578180872155,6.762771383654834e-05,0.009066867358039372,False
main_lens_y_mm,bilinear_intensity,lens_y_mm,y,-0.14300000000000002,-0.14300000000000002,-0.06300000000000001,0.0015,0.0055,0.005505376344086021,0.058651026392960576,511,463,559,97,558ff391774786b8,-0.037247311827956917,510.86493333334465,False,1.5673040748814214e-06,51811.70495475773,7.080315339564958,510.640686628091,497.9134139008183,497.9266820513057,509.74169381560085,517.0144210883282,517.009035911484,121.42857339886795,121.42857339886795,121.30999080765812,121.42615654296877,121.42615654296877,121.30757631196977,7.080315339564958,7.080315339564958,7.080315339564958,0.0,0.0,0.0,-0.21267383858207722,0.21267383858207722,-141.78255905471815,0.0,0.0,0.0,0.14734994532793166,0.07367497266396583,98.23329688528777,-0.04067020830142454,0.11422634697976687,-27.11347220094969,0.21267383858207722,False,0.008333192819378015,6.383802684083664e-05,0.008200064364884631,False
main_lens_y_mm,production_searchsorted,lens_y_mm,y,-0.14150000000000001,-0.14150000000000001,-0.06150000000000001,0.0015,0.0055,0.005505376344086021,0.058651026392960576,511,463,559,97,35f4603a4c195f4c,-0.037247311827956917,510.86493333334465,False,1.5669625694463754e-06,51800.41551888845,7.081811167205197,505.5998424215558,492.8725696942831,492.8907605441909,503.94148159987816,511.2142088726054,511.2144879655032,121.41027163922294,121.41027163922294,121.29170692082526,121.50370000363398,121.50370000363398,121.38504404659916,7.081811167205197,7.081811167205197,7.081811167205197,0.0,0.0,0.0,-0.20914556600092737,0.20914556600092737,-139.43037733395158,0.0,0.0,0.0,0.16082570084154213,0.08041285042077106,107.21713389436142,-0.05710938310188407,0.15999444929927817,-38.07292206792271,0.20914556600092737,False,0.010786473532077795,7.9741600279366e-05,0.010249472342068213,False
main_lens_y_mm,bilinear_intensity,lens_y_mm,y,-0.14150000000000001,-0.14150000000000001,-0.06150000000000001,0.0015,0.0055,0.005505376344086021,0.058651026392960576,511,463,559,97,558ff391774786b8,-0.037247311827956917,510.86493333334465,False,1.5672959925410136e-06,51811.43776995086,7.024729067285619,510.640686628091,497.9134139008183,497.9266820513057,509.5402427177207,516.812969990448,516.8077815431916,121.42857339886795,121.42857339886795,121.30999080765812,121.58027457501925,121.58027457501925,121.46154383812957,7.024729067285619,7.024729067285619,7.024729067285619,0.0,0.0,0.0,-0.2014510978801809,0.2014510978801809,-134.3007319201206,0.0,0.0,0.0,0.15411803205047647,0.07705901602523824,102.74535470031765,-0.05558627227933943,0.1570163745920245,-37.05751485289296,0.2014510978801809,False,0.009275784671099173,7.542650423632048e-05,0.009314365648392045,False
main_lens_y_mm,production_searchsorted,lens_y_mm,y,-0.14,-0.14,-0.06000000000000001,0.0015,0.0055,0.005505376344086021,0.058651026392960576,511,463,559,97,35f4603a4c195f4c,-0.037247311827956917,510.86493333334465,False,1.5669100299591204e-06,51798.67867633456,7.010291585135819,505.5998424215558,492.8725696942831,492.8907605441909,503.74401056532605,511.0167378380533,511.01720977375834,121.41027163922294,121.41027163922294,121.29170692082523,121.66560646427212,121.66560646427212,121.54679239545936,7.010291585135819,7.010291585135819,7.010291585135819,0.0,0.0,0.0,-0.1974710345521089,0.1974710345521089,-131.6473563680726,0.0,0.0,0.0,0.16190646063813574,0.08095323031906787,107.93764042542382,-0.07151958206937792,0.2019810480137464,-47.67972137958528,0.2019810480137464,False,0.012506553859468007,9.294594012324194e-05,0.01166370469144624,False
main_lens_y_mm,bilinear_intensity,lens_y_mm,y,-0.14,-0.14,-0.06000000000000001,0.0015,0.0055,0.005505376344086021,0.058651026392960576,511,463,559,97,558ff391774786b8,-0.037247311827956917,510.86493333334465,False,1.5672855880428478e-06,51811.093819598274,6.955061981485909,510.640686628091,497.9134139008183,497.9266820513057,509.35158392356817,516.6243111962955,516.6193069861428,121.42857339886795,121.42857339886795,121.30999080765811,121.73563730688363,121.73563730688363,121.61675484857611,6.955061981485909,6.955061981485909,6.955061981485909,0.0,0.0,0.0,-0.1886587941525022,0.1886587941525022,-125.77252943500146,0.0,0.0,0.0,0.1553627318643862,0.0776813659321931,103.57515457625748,-0.06966708579970948,0.19834810747122267,-46.44472386647299,0.19834810747122267,False,0.010479098584931108,8.83570773093007e-05,0.010641085309557324,False
main_lens_y_mm,production_searchsorted,lens_y_mm,y,-0.1385,-0.1385,-0.05850000000000001,0.0015,0.0055,0.005505376344086021,0.058651026392960576,511,463,559,97,35f4603a4c195f4c,-0.037247311827956917,510.86493333334465,False,1.566847842584491e-06,51796.622895355074,6.925441301547644,505.5998424215558,492.8725696942831,492.8907605441909,503.56077148578527,510.8334987585125,510.8341496386312,121.41027163922291,121.41027163922291,121.29170692082526,121.82312632680825,121.82312632680825,121.7041584300047,6.925441301547644,6.925441301547644,6.925441301547644,0.0,0.0,0.0,-0.18323907954078322,0.18323907954078322,-122.15938636052215,-2.842170943040401e-14,1.4210854715202004e-14,-1.8947806286936004e-11,0.15751986253613381,0.07875993126806691,105.01324169075588,-0.08485028358817548,0.24207347884954364,-56.56685572545032,0.24207347884954364,False,0.014130382383705587,0.00010679598659597843,0.013237353873831873,False
main_lens_y_mm,bilinear_intensity,lens_y_mm,y,-0.1385,-0.1385,-0.05850000000000001,0.0015,0.0055,0.005505376344086021,0.058651026392960576,511,463,559,97,558ff391774786b8,-0.037247311827956917,510.86493333334465,False,1.5672744101264346e-06,51810.72430170032,6.872375926853062,510.640686628091,497.9134139008183,497.9266820513057,509.1779390885533,516.4506663612806,516.445831726162,121.42857339886795,121.42857339886795,121.30999080765811,121.88696603389683,121.88696603389683,121.76793579362933,6.872375926853062,6.872375926853062,6.872375926853062,0.0,0.0,0.0,-0.17364483501489758,0.17364483501489758,-115.76322334326505,0.0,0.0,0.0,0.151328727013194,0.075664363506597,100.885818008796,-0.0826860546328474,0.23777230124750662,-55.12403642189826,0.23777230124750662,False,0.011712283637724797,0.00010207286462376723,0.012113380464704206,False
main_lens_y_mm,production_searchsorted,lens_y_mm,y,-0.137,-0.137,-0.05700000000000001,0.0015,0.0055,0.005505376344086021,0.058651026392960576,511,463,559,97,35f4603a4c195f4c,-0.037247311827956917,510.86493333334465,False,1.566780623781392e-06,51794.40078616172,6.828528000188111,505.5998424215558,492.8725696942831,492.8907605441909,503.39533616760616,510.6680634403334,510.66887587837994,121.41027163922294,121.41027163922294,121.29170692082526,121.97141345093621,121.97141345093621,121.85230074248804,6.828528000188111,6.828528000188111,6.828528000188111,0.0,0.0,0.0,-0.16543531817910662,0.16543531817910662,-110.29021211940442,2.842170943040401e-14,1.4210854715202004e-14,1.8947806286936004e-11,0.14828712412796108,0.07414356206398054,98.85808275197405,-0.09691330135953269,0.27987617579799645,-64.6088675730218,0.27987617579799645,False,0.015574435647771024,0.00012127373365056963,0.014919554105798207,False
main_lens_y_mm,bilinear_intensity,lens_y_mm,y,-0.137,-0.137,-0.05700000000000001,0.0015,0.0055,0.005505376344086021,0.058651026392960576,511,463,559,97,558ff391774786b8,-0.037247311827956917,510.86493333334465,False,1.5672642144646236e-06,51810.38725502888,6.777917008635046,510.640686628091,497.9134139008183,497.9266820513057,509.02245093279504,516.2951782055223,516.290495414306,121.42857339886795,121.42857339886795,121.30999080765811,122.02953338242983,122.02953338242983,121.91036391623604,6.777917008635046,6.777917008635046,6.777917008635046,0.0,0.0,0.0,-0.15548815575823483,0.15548815575823483,-103.65877050548988,0.0,0.0,0.0,0.14256734853300657,0.07128367426650328,95.04489902200437,-0.09445891821801577,0.27489450292999196,-62.972612145343845,0.27489450292999196,False,0.01290995146311853,0.00011628700855175032,0.013684098319387368,False
main_lens_y_mm,production_searchsorted,lens_y_mm,y,-0.1355,-0.1355,-0.05550000000000001,0.0015,0.0055,0.005505376344086021,0.058651026392960576,511,463,559,97,35f4603a4c195f4c,-0.037247311827956917,510.86493333334465,False,1.5667138831121074e-06,51792.19448304488,6.720960428727242,505.5998424215558,492.8725696942831,492.8907605441909,503.2524256652682,510.52515293799553,510.5261049370795,121.41027163922294,121.41027163922294,121.29170692082526,122.10646871336135,122.10646871336135,121.98722411500844,6.720960428727242,6.720960428727242,6.720960428727242,0.0,0.0,0.0,-0.14291050233794067,0.14291050233794067,-95.27366822529378,0.0,0.0,0.0,0.13505526242514065,0.06752763121257033,90.03684161676044,-0.10756757146086926,0.31505346820839275,-71.71171430724617,0.31505346820839275,False,0.016831926740148367,0.00013603306507217207,0.016672905768905934,False
main_lens_y_mm,bilinear_intensity,lens_y_mm,y,-0.1355,-0.1355,-0.05550000000000001,0.0015,0.0055,0.005505376344086021,0.058651026392960576,511,463,559,97,558ff391774786b8,-0.037247311827956917,510.86493333334465,False,1.5672567833715369e-06,51810.14159905907,6.673069339238289,510.64068662809103,497.9134139008183,497.9266820513057,508.88933366427005,516.1620609369974,516.1575081431135,121.42857339886794,121.42857339886794,121.30999080765811,122.15938587068675,122.15938587068675,122.04008959542242,6.673069339238289,6.673069339238289,6.673069339238289,5.684341886080802e-14,5.684341886080802e-14,3.789561257387201e-11,-0.13311726852498396,0.13311726852498396,-88.74484568332264,-1.4210854715202004e-14,7.105427357601002e-15,-9.473903143468002e-12,0.12985248825691542,0.06492624412845771,86.56832550461029,-0.10484766939675705,0.3093802100650729,-69.8984462645047,0.3093802100650729,False,0.014026678946643386,0.0001307878530077019,0.015317752073511793,False
main_lens_y_mm,production_searchsorted,lens_y_mm,y,-0.134,-0.134,-0.054000000000000006,0.0015,0.0055,0.005505376344086021,0.058651026392960576,511,463,559,97,35f4603a4c195f4c,-0.037247311827956917,510.86493333334465,False,1.5666535097781747e-06,51790.19867035288,6.604240462474457,505.5998424215558,492.8725696942831,492.8907605441909,503.1378751460252,510.41060241875243,510.41166628357786,121.41027163922294,121.41027163922294,121.29170692082526,122.22524453836112,122.22524453836112,122.10588394799163,6.604240462474457,6.604240462474457,6.604240462474457,0.0,0.0,0.0,-0.11455051924303916,0.11455051924303916,-76.36701282869278,0.0,0.0,0.0,0.1187758249997728,0.0593879124998864,79.18388333318187,-0.11671996625278513,0.3473312110391001,-77.8133108351901,0.3473312110391001,False,0.017992778302769345,0.00015103662727986575,0.018467177202089517,False
main_lens_y_mm,bilinear_intensity,lens_y_mm,y,-0.134,-0.134,-0.054000000000000006,0.0015,0.0055,0.005505376344086021,0.058651026392960576,511,463,559,97,558ff391774786b8,-0.037247311827956917,510.86493333334465,False,1.5672537254719292e-06,51810.04051146874,6.559308011076086,510.640686628091,497.9134139008183,497.9266820513057,508.7838609086729,516.0565881814001,516.0521383882543,121.42857339886795,121.42857339886795,121.30999080765812,122.2734547622083,122.2734547622083,122.15404709154208,6.559308011076086,6.559308011076086,6.559308011076086,-5.684341886080802e-14,5.684341886080802e-14,-3.789561257387201e-11,-0.10547275559713398,0.10547275559713398,-70.31517039808932,1.4210854715202004e-14,7.105427357601002e-15,9.473903143468002e-12,0.11406889152155486,0.05703444576077743,76.04592768103657,-0.11376132816220252,0.34095652953364347,-75.84088544146834,0.34095652953364347,False,0.015048879295917923,0.00014536917887708622,0.016984621641722864,False
main_lens_y_mm,production_searchsorted,lens_y_mm,y,-0.1325,-0.1325,-0.052500000000000005,0.0015,0.0055,0.005505376344086021,0.058651026392960576,511,463,559,97,35f4603a4c195f4c,-0.037247311827956917,510.86493333334465,False,1.566605204098685e-06,51788.60178838629,6.479917394480942,505.5998424215558,492.8725696942831,492.8907605441909,503.0583979779503,510.3311252506776,510.3322667299249,121.41027163922296,121.41027163922296,121.29170692082526,122.32562160614752,122.32562160614752,122.20616299129779,6.479917394480942,6.479917394480942,6.479917394480942,0.0,0.0,0.0,-0.07947716807490224,0.07947716807490224,-52.98477871660149,1.4210854715202004e-14,7.105427357601002e-15,9.473903143468002e-12,0.10037706778639688,0.05018853389319844,66.91804519093125,-0.12432306799351522,0.37649467398991165,-82.88204532901015,0.37649467398991165,False,0.019116041501667395,0.00016598296923709392,0.020275294987622122,False
main_lens_y_mm,bilinear_intensity,lens_y_mm,y,-0.1325,-0.1325,-0.052500000000000005,0.0015,0.0055,0.005505376344086021,0.058651026392960576,511,463,559,97,558ff391774786b8,-0.037247311827956917,510.86493333334465,False,1.567256275498538e-06,51810.12480986903,6.438154279282898,510.640686628091,497.9134139008183,497.9266820513057,508.7121600129879,515.9848872857152,515.9805075129752,121.42857339886795,121.42857339886795,121.30999080765812,122.36954809847992,122.36954809847992,122.25004658666501,6.438154279282898,6.438154279282898,6.438154279282898,0.0,0.0,0.0,-0.07170089568501226,0.07170089568501226,-47.800597123341504,0.0,0.0,0.0,0.09609333627162187,0.04804666813581093,64.06222418108125,-0.12115373179318834,0.3694101011527662,-80.76915452879223,0.3694101011527662,False,0.015940197238972633,0.00015975572388086967,0.01865731336437148,False
main_lens_y_mm,production_searchsorted,lens_y_mm,y,-0.131,-0.131,-0.051000000000000004,0.0015,0.0055,0.005505376344086021,0.058651026392960576,511,463,559,97,35f4603a4c195f4c,-0.037247311827956917,510.86493333334465,False,1.5665739117761787e-06,51787.56733144393,6.349547075541268,505.5998424215558,492.8725696942831,492.8907605441909,503.0211413544495,510.29386862717683,510.29504648984556,121.41027163922294,121.41027163922294,121.29170692082526,122.40627425818305,122.40627425818305,122.28673688097776,6.349547075541268,6.349547075541268,6.349547075541268,0.0,0.0,0.0,-0.03725662350075254,0.03725662350075254,-24.83774900050169,-1.4210854715202004e-14,7.105427357601002e-15,-9.473903143468002e-12,0.08065265203552485,0.040326326017762426,53.7684346903499,-0.13037031893967388,0.40238265707125387,-86.91354595978258,0.40238265707125387,False,0.020103156439280654,0.00018117621235880512,0.02207108367455883,False
main_lens_y_mm,bilinear_intensity,lens_y_mm,y,-0.131,-0.131,-0.051000000000000004,0.0015,0.0055,0.005505376344086021,0.058651026392960576,511,463,559,97,558ff391774786b8,-0.037247311827956917,510.86493333334465,False,1.5672651185221407e-06,51810.417141227794,6.31113552489948,510.640686628091,497.9134139008183,497.9266820513057,508.68080349578594,515.9535307685132,515.9491816173721,121.42857339886795,121.42857339886795,121.30999080765811,122.4462383957538,122.4462383957538,122.32666199107042,6.31113552489948,6.31113552489948,6.31113552489948,0.0,0.0,0.0,-0.031356517201970746,0.031356517201970746,-20.90434480131383,0.0,0.0,0.0,0.07669029727387056,0.03834514863693528,51.126864849247035,-0.12701875438341848,0.3945812693310177,-84.67916958894565,0.3945812693310177,False,0.016700433061582035,0.00017381841487187585,0.02030909716973351,False
main_lens_y_mm,production_searchsorted,lens_y_mm,y,-0.1295,-0.1295,-0.0495,0.0015,0.0055,0.005505376344086021,0.058651026392960576,511,463,559,97,35f4603a4c195f4c,-0.037247311827956917,510.86493333334465,False,1.5665633231854627e-06,51787.2172953872,6.214657905621413,505.5998424215558,492.8725696942831,492.8907605441909,503.0330556528779,510.3057829256052,510.3069491532169,121.41027163922294,121.41027163922294,121.29170692082526,122.4664611770681,122.4664611770681,122.34686502357486,6.214657905621413,6.214657905621413,6.214657905621413,0.0,0.0,0.0,0.011914298428393977,0.011914298428393977,7.942865618929318,0.0,0.0,0.0,0.060186918885051455,0.030093459442525727,40.1246125900343,-0.13488916991985445,0.424878084421024,-89.92611327990296,0.424878084421024,False,0.021006874740062326,0.00019597387652119742,0.023828152356725307,False
main_lens_y_mm,bilinear_intensity,lens_y_mm,y,-0.1295,-0.1295,-0.0495,0.0015,0.0055,0.005505376344086021,0.058651026392960576,511,463,559,97,558ff391774786b8,-0.037247311827956917,510.86493333334465,False,1.5672802635015425e-06,51810.91780170389,6.179751954576392,510.64068662809103,497.9134139008183,497.9266820513057,508.6962171516598,515.968944424387,515.9645802208477,121.42857339886795,121.42857339886795,121.30999080765811,122.50267912133933,122.50267912133933,122.38304759875989,6.179751954576392,6.179751954576392,6.179751954576392,5.684341886080802e-14,5.684341886080802e-14,3.789561257387201e-11,0.015413655873885546,0.015413655873885546,10.275770582590363,0.0,0.0,0.0,0.05644072558553148,0.02822036279276574,37.62715039035432,-0.1313835703230879,0.41635477420738953,-87.5890468820586,0.41635477420738953,False,0.017339705651651945,0.00018743175599619468,0.02191335377834939,False
main_lens_y_mm,production_searchsorted,lens_y_mm,y,-0.128,-0.128,-0.048,0.0015,0.0055,0.005505376344086021,0.058651026392960576,511,463,559,97,35f4603a4c195f4c,-0.037247311827956917,510.86493333334465,False,1.5665754958431191e-06,51787.619697293194,6.076724917359038,505.5998424215558,492.8725696942831,492.8907605441909,503.10013184665735,510.3728591193846,510.3739598429008,121.41027163922291,121.41027163922291,121.29170692082526,122.50579110886842,122.50579110886842,122.38615654723867,6.076724917359038,6.076724917359038,6.076724917359038,0.0,0.0,0.0,0.0670761937794282,0.0670761937794282,44.7174625196188,-2.842170943040401e-14,1.4210854715202004e-14,-1.8947806286936004e-11,0.0393299318003244,0.0196649659001622,26.2199545335496,-0.1379329882623752,0.44389567489341336,-91.95532550825014,0.44389567489341336,False,0.02173138622729623,0.00021045448153001394,0.025519491653006654,False
main_lens_y_mm,bilinear_intensity,lens_y_mm,y,-0.128,-0.128,-0.048,0.0015,0.0055,0.005505376344086021,0.058651026392960576,511,463,559,97,558ff391774786b8,-0.037247311827956917,510.86493333334465,False,1.5673009872797594e-06,51811.6028852813,6.045451242431369,510.64068662809103,497.9134139008183,497.9266820513057,508.7639555355724,516.0366828082997,516.0322524539946,121.42857339886794,121.42857339886794,121.30999080765811,122.53839523212105,122.53839523212105,122.41872883052717,6.045451242431369,6.045451242431369,6.045451242431369,0.0,0.0,0.0,0.06773838391256959,0.06773838391256959,45.158922608379726,-1.4210854715202004e-14,7.105427357601002e-15,-9.473903143468002e-12,0.035716110781720545,0.017858055390860272,23.81074052114703,-0.1343007121450226,0.43464758175469065,-89.53380809668172,0.43464758175469065,False,0.01789510572167337,0.0002006134590477998,0.023443644130489747,False
main_lens_y_mm,production_searchsorted,lens_y_mm,y,-0.1265,-0.1265,-0.0465,0.0015,0.0055,0.005505376344086021,0.058651026392960576,511,463,559,97,35f4603a4c195f4c,-0.037247311827956917,510.86493333334465,False,1.5666106455251464e-06,51788.78167025278,5.9371523674663065,505.5998424215558,492.8725696942831,492.8907605441909,503.226589803562,510.49931707628923,510.5002943057069,121.41027163922294,121.41027163922294,121.29170692082523,122.52401694819528,122.52401694819528,122.40436458789429,5.9371523674663065,5.9371523674663065,5.9371523674663065,0.0,0.0,0.0,0.12645795690463046,0.12645795690463046,84.30530460308698,2.842170943040401e-14,1.4210854715202004e-14,1.8947806286936004e-11,0.018225839326859727,0.009112919663429864,12.150559551239818,-0.1395725498927316,0.4593676751568021,-93.0483665951544,0.4593676751568021,False,0.022517665672036852,0.0002241847008906213,0.027117500648922824,False
main_lens_y_mm,bilinear_intensity,lens_y_mm,y,-0.1265,-0.1265,-0.0465,0.0015,0.0055,0.005505376344086021,0.058651026392960576,511,463,559,97,558ff391774786b8,-0.037247311827956917,510.86493333334465,False,1.5673258622604838e-06,51812.42519869368,5.9096115075708955,510.64068662809103,497.9134139008183,497.9266820513057,508.88792361568045,516.1606508884078,516.1560994715245,121.42857339886794,121.42857339886794,121.30999080765811,122.55309635366703,122.55309635366703,122.43341559550913,5.9096115075708955,5.9096115075708955,5.9096115075708955,0.0,0.0,0.0,0.12396808010805671,0.12396808010805671,82.64538673870447,0.0,0.0,0.0,0.014701121545982687,0.007350560772991344,9.80074769732179,-0.13583973486047363,0.44939485710198657,-90.55982324031575,0.44939485710198657,False,0.018383644788536335,0.00021333090716387236,0.02487406938610438,False
main_lens_y_mm,production_searchsorted,lens_y_mm,y,-0.125,-0.125,-0.045,0.0015,0.0055,0.005505376344086021,0.058651026392960576,511,463,559,97,35f4603a4c195f4c,-0.037247311827956917,510.86493333334465,False,1.5666671317095593e-06,51790.6489821342,5.797264438707374,505.5998424215558,492.8725696942831,492.8907605441909,503.4141192872112,510.68684655993843,510.68764065509475,121.41027163922294,121.41027163922294,121.29170692082523,122.5209042692461,122.5209042692461,122.40125494867067,5.797264438707374,5.797264438707374,5.797264438707374,0.0,0.0,0.0,0.1875294836492003,0.1875294836492003,125.01965576613352,0.0,0.0,0.0,-0.003112678949179326,0.001556339474589663,-2.075119299452884,-0.13988792875893274,0.47122903405839406,-93.25861917262183,0.47122903405839406,False,0.02329586157055098,0.00023823034479720433,0.028594273890469275,False
main_lens_y_mm,bilinear_intensity,lens_y_mm,y,-0.125,-0.125,-0.045,0.0015,0.0055,0.005505376344086021,0.058651026392960576,511,463,559,97,558ff391774786b8,-0.037247311827956917,510.86493333334465,False,1.567352870157595e-06,51813.31802173868,5.773532221590466,510.640686628091,497.9134139008183,497.9266820513057,509.06964252096964,516.3423697936969,516.3376409169452,121.42857339886795,121.42857339886795,121.30999080765811,122.54655468668297,122.54655468668297,122.42688031687176,5.773532221590466,5.773532221590466,5.773532221590466,-5.684341886080802e-14,5.684341886080802e-14,-3.789561257387201e-11,0.18171890528918766,0.18171890528918766,121.14593685945843,1.4210854715202004e-14,7.105427357601002e-15,9.473903143468002e-12,-0.006541666984062999,0.0032708334920314996,-4.361111322708666,-0.13607928598042918,0.4605354710917829,-90.71952398695278,0.4605354710917829,False,0.018821531010008226,0.00022555672478073501,0.02617970697195575,False
main_lens_y_mm,production_searchsorted,lens_y_mm,y,-0.1235,-0.1235,-0.0435,0.0015,0.0055,0.005505376344086021,0.058651026392960576,511,463,559,97,35f4603a4c195f4c,-0.037247311827956917,510.86493333334465,False,1.5667416390298284e-06,51793.112034043916,5.658302923022834,505.5998424215558,492.8725696942831,492.8907605441909,503.66128026473405,510.9340075374613,510.9345602644755,121.41027163922291,121.41027163922291,121.29170692082526,122.49620324012467,122.49620324012467,122.37657804164799,5.658302923022834,5.658302923022834,5.658302923022834,0.0,0.0,0.0,0.24716097752286714,0.24716097752286714,164.77398501524476,-2.842170943040401e-14,1.4210854715202004e-14,-1.8947806286936004e-11,-0.024701029121430906,0.012350514560715453,-16.467352747620605,-0.13896151568453963,0.47940375035065375,-92.64101045635975,0.47940375035065375,False,0.023893012701570206,0.0002531263756000549,0.02992204948830008,False
main_lens_y_mm,bilinear_intensity,lens_y_mm,y,-0.1235,-0.1235,-0.0435,0.0015,0.0055,0.005505376344086021,0.058651026392960576,511,463,559,97,558ff391774786b8,-0.037247311827956917,510.86493333334465,False,1.5673795922759677e-06,51814.20139755265,5.6384319224904855,510.640686628091,497.9134139008183,497.9266820513057,509.307662899867,516.5803901725942,516.5754288540663,121.42857339886795,121.42857339886795,121.30999080765811,122.51857432732302,122.51857432732302,122.39892728208149,5.6384319224904855,5.6384319224904855,5.6384319224904855,0.0,0.0,0.0,0.23802037889737448,0.23802037889737448,158.68025259824967,0.0,0.0,0.0,-0.027980359359943918,0.013990179679971959,-18.65357290662928,-0.13510029909998078,0.4679987706477681,-90.06686606665386,0.4679987706477681,False,0.019179819224305023,0.00023726211719297206,0.02733699810404943,False
main_lens_y_mm,production_searchsorted,lens_y_mm,y,-0.122,-0.122,-0.041999999999999996,0.0015,0.0055,0.005505376344086021,0.058651026392960576,511,463,559,97,35f4603a4c195f4c,-0.037247311827956917,510.86493333334465,False,1.5668295319345019e-06,51796.01758461163,5.521430163549952,505.5998424215558,492.8725696942831,492.8907605441909,503.96315740912644,511.23588468185375,511.2361426069691,121.41027163922294,121.41027163922294,121.29170692082523,122.44972886966819,122.44972886966819,122.3301490563189,5.521430163549952,5.521430163549952,5.521430163549952,0.0,0.0,0.0,0.30187714439239244,0.30187714439239244,201.25142959492828,2.842170943040401e-14,1.4210854715202004e-14,1.8947806286936004e-11,-0.04647437045647962,0.02323718522823981,-30.982913637653077,-0.13687275947288224,0.4837943861788182,-91.24850631525483,0.4837943861788182,False,0.02424380383931022,0.0002671201987647241,0.031073760833752427,False
main_lens_y_mm,bilinear_intensity,lens_y_mm,y,-0.122,-0.122,-0.041999999999999996,0.0015,0.0055,0.005505376344086021,0.058651026392960576,511,463,559,97,558ff391774786b8,-0.037247311827956917,510.86493333334465,False,1.5674034558284158e-06,51814.99027531953,5.505451032092911,510.64068662809103,497.9134139008183,497.9266820513057,509.59721905628743,516.8699463290147,516.8647022408028,121.42857339886795,121.42857339886795,121.30999080765811,122.46905715100459,122.46905715100459,122.34945846238053,5.505451032092911,5.505451032092911,5.505451032092911,5.684341886080802e-14,5.684341886080802e-14,3.789561257387201e-11,0.2895561564204172,0.2895561564204172,193.03743761361147,0.0,0.0,0.0,-0.049517176318431666,0.024758588159215833,-33.01145087895444,-0.13298089039757421,0.47169458539400716,-88.65392693171614,0.47169458539400716,False,0.01942281908670091,0.00024808734844260346,0.02832403394073083,False
main_lens_y_mm,production_searchsorted,lens_y_mm,y,-0.1205,-0.1205,-0.040499999999999994,0.0015,0.0055,0.005505376344086021,0.058651026392960576,511,463,559,97,35f4603a4c195f4c,-0.037247311827956917,510.86493333334465,False,1.5669253385182088e-06,51799.184744403596,5.387735123713926,505.5998424215558,492.8725696942831,492.8907605441909,504.31133616888866,511.5840634416159,511.5839813484112,121.41027163922294,121.41027163922294,121.29170692082526,122.38152864924888,122.38152864924888,122.26201543767733,5.387735123713926,5.387735123713926,5.387735123713926,0.0,0.0,0.0,0.3481787597622201,0.3481787597622201,232.1191731748134,0.0,0.0,0.0,-0.06820022041931395,0.034100110209656975,-45.46681361287597,-0.1336950398360255,0.4842768481203338,-89.13002655735032,0.4842768481203338,False,0.02439244520952949,0.0002787748611258476,0.03202365588627499,False
main_lens_y_mm,bilinear_intensity,lens_y_mm,y,-0.1205,-0.1205,-0.040499999999999994,0.0015,0.0055,0.005505376344086021,0.058651026392960576,511,463,559,97,558ff391774786b8,-0.037247311827956917,510.86493333334465,False,1.5674220076438123e-06,51815.603558473136,5.375657676243194,510.640686628091,497.9134139008183,497.9266820513057,509.9301912162923,517.2029184890196,517.1973492326827,121.42857339886795,121.42857339886795,121.30999080765812,122.39814713682104,122.39814713682104,122.27861769625774,5.375657676243194,5.375657676243194,5.375657676243194,-5.684341886080802e-14,5.684341886080802e-14,-3.789561257387201e-11,0.3329721600048856,0.3329721600048856,221.98144000325706,0.0,0.0,0.0,-0.07091001418355347,0.035455007091776736,-47.273342789035645,-0.12979335584971707,0.4715085288856916,-86.52890389981138,0.4715085288856916,False,0.01955549712730091,0.0002574660438024909,0.02912074461111267,False
main_lens_y_mm,production_searchsorted,lens_y_mm,y,-0.119,-0.119,-0.03899999999999999,0.0015,0.0055,0.005505376344086021,0.058651026392960576,511,463,559,97,35f4603a4c195f4c,-0.037247311827956917,510.86493333334465,False,1.56702330463489e-06,51802.42329371537,5.323926125707934,505.5998424215558,492.8725696942831,492.8907605441909,504.6942281537726,511.9669554264999,511.96649941534116,121.41027163922294,121.41027163922294,121.29170692082526,122.29209478729811,122.29209478729811,122.17266891348238,5.323926125707934,5.323926125707934,5.323926125707934,0.0,0.0,0.0,0.3828919848839405,0.3828919848839405,255.26132325596032,0.0,0.0,0.0,-0.08943386195076641,0.04471693097538321,-59.62257463384427,-0.06380899800599238,0.2368676133506984,-42.53933200399492,0.3828919848839405,False,0.024464307866748292,0.0002424363926389955,0.025368326431633188,False
main_lens_y_mm,bilinear_intensity,lens_y_mm,y,-0.119,-0.119,-0.03899999999999999,0.0015,0.0055,0.005505376344086021,0.058651026392960576,511,463,559,97,558ff391774786b8,-0.037247311827956917,510.86493333334465,False,1.567433182496277e-06,51815.97297508354,5.311602759696668,510.64068662809103,497.9134139008183,497.9266820513057,510.2954053842041,517.5681326569314,517.5622067461336,121.42857339886795,121.42857339886795,121.30999080765811,122.30641527320022,122.30641527320022,122.186975414535,5.311602759696668,5.311602759696668,5.311602759696668,5.684341886080802e-14,5.684341886080802e-14,3.789561257387201e-11,0.3652141679118017,0.3652141679118017,243.47611194120114,0.0,0.0,0.0,-0.0917318636208222,0.0458659318104111,-61.15457574721479,-0.06405491654652629,0.23831471572159854,-42.70327769768419,0.3652141679118017,False,0.019613347676863565,0.0002080808494590255,0.02214489581440243,False
main_lens_y_mm,production_searchsorted,lens_y_mm,y,-0.1175,-0.1175,-0.03749999999999999,0.0015,0.0055,0.005505376344086021,0.058651026392960576,511,463,559,97,35f4603a4c195f4c,-0.037247311827956917,510.86493333334465,False,1.5671179528839986e-06,51805.5521614545,5.42208489112859,505.5998424215558,492.8725696942831,492.8907605441909,505.0977278992764,512.3704551720036,512.3696051181247,121.41027163922294,121.41027163922294,121.29170692082526,122.18256588497204,122.18256588497204,122.06324697297498,5.42208489112859,5.42208489112859,5.42208489112859,0.0,0.0,0.0,0.40349974550377965,0.40349974550377965,268.9998303358531,0.0,0.0,0.0,-0.10952890232607615,0.054764451163038075,-73.0192682173841,0.09815876542065638,0.36874578310420864,65.43917694710426,0.40349974550377965,False,0.024538668529827595,0.00025636434735581764,0.029658903643830108,False
main_lens_y_mm,bilinear_intensity,lens_y_mm,y,-0.1175,-0.1175,-0.03749999999999999,0.0015,0.0055,0.005505376344086021,0.058651026392960576,511,463,559,97,558ff391774786b8,-0.037247311827956917,510.86493333334465,False,1.5674355336496237e-06,51816.05069916112,5.399608930733663,510.640686628091,497.9134139008183,497.9266820513057,510.6792559942607,517.951983266988,517.9456825020789,121.42857339886795,121.42857339886795,121.30999080765811,122.19503591691284,122.19503591691284,122.07570482715025,5.399608930733663,5.399608930733663,5.399608930733663,-5.684341886080802e-14,5.684341886080802e-14,-3.789561257387201e-11,0.3838506100565837,0.3838506100565837,255.90040670438913,0.0,0.0,0.0,-0.11137935628737239,0.055689678143686194,-74.25290419158159,0.08800617103699526,0.3313733161853431,58.67078069133017,0.3838506100565837,False,0.019666781095528735,0.0002282817266375721,0.025927741017551072,False
main_lens_y_mm,production_searchsorted,lens_y_mm,y,-0.11599999999999999,-0.11599999999999999,-0.03599999999999999,0.0015,0.0055,0.005505376344086021,0.058651026392960576,511,463,559,97,35f4603a4c195f4c,-0.037247311827956917,510.86493333334465,False,1.5672045834391104e-06,51808.415981458194,5.5239258492566075,505.5998424215558,492.8725696942831,492.8907605441909,505.50613859288995,512.7788658656173,512.7776169731703,121.41027163922294,121.41027163922294,121.29170692082526,122.05486357520994,122.05486357520994,121.93566937249976,5.5239258492566075,5.5239258492566075,5.5239258492566075,0.0,0.0,0.0,0.4084106936135754,0.4084106936135754,272.2737957423836,0.0,0.0,0.0,-0.12770230976209973,0.06385115488104987,-85.13487317473316,0.10184095812801708,0.37565239266041517,67.89397208534471,0.4084106936135754,False,0.024446830405690664,0.00025352209242010033,0.029335582590902784,False
main_lens_y_mm,bilinear_intensity,lens_y_mm,y,-0.11599999999999999,-0.11599999999999999,-0.03599999999999999,0.0015,0.0055,0.005505376344086021,0.058651026392960576,511,463,559,97,558ff391774786b8,-0.037247311827956917,510.86493333334465,False,1.5674283978142515e-06,51815.81480377691,5.491397616291181,510.640686628091,497.9134139008183,497.9266820513057,511.0665929706395,518.3393202433667,518.3326412196916,121.42857339886794,121.42857339886794,121.30999080765811,122.065905883926,122.065905883926,121.94670089771125,5.491397616291181,5.491397616291181,5.491397616291181,0.0,0.0,0.0,0.3873369763787764,0.3873369763787764,258.2246509191843,-1.4210854715202004e-14,7.105427357601002e-15,-9.473903143468002e-12,-0.12913003298683634,0.06456501649341817,-86.08668865789089,0.09178868555751762,0.3399827162855143,61.19245703834508,0.3873369763787764,False,0.01967699245710768,0.00022547939300605443,0.025769903715587572,False
main_lens_y_mm,production_searchsorted,lens_y_mm,y,-0.11449999999999999,-0.11449999999999999,-0.03449999999999999,0.0015,0.0055,0.005505376344086021,0.058651026392960576,511,463,559,97,35f4603a4c195f4c,-0.037247311827956917,510.86493333334465,False,1.5672796641732565e-06,51810.897989198565,5.629159025638468,505.5998424215558,492.8725696942831,492.8907605441909,505.90326820576104,513.1759954784883,513.1743587641538,121.41027163922294,121.41027163922294,121.29170692082526,121.91172367341518,121.91172367341518,121.79266925576536,5.629159025638468,5.629159025638468,5.629159025638468,0.0,0.0,0.0,0.3971296128710833,0.3971296128710833,264.75307524738884,0.0,0.0,0.0,-0.1431399017947541,0.07156995089737705,-95.42660119650274,0.10523317638186036,0.38100864947715507,70.15545092124025,0.3971296128710833,False,0.024247828311316708,0.0002492099450552388,0.02885320332559763,False
main_lens_y_mm,bilinear_intensity,lens_y_mm,y,-0.11449999999999999,-0.11449999999999999,-0.03449999999999999,0.0015,0.0055,0.005505376344086021,0.058651026392960576,511,463,559,97,558ff391774786b8,-0.037247311827956917,510.86493333334465,False,1.5674119747609603e-06,51815.271892924306,5.5867300009165275,510.640686628091,497.9134139008183,497.9266820513057,511.44177889030567,518.7145061630329,518.707460746858,121.42857339886798,121.42857339886798,121.30999080765811,121.92167000966523,121.92167000966523,121.8026058787964,5.5867300009165275,5.5867300009165275,5.5867300009165275,0.0,0.0,0.0,0.37518591966619397,0.37518591966619397,250.1239464441293,4.263256414560601e-14,2.1316282072803006e-14,2.8421709430404007e-11,-0.14423587426077233,0.07211793713038617,-96.15724950718156,0.09533238462534666,0.3472062716512337,63.55492308356443,0.37518591966619397,False,0.019652071573071014,0.00022214594148220942,0.025476268020163097,False
main_lens_y_mm,production_searchsorted,lens_y_mm,y,-0.11299999999999999,-0.11299999999999999,-0.03299999999999999,0.0015,0.0055,0.005505376344086021,0.058651026392960576,511,463,559,97,35f4603a4c195f4c,-0.037247311827956917,510.86493333334465,False,1.5673410742245617e-06,51812.92807353923,5.737385105031005,505.5998424215558,492.8725696942831,492.8907605441909,506.2735753716471,513.5463026443744,513.5443043019483,121.41027163922296,121.41027163922296,121.29170692082526,121.75660556372769,121.75660556372769,121.63770262860686,5.737385105031005,5.737385105031005,5.737385105031005,0.0,0.0,0.0,0.37030716588606083,0.37030716588606083,246.87144392404053,1.4210854715202004e-14,7.105427357601002e-15,9.473903143468002e-12,-0.15511810968749273,0.07755905484374637,-103.41207312499516,0.10822607939253714,0.3845195308912488,72.15071959502477,0.3845195308912488,False,0.024128913065399233,0.00024319922383033647,0.02821357869754325,False
main_lens_y_mm,bilinear_intensity,lens_y_mm,y,-0.11299999999999999,-0.11299999999999999,-0.03299999999999999,0.0015,0.0055,0.005505376344086021,0.058651026392960576,511,463,559,97,558ff391774786b8,-0.037247311827956917,510.86493333334465,False,1.567387312201616e-06,51814.45660170632,5.685259783303176,510.640686628091,497.9134139008183,497.9266820513057,511.7897994295474,519.0625267022746,519.055141422292,121.42857339886795,121.42857339886795,121.30999080765811,121.76563860113747,121.76563860113747,121.64672684469105,5.685259783303176,5.685259783303176,5.685259783303176,0.0,0.0,0.0,0.34802053924170195,0.34802053924170195,232.0136928278013,-2.842170943040401e-14,1.4210854715202004e-14,-1.8947806286936004e-11,-0.15603140852776676,0.07801570426388338,-104.02093901851117,0.09852978238664889,0.3527279190885711,65.68652159109926,0.3527279190885711,False,0.019622996011441726,0.0002181736308219113,0.025043305553253153,False
main_lens_y_mm,production_searchsorted,lens_y_mm,y,-0.11149999999999999,-0.11149999999999999,-0.031499999999999986,0.0015,0.0055,0.005505376344086021,0.058651026392960576,511,463,559,97,35f4603a4c195f4c,-0.037247311827956917,510.86493333334465,False,1.5673881853993327e-06,51814.485467746534,5.848073685095121,505.5998424215558,492.8725696942831,492.8907605441909,506.6032395619661,513.8759668346934,513.8736465545813,121.41027163922294,121.41027163922294,121.29170692082523,121.59349184270076,121.59349184270076,121.47474819832311,5.848073685095121,5.848073685095121,5.848073685095121,0.0,0.0,0.0,0.32966419031902205,0.32966419031902205,219.77612687934803,-1.4210854715202004e-14,7.105427357601002e-15,-9.473903143468002e-12,-0.16311372102693156,0.08155686051346578,-108.74248068462104,0.11068858006411642,0.38585027164049235,73.79238670941095,0.38585027164049235,False,0.023895061865975967,0.00023585597214349424,0.027419263336184194,False
main_lens_y_mm,bilinear_intensity,lens_y_mm,y,-0.11149999999999999,-0.11149999999999999,-0.031499999999999986,0.0015,0.0055,0.005505376344086021,0.058651026392960576,511,463,559,97,558ff391774786b8,-0.037247311827956917,510.86493333334465,False,1.567356197948718e-06,51813.42803136258,5.786511727788675,510.640686628091,497.9134139008183,497.9266820513057,512.0973045940622,519.3700318667894,519.3623462887946,121.42857339886794,121.42857339886794,121.30999080765811,121.60160767306664,121.60160767306664,121.48285610307342,5.786511727788675,5.786511727788675,5.786511727788675,0.0,0.0,0.0,0.3075051645147937,0.3075051645147937,205.00344300986248,-1.4210854715202004e-14,7.105427357601002e-15,-9.473903143468002e-12,-0.16403092807082942,0.08201546403541471,-109.35395204721961,0.10125194448549824,0.35619109185779413,67.50129632366549,0.35619109185779413,False,0.01956765495280631,0.0002132479797784571,0.024467305909040372,False
main_lens_y_mm,production_searchsorted,lens_y_mm,y,-0.11,-0.11,-0.03,0.0015,0.0055,0.005505376344086021,0.058651026392960576,511,463,559,97,35f4603a4c195f4c,-0.037247311827956917,510.86493333334465,False,1.567421786663485e-06,51815.59625333835,5.9605445010589415,505.5998424215558,492.8725696942831,492.8907605441909,506.88104295998187,514.1537702327091,514.1511786602163,121.41027163922294,121.41027163922294,121.29170692082526,121.42661542192748,121.42661542192748,121.3080347428045,5.9605445010589415,5.9605445010589415,5.9605445010589415,0.0,0.0,0.0,0.2778033980157488,0.2778033980157488,185.20226534383255,0.0,0.0,0.0,-0.1668764207732778,0.0834382103866389,-111.2509471821852,0.11247081596382014,0.38464226690738335,74.9805439758801,0.38464226690738335,False,0.023528599003310374,0.00022654360136114364,0.026473928765399675,False
main_lens_y_mm,bilinear_intensity,lens_y_mm,y,-0.11,-0.11,-0.03,0.0015,0.0055,0.005505376344086021,0.058651026392960576,511,463,559,97,558ff391774786b8,-0.037247311827956917,510.86493333334465,False,1.5673209724795406e-06,51812.26355304266,5.889862785093291,510.64068662809103,497.9134139008183,497.9266820513057,512.3534699450828,519.6261972178102,519.6182614783396,121.42857339886794,121.42857339886794,121.30999080765811,121.43361551130847,121.43361551130847,121.31502799616071,5.889862785093291,5.889862785093291,5.889862785093291,5.684341886080802e-14,5.684341886080802e-14,3.789561257387201e-11,0.256165351020627,0.256165351020627,170.77690068041798,0.0,0.0,0.0,-0.16799216175816412,0.08399608087908206,-111.99477450544275,0.10335105730461613,0.35721367955858935,68.90070486974409,0.35721367955858935,False,0.01940208923470392,0.00020699852348544777,0.02374537847460753,False
main_lens_y_mm,production_searchsorted,lens_y_mm,y,-0.1085,-0.1085,-0.028499999999999998,0.0015,0.0055,0.005505376344086021,0.058651026392960576,511,463,559,97,35f4603a4c195f4c,-0.037247311827956917,510.86493333334465,False,1.5674438755460741e-06,51816.32646433303,6.0739535864881695,505.5998424215558,492.8725696942831,492.8907605441909,507.09897938580684,514.3717066585341,514.3689022575004,121.41027163922294,121.41027163922294,121.29170692082526,121.26016693601078,121.26016693601078,121.14174880423732,6.0739535864881695,6.0739535864881695,6.0739535864881695,0.0,0.0,0.0,0.2179364258249734,0.2179364258249734,145.29095054998228,0.0,0.0,0.0,-0.16644848591670325,0.08322424295835162,-110.96565727780217,0.11340908542922801,0.38053263559756967,75.60605695281868,0.38053263559756967,False,0.022903011390019917,0.00021624770948857128,0.02538277033025003,False
main_lens_y_mm,bilinear_intensity,lens_y_mm,y,-0.1085,-0.1085,-0.028499999999999998,0.0015,0.0055,0.005505376344086021,0.058651026392960576,511,463,559,97,558ff391774786b8,-0.037247311827956917,510.86493333334465,False,1.5672842845553645e-06,51811.050729102964,5.994527716143526,510.640686628091,497.9134139008183,497.9266820513057,512.5505938107232,519.8233210834504,519.8151928402049,121.42857339886795,121.42857339886795,121.30999080765811,121.26568305404992,121.26568305404992,121.14725953544243,5.994527716143526,5.994527716143526,5.994527716143526,-5.684341886080802e-14,5.684341886080802e-14,-3.789561257387201e-11,0.19712386564037843,0.19712386564037843,131.41591042691894,1.4210854715202004e-14,7.105427357601002e-15,9.473903143468002e-12,-0.16793245725855854,0.08396622862927927,-111.9549715057057,0.10466493105023567,0.35540702685004183,69.77662070015711,0.35540702685004183,False,0.0191078395574164,0.00019957213370751538,0.022876546869340788,False
main_lens_y_mm,production_searchsorted,lens_y_mm,y,-0.107,-0.107,-0.026999999999999996,0.0015,0.0055,0.005505376344086021,0.058651026392960576,511,463,559,97,35f4603a4c195f4c,-0.037247311827956917,510.86493333334465,False,1.5674573541458535e-06,51816.772037879455,6.187286235669991,505.5998424215558,492.8725696942831,492.8907605441909,507.2525437728039,514.5252710455312,514.5223166792757,121.41027163922294,121.41027163922294,121.29170692082526,121.09803763114748,121.09803763114748,120.9797778287733,6.187286235669991,6.187286235669991,6.187286235669991,0.0,0.0,0.0,0.15356438699706132,0.15356438699706132,102.37625799804088,0.0,0.0,0.0,-0.16212930486329924,0.08106465243164962,-108.08620324219949,0.11333264918182184,0.37317588146849295,75.5550994545479,0.37317588146849295,False,0.022050316724551062,0.00020476229542706914,0.024152975359660697,False
main_lens_y_mm,bilinear_intensity,lens_y_mm,y,-0.107,-0.107,-0.026999999999999996,0.0015,0.0055,0.005505376344086021,0.058651026392960576,511,463,559,97,558ff391774786b8,-0.037247311827956917,510.86493333334465,False,1.5672488192834595e-06,51809.878323420155,6.099551089919345,510.640686628091,497.9134139008183,497.9266820513057,512.6843835924512,519.9571108651785,519.9488519678492,121.42857339886795,121.42857339886795,121.30999080765811,121.10158735603937,121.10158735603937,120.98332408713699,6.099551089919345,6.099551089919345,6.099551089919345,0.0,0.0,0.0,0.1337897817280691,0.1337897817280691,89.19318781871273,0.0,0.0,0.0,-0.16409569801054147,0.08204784900527073,-109.39713200702765,0.10502337377581838,0.35039749167556883,70.01558251721225,0.35039749167556883,False,0.018733610213488773,0.0001909342643722253,0.021862824334545207,False
main_lens_y_mm,production_searchsorted,lens_y_mm,y,-0.1055,-0.1055,-0.025499999999999995,0.0015,0.0055,0.005505376344086021,0.058651026392960576,511,463,559,97,35f4603a4c195f4c,-0.037247311827956917,510.86493333334465,False,1.5674656749454828e-06,51817.04710563579,6.299358379101309,505.5998424215558,492.8725696942831,492.8907605441909,507.3406977445459,514.6134250172731,514.6103845631548,121.41027163922294,121.41027163922294,121.29170692082523,120.94364178438323,120.94364178438323,120.82553275920314,6.299358379101309,6.299358379101309,6.299358379101309,0.0,0.0,0.0,0.08815397174197415,0.08815397174197415,58.76931449464943,0.0,0.0,0.0,-0.15439584676424545,0.07719792338212272,-102.93056450949696,0.11207214343131788,0.3622659083887756,74.71476228754526,0.3622659083887756,False,0.021145336928582295,0.00019373105234036988,0.02279424598982371,False
main_lens_y_mm,bilinear_intensity,lens_y_mm,y,-0.1055,-0.1055,-0.025499999999999995,0.0015,0.0055,0.005505376344086021,0.058651026392960576,511,463,559,97,558ff391774786b8,-0.037247311827956917,510.86493333334465,False,1.5672170309904044e-06,51808.827470757176,6.203807309264258,510.64068662809103,497.9134139008183,497.9266820513057,512.753925542595,520.0266528153223,520.0183260059323,121.42857339886795,121.42857339886795,121.30999080765812,120.94470690541291,120.94470690541291,120.82659684007558,6.203807309264258,6.203807309264258,6.203807309264258,5.684341886080802e-14,5.684341886080802e-14,3.789561257387201e-11,0.06954195014372999,0.06954195014372999,46.36130009581999,0.0,0.0,0.0,-0.15688045062645983,0.07844022531322992,-104.58696708430655,0.10425621934491325,0.34184882725948884,69.50414622994217,0.34184882725948884,False,0.01825840731920846,0.0001814674975273155,0.020710150918026523,False
main_lens_y_mm,production_searchsorted,lens_y_mm,y,-0.104,-0.104,-0.023999999999999994,0.0015,0.0055,0.005505376344086021,0.058651026392960576,511,463,559,97,35f4603a4c195f4c,-0.037247311827956917,510.86493333334465,False,1.5674724821663638e-06,51817.27213773104,6.408827576316163,505.5998424215558,492.8725696942831,492.8907605441909,507.3655462217719,514.6382734944991,514.6352087742897,121.41027163922296,121.41027163922296,121.29170692082526,120.79984152598767,120.79984152598767,120.68187293074745,6.408827576316163,6.408827576316163,6.408827576316163,0.0,0.0,0.0,0.024848477226043997,0.024848477226043997,16.56565148402933,1.4210854715202004e-14,7.105427357601002e-15,9.473903143468002e-12,-0.143800258395558,0.071900129197779,-95.866838930372,0.10946919721485404,0.34755665776383826,72.9794648099027,0.34755665776383826,False,0.020164269744491873,0.00018232431788287599,0.02131933284049125,False
main_lens_y_mm,bilinear_intensity,lens_y_mm,y,-0.104,-0.104,-0.023999999999999994,0.0015,0.0055,0.005505376344086021,0.058651026392960576,511,463,559,97,558ff391774786b8,-0.037247311827956917,510.86493333334465,False,1.5671909119467158e-06,51807.96403129639,6.306009945629852,510.640686628091,497.9134139008183,497.9266820513057,512.761371264803,520.0340985375302,520.0257644569272,121.42857339886795,121.42857339886795,121.30999080765812,120.79795797827366,120.79795797827366,120.67999122243548,6.306009945629852,6.306009945629852,6.306009945629852,-5.684341886080802e-14,5.684341886080802e-14,-3.789561257387201e-11,0.007445722207990002,0.007445722207990002,4.963814805326668,0.0,0.0,0.0,-0.14674892713925658,0.07337446356962829,-97.83261809283772,0.10220263636559412,0.3294835937698228,68.13509091039609,0.3294835937698228,False,0.017706753448015578,0.0001713931932766034,0.019429089412905037,False
main_lens_y_mm,production_searchsorted,lens_y_mm,y,-0.1025,-0.1025,-0.022499999999999992,0.0015,0.0055,0.005505376344086021,0.058651026392960576,511,463,559,97,35f4603a4c195f4c,-0.037247311827956917,510.86493333334465,False,1.567481288434193e-06,51817.56325402291,6.5142142828187675,505.5998424215558,492.8725696942831,492.8907605441909,507.33179100249487,514.6045182752222,514.601486519094,121.41027163922294,121.41027163922294,121.29170692082526,120.66897151649658,120.66897151649658,120.551130724,6.5142142828187675,6.5142142828187675,6.5142142828187675,0.0,0.0,0.0,-0.03375521927705449,0.03375521927705449,-22.50347951803633,-1.4210854715202004e-14,7.105427357601002e-15,-9.473903143468002e-12,-0.1308700094910904,0.0654350047455452,-87.24667299406026,0.10538670650260418,0.3288798309758277,70.25780433506945,0.3288798309758277,False,0.0192074398084332,0.0001700643839568761,0.0197445243237972,False
main_lens_y_mm,bilinear_intensity,lens_y_mm,y,-0.1025,-0.1025,-0.022499999999999992,0.0015,0.0055,0.005505376344086021,0.058651026392960576,511,463,559,97,558ff391774786b8,-0.037247311827956917,510.86493333334465,False,1.567171822400708e-06,51807.33297192423,6.404731144935204,510.640686628091,497.9134139008183,497.9266820513057,512.7114049606942,519.9841322334214,519.9758469480372,121.42857339886794,121.42857339886794,121.30999080765811,120.66381794338912,120.66381794338912,120.54598218367877,6.404731144935204,6.404731144935204,6.404731144935204,0.0,0.0,0.0,-0.04996630410880698,0.04996630410880698,-33.31086940587132,-1.4210854715202004e-14,7.105427357601002e-15,-9.473903143468002e-12,-0.1341400348845383,0.06707001744226915,-89.42668992302553,0.09872119930535206,0.3131019461006945,65.8141328702347,0.3131019461006945,False,0.017098623757278268,0.00016048001788423783,0.01803522566788193,False
main_lens_y_mm,production_searchsorted,lens_y_mm,y,-0.10099999999999999,-0.10099999999999999,-0.02099999999999999,0.0015,0.0055,0.005505376344086021,0.058651026392960576,511,463,559,97,35f4603a4c195f4c,-0.037247311827956917,510.86493333334465,False,1.5674952156226e-06,51818.02365694546,6.613933386583856,505.5998424215558,492.8725696942831,492.8907605441909,507.2460460124296,514.5187732851568,514.5158252643706,121.41027163922294,121.41027163922294,121.29170692082526,120.55293774946442,120.55293774946442,120.43521027119347,6.613933386583856,6.613933386583856,6.613933386583856,0.0,0.0,0.0,-0.08574499006527958,0.08574499006527958,-57.16332671018638,0.0,0.0,0.0,-0.11603376703216384,0.05801688351608192,-77.35584468810923,0.09971910376508841,0.3061585002756125,66.47940251005895,0.3061585002756125,False,0.018167239429241405,0.00015754396060740835,0.018090073460784284,False
main_lens_y_mm,bilinear_intensity,lens_y_mm,y,-0.10099999999999999,-0.10099999999999999,-0.02099999999999999,0.0015,0.0055,0.005505376344086021,0.058651026392960576,511,463,559,97,558ff391774786b8,-0.037247311827956917,510.86493333334465,False,1.5671603983270453e-06,51806.95531659654,6.498431225997001,510.640686628091,497.9134139008183,497.9266820513057,512.6105741782285,519.8833014509559,519.8751146331326,121.42857339886794,121.42857339886794,121.30999080765811,120.54441046680864,120.54441046680864,120.42669131596213,6.498431225997001,6.498431225997001,6.498431225997001,0.0,0.0,0.0,-0.10083078246566402,0.10083078246566402,-67.22052164377601,0.0,0.0,0.0,-0.11940747658047712,0.05970373829023856,-79.60498438698475,0.0937000810617965,0.2925964539070264,62.46672070786433,0.2925964539070264,False,0.016395171341127453,0.00014882853186903947,0.016549304988638013,False
main_lens_y_mm,production_searchsorted,lens_y_mm,y,-0.09949999999999999,-0.09949999999999999,-0.01949999999999999,0.0015,0.0055,0.005505376344086021,0.058651026392960576,511,463,559,97,35f4603a4c195f4c,-0.037247311827956917,510.86493333334465,False,1.567516815232945e-06,51818.73769365108,6.706335274622077,505.5998424215558,492.8725696942831,492.8907605441909,507.11610389945037,514.3888311721777,514.386010047986,121.41027163922294,121.41027163922294,121.29170692082526,120.45334923048559,120.45334923048559,120.33571900662768,6.706335274622077,6.706335274622077,6.706335274622077,0.0,0.0,0.0,-0.1299421129792222,0.1299421129792222,-86.62807531948147,0.0,0.0,0.0,-0.09958851897883392,0.04979425948941696,-66.39234598588928,0.09240188803822136,0.27941584118659407,61.60125869214757,0.27941584118659407,False,0.017051949788558125,0.0001451212893372061,0.016380645144797267,False
main_lens_y_mm,bilinear_intensity,lens_y_mm,y,-0.09949999999999999,-0.09949999999999999,-0.01949999999999999,0.0015,0.0055,0.005505376344086021,0.058651026392960576,511,463,559,97,558ff391774786b8,-0.037247311827956917,510.86493333334465,False,1.567156542240949e-06,51806.827842676,6.585497868655526,510.640686628091,497.9134139008183,497.9266820513057,512.4665719464394,519.7392992191667,519.731253028523,121.42857339886795,121.42857339886795,121.30999080765811,120.44161389494052,120.44161389494052,120.32399513137123,6.585497868655526,6.585497868655526,6.585497868655526,0.0,0.0,0.0,-0.14400223178904525,0.14400223178904525,-96.00148785936351,1.4210854715202004e-14,7.105427357601002e-15,9.473903143468002e-12,-0.10279657186812585,0.051398285934062926,-68.5310479120839,0.0870666426585256,0.2679620346221874,58.04442843901706,0.2679620346221874,False,0.015588462449344566,0.0001370046636633146,0.014997264002786634,False
main_lens_y_mm,production_searchsorted,lens_y_mm,y,-0.09799999999999999,-0.09799999999999999,-0.017999999999999988,0.0015,0.0055,0.005505376344086021,0.058651026392960576,511,463,559,97,35f4603a4c195f4c,-0.037247311827956917,510.86493333334465,False,1.5675479702082079e-06,51819.76761018869,6.789754934370821,505.5998424215558,492.8725696942831,492.8907605441909,506.95023580838944,514.2229630811167,514.2203039374828,121.41027163922294,121.41027163922294,121.29170692082526,120.37163654996604,120.37163654996604,120.25408612364772,6.789754934370821,6.789754934370821,6.789754934370821,0.0,0.0,0.0,-0.16586809106092915,0.16586809106092915,-110.57872737395276,0.0,0.0,0.0,-0.08171268051954428,0.04085634025977214,-54.47512034636285,0.08341965974874377,0.24877867369505985,55.61310649916251,0.24877867369505985,False,0.01580752595197431,0.00013175104254752423,0.014646045736903385,False
main_lens_y_mm,bilinear_intensity,lens_y_mm,y,-0.09799999999999999,-0.09799999999999999,-0.017999999999999988,0.0015,0.0055,0.005505376344086021,0.058651026392960576,511,463,559,97,558ff391774786b8,-0.037247311827956917,510.86493333334465,False,1.567159491285308e-06,51806.92533174572,6.664293532649693,510.640686628091,497.9134139008183,497.9266820513057,512.2875506292156,519.560277901943,519.5524065368043,121.42857339886795,121.42857339886795,121.30999080765812,120.3571505480154,120.3571505480154,120.23961426818335,6.664293532649693,6.664293532649693,6.664293532649693,0.0,0.0,0.0,-0.1790213172238282,0.1790213172238282,-119.34754481588546,0.0,0.0,0.0,-0.08446334692511925,0.04223167346255963,-56.308897950079505,0.07879566399416671,0.23930055271661146,52.53044266277781,0.23930055271661146,False,0.014710408993509382,0.00012438078277173046,0.013410498225711415,False
main_lens_y_mm,production_searchsorted,lens_y_mm,y,-0.0965,-0.0965,-0.0165,0.0015,0.0055,0.005505376344086021,0.058651026392960576,511,463,559,97,35f4603a4c195f4c,-0.037247311827956917,510.86493333334465,False,1.5675898690873573e-06,51821.15269710272,6.862566880777405,505.5998424215558,492.8725696942831,492.8907605441909,506.75658859352546,514.0293158662527,514.0268458312271,121.41027163922294,121.41027163922294,121.29170692082523,120.30911779319874,120.30911779319874,120.19162842035381,6.862566880777405,6.862566880777405,6.862566880777405,0.0,0.0,0.0,-0.1936472148639723,0.1936472148639723,-129.0981432426482,0.0,0.0,0.0,-0.06251875676730378,0.03125937838365189,-41.67917117820252,0.07281194640658395,0.2144759188229262,48.5412976043893,0.2144759188229262,False,0.014548293783245372,0.00011746705723530889,0.01292277751790246,False
main_lens_y_mm,bilinear_intensity,lens_y_mm,y,-0.0965,-0.0965,-0.0165,0.0015,0.0055,0.005505376344086021,0.058651026392960576,511,463,559,97,558ff391774786b8,-0.037247311827956917,510.86493333334465,False,1.5671679475150467e-06,51807.20487653047,6.7332090230211366,510.640686628091,497.9134139008183,497.9266820513057,512.0815306350098,519.3542579077371,519.3465877339991,121.42857339886794,121.42857339886794,121.30999080765811,120.2926215025257,120.2926215025257,120.17514823933963,6.7332090230211366,6.7332090230211366,6.7332090230211366,0.0,0.0,0.0,-0.20601999420580341,0.20601999420580341,-137.34666280386895,-1.4210854715202004e-14,7.105427357601002e-15,-9.473903143468002e-12,-0.0645290454896923,0.03226452274484615,-43.01936365979486,0.06891549037144351,0.20682009288400302,45.943660247629005,0.20682009288400302,False,0.01371281105450701,0.00011116457018915224,0.011826968768289196,False
main_lens_y_mm,production_searchsorted,lens_y_mm,y,-0.095,-0.095,-0.015,0.0015,0.0055,0.005505376344086021,0.058651026392960576,511,463,559,97,35f4603a4c195f4c,-0.037247311827956917,510.86493333334465,False,1.5676430365416967e-06,51822.91029889906,6.92324309524891,505.5998424215558,492.8725696942831,492.8907605441909,506.5427208161058,513.8154480888331,513.8131869090588,121.41027163922291,121.41027163922291,121.29170692082523,120.26698768829817,120.26698768829817,120.1495394581338,6.92324309524891,6.92324309524891,6.92324309524891,0.0,0.0,0.0,-0.2138677774196367,0.2138677774196367,-142.5785182797578,-2.842170943040401e-14,1.4210854715202004e-14,-1.8947806286936004e-11,-0.0421301049005649,0.02106505245028245,-28.0867366003766,0.060676214471505396,0.17683241715709697,40.45080964767026,0.2138677774196367,False,0.013336719633172033,0.00010267032554760399,0.01125737115595307,False
main_lens_y_mm,bilinear_intensity,lens_y_mm,y,-0.095,-0.095,-0.015,0.0015,0.0055,0.005505376344086021,0.058651026392960576,511,463,559,97,558ff391774786b8,-0.037247311827956917,510.86493333334465,False,1.5671802493993452e-06,51807.61155039158,6.7907204916054065,510.640686628091,497.9134139008183,497.9266820513057,511.8559446570529,519.1286719297801,519.1212220548487,121.42857339886795,121.42857339886795,121.30999080765811,120.24946662843367,120.24946662843367,120.13203550867932,6.7907204916054065,6.7907204916054065,6.7907204916054065,0.0,0.0,0.0,-0.22558597795693913,0.22558597795693913,-150.39065197129275,1.4210854715202004e-14,7.105427357601002e-15,9.473903143468002e-12,-0.04315487409203911,0.021577437046019554,-28.769916061359403,0.05751146858426992,0.17082929814783912,38.34097905617995,0.22558597795693913,False,0.012585767343593209,9.756892174001309e-05,0.010294132675384721,False
main_lens_y_mm,production_searchsorted,lens_y_mm,y,-0.0935,-0.0935,-0.013499999999999998,0.0015,0.0055,0.005505376344086021,0.058651026392960576,511,463,559,97,35f4603a4c195f4c,-0.037247311827956917,510.86493333334465,False,1.567707402146596e-06,51825.03808749078,6.970410732559382,505.5998424215558,492.8725696942831,492.8907605441909,506.31529537717245,513.5880226498997,513.5859835652807,121.41027163922294,121.41027163922294,121.29170692082526,120.24622648756674,120.24622648756674,120.12879853201248,6.970410732559382,6.970410732559382,6.970410732559382,0.0,0.0,0.0,-0.22742543893338052,0.22742543893338052,-151.61695928892036,2.842170943040401e-14,1.4210854715202004e-14,1.8947806286936004e-11,-0.020761200731428175,0.010380600365714088,-13.840800487618784,0.04716763731047191,0.13625879276965094,31.445091540314607,0.22742543893338052,False,0.012040649666084308,8.77400455461839e-05,0.009712888661354776,False
main_lens_y_mm,bilinear_intensity,lens_y_mm,y,-0.0935,-0.0935,-0.013499999999999998,0.0015,0.0055,0.005505376344086021,0.058651026392960576,511,463,559,97,558ff391774786b8,-0.037247311827956917,510.86493333334465,False,1.5671945617384076e-06,51808.0846855672,6.835446704203348,510.64068662809103,497.9134139008183,497.9266820513057,511.6173350969419,518.8900623696692,518.8828455118862,121.42857339886795,121.42857339886795,121.30999080765811,120.2288494785448,120.2288494785448,120.1114384927259,6.835446704203348,6.835446704203348,6.835446704203348,5.684341886080802e-14,5.684341886080802e-14,3.789561257387201e-11,-0.23860956011100143,0.23860956011100143,-159.07304007400094,0.0,0.0,0.0,-0.02061714988886365,0.010308574944431825,-13.744766592575766,0.04472621259794174,0.1317274438057984,29.81747506529449,0.23860956011100143,False,0.0113533718337967,8.405679913673673e-05,0.008875073388423058,False
main_lens_y_mm,production_searchsorted,lens_y_mm,y,-0.092,-0.092,-0.011999999999999997,0.0015,0.0055,0.005505376344086021,0.058651026392960576,511,463,559,97,35f4603a4c195f4c,-0.037247311827956917,510.86493333334465,False,1.5677823911122778e-06,51827.5170615629,7.002906152017314,505.5998424215558,492.8725696942831,492.8907605441909,506.0799266100241,513.3526538827514,513.350844650444,121.41027163922296,121.41027163922296,121.29170692082526,120.24744609458199,120.24744609458199,120.13001694800525,7.002906152017314,7.002906152017314,7.002906152017314,0.0,0.0,0.0,-0.23536876714837263,0.23536876714837263,-156.9125114322484,1.4210854715202004e-14,7.105427357601002e-15,9.473903143468002e-12,0.0012196070152441507,0.0006098035076220754,0.8130713434961004,0.03249541945793144,0.09323817693021322,21.663612971954294,0.23536876714837263,False,0.010633267528405885,7.306044837916096e-05,0.008379507737561402,False
main_lens_y_mm,bilinear_intensity,lens_y_mm,y,-0.092,-0.092,-0.011999999999999997,0.0015,0.0055,0.005505376344086021,0.058651026392960576,511,463,559,97,558ff391774786b8,-0.037247311827956917,510.86493333334465,False,1.5672090631602234e-06,51808.564071412344,6.866203167544081,510.640686628091,497.9134139008183,497.9266820513057,511.37120275752403,518.6439300302512,518.6369535360811,121.42857339886795,121.42857339886795,121.30999080765811,120.23148662930846,120.23148662930846,120.11407306814702,6.866203167544081,6.866203167544081,6.866203167544081,-5.684341886080802e-14,5.684341886080802e-14,-3.789561257387201e-11,-0.24613233941784074,0.24613233941784074,-164.08822627856048,0.0,0.0,0.0,0.0026371507636611113,0.0013185753818305557,1.7581005091074076,0.03075646334073312,0.08999108521121209,20.50430889382208,0.24613233941784074,False,0.010015864254255224,7.143822298503102e-05,0.007658597427490351,False
main_lens_y_mm,production_searchsorted,lens_y_mm,y,-0.0905,-0.0905,-0.010499999999999995,0.0015,0.0055,0.005505376344086021,0.058651026392960576,511,463,559,97,35f4603a4c195f4c,-0.037247311827956917,510.86493333334465,False,1.5678670250914503e-06,51830.31487905621,7.019821897854549,505.5998424215558,492.8725696942831,492.8907605441909,505.8411656684128,513.1138929411401,513.1123168738147,121.41027163922294,121.41027163922294,121.29170692082526,120.27070779912702,120.27070779912702,120.15325593604194,7.019821897854549,7.019821897854549,7.019821897854549,0.0,0.0,0.0,-0.23876094161124684,0.23876094161124684,-159.17396107416457,-1.4210854715202004e-14,7.105427357601002e-15,-9.473903143468002e-12,0.0232617045450354,0.0116308522725177,15.507803030023599,0.01691574583723554,0.04831064552353783,11.27716389149036,0.23876094161124684,False,0.009136201608262562,6.278559546293652e-05,0.0073845874574541915,False
main_lens_y_mm,bilinear_intensity,lens_y_mm,y,-0.0905,-0.0905,-0.010499999999999995,0.0015,0.0055,0.005505376344086021,0.058651026392960576,511,463,559,97,558ff391774786b8,-0.037247311827956917,510.86493333334465,False,1.5672221149644611e-06,51808.995536015245,6.882049740346628,510.64068662809103,497.9134139008183,497.9266820513057,511.1219912953762,518.3947185681035,518.3879854445017,121.42857339886795,121.42857339886795,121.30999080765812,120.25745687517956,120.25745687517956,120.1400179524499,6.882049740346628,6.882049740346628,6.882049740346628,5.684341886080802e-14,5.684341886080802e-14,3.789561257387201e-11,-0.24921146214785495,0.24921146214785495,-166.14097476523662,0.0,0.0,0.0,0.02597024587109331,0.012985122935546656,17.313497247395542,0.015846572802546532,0.04615818208657688,10.564381868364356,0.24921146214785495,False,0.008624307426053524,6.0954794447099346e-05,0.006768177749106907,False
main_lens_y_mm,production_searchsorted,lens_y_mm,y,-0.089,-0.089,-0.008999999999999994,0.0015,0.0055,0.005505376344086021,0.058651026392960576,511,463,559,97,35f4603a4c195f4c,-0.037247311827956917,510.86493333334465,False,1.5679600261485678e-06,51833.38929416753,7.020543604841342,505.5998424215558,492.8725696942831,492.8907605441909,505.60260076198176,512.875328034709,512.8739849409251,121.41027163922291,121.41027163922291,121.29170692082523,120.31535505785605,120.31535505785605,120.19785959393238,7.020543604841342,7.020543604841342,7.020543604841342,0.0,0.0,0.0,-0.23856490643106554,0.23856490643106554,-159.0432709540437,-2.842170943040401e-14,1.4210854715202004e-14,-1.8947806286936004e-11,0.04464725872902875,0.022323629364514375,29.76483915268583,0.0007217069867930803,0.0020561974286374806,0.48113799119538686,0.23856490643106554,False,0.007677305378381007,5.391074989701122e-05,0.006879527150342779,False
main_lens_y_mm,bilinear_intensity,lens_y_mm,y,-0.089,-0.089,-0.008999999999999994,0.0015,0.0055,0.005505376344086021,0.058651026392960576,511,463,559,97,558ff391774786b8,-0.037247311827956917,510.86493333334465,False,1.5672324006594687e-06,51809.3355589907,6.882328665860323,510.64068662809103,497.9134139008183,497.9266820513057,510.8731849151767,518.145912187904,518.139422039283,121.42857339886795,121.42857339886795,121.30999080765811,120.30603382849411,120.30603382849411,120.18854746733349,6.882328665860323,6.882328665860323,6.882328665860323,0.0,0.0,0.0,-0.24880638019948265,0.24880638019948265,-165.87092013298843,0.0,0.0,0.0,0.048576953314551474,0.024288476657275737,32.384635543034314,0.00027892551369479435,0.0008105884851705408,0.18595034246319622,0.24880638019948265,False,0.0073621243454314355,5.2801068982852564e-05,0.006346465505855948,False
main_lens_y_mm,production_searchsorted,lens_y_mm,y,-0.0875,-0.0875,-0.007499999999999993,0.0015,0.0055,0.005505376344086021,0.058651026392960576,511,463,559,97,35f4603a4c195f4c,-0.037247311827956917,510.86493333334465,False,1.568059920745935e-06,51836.691594906944,7.004774424012852,505.5998424215558,492.8725696942831,492.8907605441909,505.3670470551571,512.6397743278843,512.6386612670173,121.41027163922294,121.41027163922294,121.29170692082526,120.37990411511352,120.37990411511352,120.26234561500111,7.004774424012852,7.004774424012852,7.004774424012852,0.0,0.0,0.0,-0.23555370682464627,0.23555370682464627,-157.03580454976418,2.842170943040401e-14,1.4210854715202004e-14,1.8947806286936004e-11,0.06454905725746585,0.032274528628732924,43.032704838310565,-0.015769180828490548,0.04492296242591863,-10.512787218993699,0.23555370682464627,False,0.007305908211227504,5.2467121938493886e-05,0.006969953888143387,False
main_lens_y_mm,bilinear_intensity,lens_y_mm,y,-0.0875,-0.0875,-0.007499999999999993,0.0015,0.0055,0.005505376344086021,0.058651026392960576,511,463,559,97,558ff391774786b8,-0.037247311827956917,510.86493333334465,False,1.5672390304661006e-06,51809.554726152084,6.866690547835116,510.640686628091,497.9134139008183,497.9266820513057,510.6274951742666,517.9002224469938,517.8939722297605,121.42857339886795,121.42857339886795,121.30999080765811,120.37558410167034,120.37558410167034,120.25802982032107,6.866690547835116,6.866690547835116,6.866690547835116,-5.684341886080802e-14,5.684341886080802e-14,-3.789561257387201e-11,-0.24568974091010887,0.24568974091010887,-163.79316060673924,0.0,0.0,0.0,0.06955027317623319,0.034775136588116595,46.36684878415546,-0.015638118025206538,0.045444263953214444,-10.425412016804358,0.24568974091010887,False,0.006883143472797353,5.177751703815569e-05,0.006485371537660754,False
main_lens_y_mm,production_searchsorted,lens_y_mm,y,-0.086,-0.086,-0.0059999999999999915,0.0015,0.0055,0.005505376344086021,0.058651026392960576,511,463,559,97,35f4603a4c195f4c,-0.037247311827956917,510.86493333334465,False,1.5681651421049667e-06,51840.16998694105,6.972545406166957,505.5998424215558,492.8725696942831,492.8907605441909,505.1368024275225,512.4095297002498,512.408641487652,121.41027163922294,121.41027163922294,121.29170692082523,120.46202502032055,120.46202502032055,120.34438632401162,6.972545406166957,6.972545406166957,6.972545406166957,0.0,0.0,0.0,-0.23024462763459042,0.23024462763459042,-153.49641842306028,0.0,0.0,0.0,0.08212090520703441,0.041060452603517206,54.74727013802294,-0.0322290178458946,0.0920201448184007,-21.48601189726307,0.23024462763459042,False,0.007605684908039818,5.853741266042128e-05,0.0076331669929063685,False
main_lens_y_mm,bilinear_intensity,lens_y_mm,y,-0.086,-0.086,-0.0059999999999999915,0.0015,0.0055,0.005505376344086021,0.058651026392960576,511,463,559,97,558ff391774786b8,-0.037247311827956917,510.86493333334465,False,1.5672416082401836e-06,51809.63994182425,6.835106606783154,510.640686628091,497.9134139008183,497.9266820513057,510.38711409543606,517.6598413681634,517.6538258980772,121.42857339886795,121.42857339886795,121.30999080765811,120.46356247790735,120.46356247790735,120.345922280175,6.835106606783154,6.835106606783154,6.835106606783154,0.0,0.0,0.0,-0.24038107883052362,0.24038107883052362,-160.2540525536824,0.0,0.0,0.0,0.08797837623700389,0.04398918811850194,58.65225082466925,-0.03158394105196205,0.09199174138383043,-21.055960701308035,0.24038107883052362,False,0.006969900656659322,5.731010247774166e-05,0.007153186677874745,False
main_lens_y_mm,production_searchsorted,lens_y_mm,y,-0.08449999999999999,-0.08449999999999999,-0.00449999999999999,0.0015,0.0055,0.005505376344086021,0.058651026392960576,511,463,559,97,35f4603a4c195f4c,-0.037247311827956917,510.86493333334465,False,1.5682741284421326e-06,51843.77284106224,6.924211277141764,505.5998424215558,492.8725696942831,492.8907605441909,504.9139469424329,512.1866742151602,512.1860036348719,121.41027163922294,121.41027163922294,121.29170692082526,120.55862797635938,120.55862797635938,120.4408949412262,6.924211277141764,6.924211277141764,6.924211277141764,0.0,0.0,0.0,-0.22285548508961028,0.22285548508961028,-148.57032339307352,0.0,0.0,0.0,0.09660295603882219,0.04830147801941109,64.40197069254812,-0.04833412902519285,0.1386412743399078,-32.2227526834619,0.22285548508961028,False,0.00836300608686123,7.09734144866834e-05,0.00874059435148339,False
main_lens_y_mm,bilinear_intensity,lens_y_mm,y,-0.08449999999999999,-0.08449999999999999,-0.00449999999999999,0.0015,0.0055,0.005505376344086021,0.058651026392960576,511,463,559,97,558ff391774786b8,-0.037247311827956917,510.86493333334465,False,1.5672402594409266e-06,51809.59535341906,6.787866530472938,510.640686628091,497.9134139008183,497.9266820513057,510.1540122203466,517.4267394930739,517.4209516615376,121.42857339886794,121.42857339886794,121.30999080765811,120.56661748356007,120.56661748356007,120.44887664617377,6.787866530472938,6.787866530472938,6.787866530472938,0.0,0.0,0.0,-0.23310187508946,0.23310187508946,-155.40125005964,-1.4210854715202004e-14,7.105427357601002e-15,-9.473903143468002e-12,0.10305500565272041,0.051527502826360205,68.7033371018136,-0.04724007631021632,0.13822776740112672,-31.493384206810877,0.23310187508946,False,0.007587895871968965,6.942152701679864e-05,0.008226182991906856,False
main_lens_y_mm,production_searchsorted,lens_y_mm,y,-0.08299999999999999,-0.08299999999999999,-0.002999999999999989,0.0015,0.0055,0.005505376344086021,0.058651026392960576,511,463,559,97,35f4603a4c195f4c,-0.037247311827956917,510.86493333334465,False,1.5683854121981588e-06,51847.45164291434,6.860432098945744,505.5998424215558,492.8725696942831,492.8907605441909,504.7006634638586,511.9733907365858,511.9729284409446,121.41027163922294,121.41027163922294,121.29170692082526,120.66604879527358,120.66604879527358,120.54821085699695,6.860432098945744,6.860432098945744,6.860432098945744,0.0,0.0,0.0,-0.21328347857433982,0.21328347857433982,-142.18898571622654,0.0,0.0,0.0,0.10742081891420696,0.05371040945710348,71.61387927613798,-0.06377917819601997,0.1842207744485442,-42.51945213067998,0.21328347857433982,False,0.00983887098404028,8.570788492059683e-05,0.010151053577450334,False
main_lens_y_mm,bilinear_intensity,lens_y_mm,y,-0.08299999999999999,-0.08299999999999999,-0.002999999999999989,0.0015,0.0055,0.005505376344086021,0.058651026392960576,511,463,559,97,558ff391774786b8,-0.037247311827956917,510.86493333334465,False,1.5672356185634542e-06,51809.44193598196,6.725562283329336,510.640686628091,497.9134139008183,497.9266820513057,509.93025949502066,517.2029867677479,517.1974174447325,121.42857339886795,121.42857339886795,121.30999080765811,120.68079935883586,120.68079935883586,120.56294701571198,6.725562283329336,6.725562283329336,6.725562283329336,0.0,0.0,0.0,-0.22375272532593726,0.22375272532593726,-149.16848355062484,1.4210854715202004e-14,7.105427357601002e-15,9.473903143468002e-12,0.11418187527578993,0.05709093763789497,76.12125018385996,-0.06230424714360172,0.18357534540167433,-41.53616476240115,0.22375272532593726,False,0.008705636206269851,8.367772551722825e-05,0.009575998275946079,False
main_lens_y_mm,production_searchsorted,lens_y_mm,y,-0.0815,-0.0815,-0.0015000000000000013,0.0015,0.0055,0.005505376344086021,0.058651026392960576,511,463,559,97,35f4603a4c195f4c,-0.037247311827956917,510.86493333334465,False,1.5684976929080483e-06,51851.16340191895,6.782142335083496,505.5998424215558,492.8725696942831,492.8907605441909,504.4995533775201,511.77228065024735,511.7720147511748,121.41027163922294,121.41027163922294,121.29170692082526,120.7803071674519,120.7803071674519,120.66235764873366,6.782142335083496,6.782142335083496,6.782142335083496,0.0,0.0,0.0,-0.20111008633847405,0.20111008633847405,-134.07339089231604,0.0,0.0,0.0,0.11425837217831258,0.05712918608915629,76.17224811887506,-0.07828976386224795,0.22823566426458441,-52.1931759081653,0.22823566426458441,False,0.011610875257547807,0.00010092074942440975,0.011760065841641285,False
main_lens_y_mm,bilinear_intensity,lens_y_mm,y,-0.0815,-0.0815,-0.0015000000000000013,0.0015,0.0055,0.005505376344086021,0.058651026392960576,511,463,559,97,558ff391774786b8,-0.037247311827956917,510.86493333334465,False,1.5672287740755242e-06,51809.21567191816,6.650613374109786,510.640686628091,497.9134139008183,497.9266820513057,509.7183430093232,516.9910702820505,516.9857079087282,121.42857339886795,121.42857339886795,121.30999080765811,120.8018421726733,120.8018421726733,120.68387162367655,6.650613374109786,6.650613374109786,6.650613374109786,0.0,0.0,0.0,-0.21191648569748622,0.21191648569748622,-141.2776571316575,0.0,0.0,0.0,0.1210428138374482,0.0605214069187241,80.69520922496547,-0.07494890921955033,0.2228777492859633,-49.96593947970022,0.2228777492859633,False,0.010026448296260768,9.750826157416568e-05,0.010934358873123938,False
main_lens_y_mm,production_searchsorted,lens_y_mm,y,-0.08,-0.08,0.0,0.0015,0.0055,0.005505376344086021,0.058651026392960576,511,463,559,97,35f4603a4c195f4c,-0.037247311827956917,510.86493333334465,False,1.5686098852987437e-06,51854.872241280784,6.690509729299775,505.5998424215558,492.8725696942831,492.8907605441909,504.3139154721346,511.5866427448619,511.5865581328064,121.41027163922294,121.41027163922294,121.29170692082526,120.89739679757508,120.89739679757508,120.77933293351495,6.690509729299775,6.690509729299775,6.690509729299775,0.0,0.0,0.0,-0.18563790538547664,0.18563790538547664,-123.75860359031776,0.0,0.0,0.0,0.11708963012318918,0.05854481506159459,78.05975341545945,-0.09163260578372157,0.2702172890407009,-61.08840385581438,0.2702172890407009,False,0.013299608956686863,0.00011710618963319512,0.013499785100655725,False
main_lens_y_mm,bilinear_intensity,lens_y_mm,y,-0.08,-0.08,0.0,0.0015,0.0055,0.005505376344086021,0.058651026392960576,511,463,559,97,558ff391774786b8,-0.037247311827956917,510.86493333334465,False,1.5672211696853867e-06,51808.96428712022,6.564859507554248,510.640686628091,497.9134139008183,497.9266820513057,509.52144935741416,516.7941766301414,516.789006535776,121.42857339886795,121.42857339886795,121.30999080765811,120.92547706671196,120.92547706671196,120.80738578051397,6.564859507554248,6.564859507554248,6.564859507554248,0.0,0.0,0.0,-0.19689365190902208,0.19689365190902208,-131.26243460601472,0.0,0.0,0.0,0.12363489403865913,0.06181744701932956,82.42326269243942,-0.08575386655553796,0.25788257934033487,-57.16924437035864,0.25788257934033487,False,0.01134133976753734,0.00011139493847167107,0.012321710945800283,False
main_lens_y_mm,production_searchsorted,lens_y_mm,y,-0.0785,-0.0785,0.0015000000000000013,0.0015,0.0055,0.005505376344086021,0.058651026392960576,511,463,559,97,35f4603a4c195f4c,-0.037247311827956917,510.86493333334465,False,1.5687211355843382e-06,51858.54993667234,6.586887080312582,505.5998424215558,492.8725696942831,492.8907605441909,504.14794993849176,511.420677211219,511.4207546748799,121.41027163922294,121.41027163922294,121.29170692082523,121.01356027391164,121.01356027391164,120.89538296895662,6.586887080312582,6.586887080312582,6.586887080312582,0.0,0.0,0.0,-0.16596553364286137,0.16596553364286137,-110.64368909524092,0.0,0.0,0.0,0.11616347633655266,0.05808173816827633,77.44231755770177,-0.10362264898719253,0.3097601025326889,-69.0817659914617,0.3097601025326889,False,0.014833361199055288,0.00013317321017759017,0.015325699477543121,False
main_lens_y_mm,bilinear_intensity,lens_y_mm,y,-0.0785,-0.0785,0.0015000000000000013,0.0015,0.0055,0.005505376344086021,0.058651026392960576,511,463,559,97,558ff391774786b8,-0.037247311827956917,510.86493333334465,False,1.567214463648494e-06,51808.742599950216,6.467958018998307,510.640686628091,497.9134139008183,497.9266820513057,509.34367304277737,516.6164003155046,516.6114038308215,121.42857339886795,121.42857339886795,121.30999080765811,121.04772741797848,121.04772741797848,120.92951674667187,6.467958018998307,6.467958018998307,6.467958018998307,0.0,0.0,0.0,-0.17777631463678745,0.17777631463678745,-118.51754309119163,0.0,0.0,0.0,0.12225035126651562,0.06112517563325781,81.50023417767709,-0.0969014885559405,0.29521268031535175,-64.600992370627,0.29521268031535175,False,0.012613483560454655,0.00012690457004493368,0.01396885296158163,False
main_lens_y_mm,production_searchsorted,lens_y_mm,y,-0.077,-0.077,0.0030000000000000027,0.0015,0.0055,0.005505376344086021,0.058651026392960576,511,463,559,97,35f4603a4c195f4c,-0.037247311827956917,510.86493333334465,False,1.5688308029510237e-06,51862.17530416607,6.472760389986882,505.5998424215558,492.8725696942831,492.8907605441909,504.00684631377396,511.2795735865012,511.2797888466706,121.41027163922294,121.41027163922294,121.29170692082526,121.1255049580768,121.1255049580768,121.00721833214118,6.472760389986882,6.472760389986882,6.472760389986882,0.0,0.0,0.0,-0.14110362471780036,0.14110362471780036,-94.06908314520024,0.0,0.0,0.0,0.11194468416516656,0.05597234208258328,74.62978944344438,-0.11412669032570033,0.3465269373352744,-76.08446021713355,0.3465269373352744,False,0.016158971416812,0.00014886190359548183,0.0172057122110207,False
main_lens_y_mm,bilinear_intensity,lens_y_mm,y,-0.077,-0.077,0.0030000000000000027,0.0015,0.0055,0.005505376344086021,0.058651026392960576,511,463,559,97,558ff391774786b8,-0.037247311827956917,510.86493333334465,False,1.5672103529279427e-06,51808.606708361745,6.361324779879724,510.640686628091,497.9134139008183,497.9266820513057,509.19010914121714,516.4628364139444,516.457989894009,121.42857339886794,121.42857339886794,121.30999080765811,121.16514027054964,121.16514027054964,121.04681493825419,6.361324779879724,6.361324779879724,6.361324779879724,0.0,0.0,0.0,-0.1535639015602328,0.1535639015602328,-102.37593437348853,-1.4210854715202004e-14,7.105427357601002e-15,-9.473903143468002e-12,0.11741285257116374,0.05870642628558187,78.2752350474425,-0.10663323911858313,0.3297276785203916,-71.08882607905542,0.3297276785203916,False,0.013792041340224017,0.00014252335886762207,0.015665625781536945,False
main_lens_y_mm,production_searchsorted,lens_y_mm,y,-0.0755,-0.0755,0.004500000000000004,0.0015,0.0055,0.005505376344086021,0.058651026392960576,511,463,559,97,35f4603a4c195f4c,-0.037247311827956917,510.86493333334465,False,1.5689384091514586e-06,51865.73253393252,6.349696947614541,505.5998424215558,492.8725696942831,492.8907605441909,503.89671720905164,511.1694444817789,511.16976728990215,121.41027163922291,121.41027163922291,121.29170692082523,121.23052831359765,121.23052831359765,121.11213912579139,6.349696947614541,6.349696947614541,6.349696947614541,0.0,0.0,0.0,-0.11012910472231852,0.11012910472231852,-73.41940314821234,-2.842170943040401e-14,1.4210854715202004e-14,-1.8947806286936004e-11,0.10502335552084219,0.052511677760421094,70.01557034722812,-0.12306344237234068,0.3802502640533866,-82.04229491489379,0.3802502640533866,False,0.017509172806605793,0.0001649179054884701,0.019113492273729108,False
main_lens_y_mm,bilinear_intensity,lens_y_mm,y,-0.0755,-0.0755,0.004500000000000004,0.0015,0.0055,0.005505376344086021,0.058651026392960576,511,463,559,97,558ff391774786b8,-0.037247311827956917,510.86493333334465,False,1.5672103755668737e-06,51808.60745675616,6.246450665496284,510.640686628091,497.9134139008183,497.9266820513057,509.0667915480359,516.3395188207631,516.3347927281648,121.42857339886795,121.42857339886795,121.30999080765811,121.2749208586514,121.2749208586514,121.15648831875036,6.246450665496284,6.246450665496284,6.246450665496284,0.0,0.0,0.0,-0.12331759318124114,0.12331759318124114,-82.2117287874941,1.4210854715202004e-14,7.105427357601002e-15,9.473903143468002e-12,0.1097805881017564,0.0548902940508782,73.18705873450426,-0.11487411438343997,0.3611641233812682,-76.58274292229332,0.3611641233812682,False,0.014861479909174318,0.00015814852482420917,0.01738617817027699,False
main_lens_y_mm,production_searchsorted,lens_y_mm,y,-0.074,-0.074,0.006000000000000005,0.0015,0.0055,0.005505376344086021,0.058651026392960576,511,463,559,97,35f4603a4c195f4c,-0.037247311827956917,510.86493333334465,False,1.5690435655109702e-06,51869.20877722216,6.219296689514933,505.5998424215558,492.8725696942831,492.8907605441909,503.8243509700467,511.097078242774,511.0974717210525,121.41027163922296,121.41027163922296,121.29170692082526,121.32653933158304,121.32653933158304,121.20805638301702,6.219296689514933,6.219296689514933,6.219296689514933,0.0,0.0,0.0,-0.07236623900496397,0.07236623900496397,-48.244159336642646,4.263256414560601e-14,2.1316282072803006e-14,2.8421709430404007e-11,0.09601101798538991,0.048005508992694956,64.00734532359327,-0.1304002580996082,0.4107290762863795,-86.9335053997388,0.4107290762863795,False,0.018690186625602165,0.00018154060710856822,0.021024856593676037,False
main_lens_y_mm,bilinear_intensity,lens_y_mm,y,-0.074,-0.074,0.006000000000000005,0.0015,0.0055,0.005505376344086021,0.058651026392960576,511,463,559,97,558ff391774786b8,-0.037247311827956917,510.86493333334465,False,1.5672157110804357e-06,51808.783837369774,6.124855598305456,510.640686628091,497.9134139008183,497.9266820513057,508.9804497008597,516.253176973587,516.2485351991987,121.42857339886795,121.42857339886795,121.30999080765811,121.37495585612122,121.37495585612122,121.25642562579296,6.124855598305456,6.124855598305456,6.124855598305456,0.0,0.0,0.0,-0.08634184717618609,0.08634184717618609,-57.56123145079073,0.0,0.0,0.0,0.10003499746981959,0.05001749873490979,66.68999831321305,-0.12159506719082813,0.38932531033179085,-81.06337812721875,0.38932531033179085,False,0.015793333864046157,0.0001735674946352985,0.019105786793433548,False
main_lens_y_mm,production_searchsorted,lens_y_mm,y,-0.0725,-0.0725,0.007500000000000007,0.0015,0.0055,0.005505376344086021,0.058651026392960576,511,463,559,97,35f4603a4c195f4c,-0.037247311827956917,510.86493333334465,False,1.5691458917635139e-06,51872.59146325666,6.083149672526724,505.5998424215558,492.8725696942831,492.8907605441909,503.7967763622458,511.06950363497305,511.0699240415795,121.41027163922294,121.41027163922294,121.29170692082526,121.41198337864269,121.41198337864269,121.29341698862447,6.083149672526724,6.083149672526724,6.083149672526724,0.0,0.0,0.0,-0.027574607800886497,0.027574607800886497,-18.383071867257666,-1.4210854715202004e-14,7.105427357601002e-15,-9.473903143468002e-12,0.08544404705965292,0.04272202352982646,56.96269803976861,-0.1361470169882093,0.43782126431671464,-90.76467799213954,0.43782126431671464,False,0.019676123289633918,0.0001979841441367427,0.02291595860111905,False
main_lens_y_mm,bilinear_intensity,lens_y_mm,y,-0.0725,-0.0725,0.007500000000000007,0.0015,0.0055,0.005505376344086021,0.058651026392960576,511,463,559,97,558ff391774786b8,-0.037247311827956917,510.86493333334465,False,1.5672270031940254e-06,51809.157130381005,5.998048493773854,510.640686628091,497.9134139008183,497.9266820513057,508.9380769365544,516.2108042092817,516.206203814546,121.42857339886795,121.42857339886795,121.30999080765811,121.46373244385804,121.46373244385804,121.34511551764331,5.998048493773854,5.998048493773854,5.998048493773854,0.0,0.0,0.0,-0.04237276430529846,0.04237276430529846,-28.24850953686564,0.0,0.0,0.0,0.08877658773681674,0.04438829386840837,59.18439182454449,-0.12680710453160238,0.41407377691217956,-84.53806968773492,0.41407377691217956,False,0.016585065602288396,0.0001885694511286624,0.020799582069155366,False
main_lens_y_mm,production_searchsorted,lens_y_mm,y,-0.071,-0.071,0.009000000000000008,0.0015,0.0055,0.005505376344086021,0.058651026392960576,511,463,559,97,35f4603a4c195f4c,-0.037247311827956917,510.86493333334465,False,1.56924494351413e-06,51875.86590129355,5.942801778758926,505.5998424215558,492.8725696942831,492.8907605441909,503.8206590427112,511.0933863154385,511.09378339911484,121.41027163922294,121.41027163922294,121.29170692082526,121.4856968419247,121.4856968419247,121.3670584661025,5.942801778758926,5.942801778758926,5.942801778758926,0.0,0.0,0.0,0.023882680465419526,0.023882680465419526,15.92178697694635,0.0,0.0,0.0,0.07371346328201867,0.03685673164100933,49.14230885467911,-0.14034789376779777,0.46143166393439156,-93.56526251186519,0.46143166393439156,False,0.020623882985894713,0.0002141248515883472,0.024762478938799477,False
main_lens_y_mm,bilinear_intensity,lens_y_mm,y,-0.071,-0.071,0.009000000000000008,0.0015,0.0055,0.005505376344086021,0.058651026392960576,511,463,559,97,558ff391774786b8,-0.037247311827956917,510.86493333334465,False,1.5672442302467508e-06,51809.7266197273,5.8674950842853475,510.640686628091,497.9134139008183,497.9266820513057,508.946330601565,516.2190578742923,516.2144494193369,121.42857339886795,121.42857339886795,121.30999080765811,121.54018026999435,121.54018026999435,121.42148868769942,5.8674950842853475,5.8674950842853475,5.8674950842853475,0.0,0.0,0.0,0.008253665010613531,0.008253665010613531,5.5024433404090205,0.0,0.0,0.0,0.07644782613631662,0.03822391306815831,50.96521742421108,-0.13055340948850613,0.43531961978641653,-87.03560632567076,0.43531961978641653,False,0.017265517840155658,0.00020305799860435592,0.022442240871257405,False
main_lens_y_mm,production_searchsorted,lens_y_mm,y,-0.06949999999999999,-0.06949999999999999,0.01050000000000001,0.0015,0.0055,0.005505376344086021,0.058651026392960576,511,463,559,97,35f4603a4c195f4c,-0.037247311827956917,510.86493333334465,False,1.569340163989007e-06,51879.01368558701,5.799729901255603,505.5998424215558,492.8725696942831,492.8907605441909,503.90157902007553,511.17430629280284,511.17462435306373,121.41027163922294,121.41027163922294,121.29170692082526,121.54673164315145,121.54673164315145,121.42803366303114,5.799729901255603,5.799729901255603,5.799729901255603,0.0,0.0,0.0,0.08091997736431722,0.08091997736431722,53.94665157621148,0.0,0.0,0.0,0.06103480122673943,0.030517400613369716,40.68986748449296,-0.14307187750332329,0.48149638109989906,-95.38125166888219,0.48149638109989906,False,0.021439175915621934,0.00023053661949311302,0.02653933424200921,False
main_lens_y_mm,bilinear_intensity,lens_y_mm,y,-0.06949999999999999,-0.06949999999999999,0.01050000000000001,0.0015,0.0055,0.005505376344086021,0.058651026392960576,511,463,559,97,558ff391774786b8,-0.037247311827956917,510.86493333334465,False,1.5672666451722349e-06,51810.467608999505,5.734594760294545,510.640686628091,497.9134139008183,497.9266820513057,509.010813614027,516.2835408867542,516.278869460107,121.42857339886794,121.42857339886794,121.30999080765811,121.60347801942727,121.60347801942727,121.48472462292392,5.734594760294545,5.734594760294545,5.734594760294545,0.0,0.0,0.0,0.06448301246194887,0.06448301246194887,42.98867497463258,-1.4210854715202004e-14,7.105427357601002e-15,-9.473903143468002e-12,0.06329774943291966,0.03164887471645983,42.19849962194644,-0.13290032399080243,0.45300531856172654,-88.60021599386829,0.45300531856172654,False,0.017858774659805392,0.00021740350613486196,0.024008168546516762,False
main_lens_y_mm,production_searchsorted,lens_y_mm,y,-0.06799999999999999,-0.06799999999999999,0.01200000000000001,0.0015,0.0055,0.005505376344086021,0.058651026392960576,511,463,559,97,35f4603a4c195f4c,-0.037247311827956917,510.86493333334465,False,1.5694308712145628e-06,51882.012271555795,5.655326928676365,505.5998424215558,492.8725696942831,492.8907605441909,504.0432651853499,511.31599245807723,511.3161721529424,121.41027163922294,121.41027163922294,121.29170692082526,121.59419519237312,121.59419519237312,121.47545086113058,5.655326928676365,5.655326928676365,5.655326928676365,0.0,0.0,0.0,0.14168616527439326,0.14168616527439326,94.45744351626217,0.0,0.0,0.0,0.04746354922167484,0.02373177461083742,31.642366147783225,-0.14440297257923795,0.4979644743386263,-96.26864838615863,0.4979644743386263,False,0.022286382148645506,0.00024611560098265815,0.028220627019791198,False
main_lens_y_mm,bilinear_intensity,lens_y_mm,y,-0.06799999999999999,-0.06799999999999999,0.01200000000000001,0.0015,0.0055,0.005505376344086021,0.058651026392960576,511,463,559,97,558ff391774786b8,-0.037247311827956917,510.86493333334465,False,1.567292799290436e-06,51811.3322079483,5.600666674883532,510.640686628091,497.9134139008183,497.9266820513057,509.13531396380637,516.4080412365337,516.4032482275136,121.42857339886795,121.42857339886795,121.30999080765812,121.65287259627716,121.65287259627716,121.53407096288234,5.600666674883532,5.600666674883532,5.600666674883532,0.0,0.0,0.0,0.12450034977939595,0.12450034977939595,83.00023318626397,1.4210854715202004e-14,7.105427357601002e-15,9.473903143468002e-12,0.04939457684989179,0.024697288424945896,32.92971789992786,-0.13392808541101342,0.4670882285817681,-89.28539027400895,0.4670882285817681,False,0.01839975646485368,0.0002311890339041966,0.025471865038529648,False
main_lens_y_mm,production_searchsorted,lens_y_mm,y,-0.06649999999999999,-0.06649999999999999,0.013500000000000012,0.0015,0.0055,0.005505376344086021,0.058651026392960576,511,463,559,97,35f4603a4c195f4c,-0.037247311827956917,510.86493333334465,False,1.5695162848402448e-06,51884.83586248743,5.51089593454573,505.5998424215558,492.8725696942831,492.8907605441909,504.2468817183663,511.51960899109355,511.5195898416882,121.41027163922294,121.41027163922294,121.29170692082526,121.62714720472336,121.62714720472336,121.50837069378125,5.51089593454573,5.51089593454573,5.51089593454573,0.0,0.0,0.0,0.20361653301637261,0.20361653301637261,135.74435534424842,0.0,0.0,0.0,0.03295201235023626,0.01647600617511813,21.96800823349084,-0.14443099413063454,0.5107785843406183,-96.28732942042302,0.5107785843406183,False,0.02310915655352118,0.000261738611547771,0.02977969656815488,False
main_lens_y_mm,bilinear_intensity,lens_y_mm,y,-0.06649999999999999,-0.06649999999999999,0.013500000000000012,0.0015,0.0055,0.005505376344086021,0.058651026392960576,511,463,559,97,558ff391774786b8,-0.037247311827956917,510.86493333334465,False,1.5673206533114708e-06,51812.25300203209,5.466944488203376,510.640686628091,497.9134139008183,497.9266820513057,509.3210970103752,516.5938242831024,516.588849845326,121.42857339886795,121.42857339886795,121.30999080765812,121.68755524202818,121.68755524202818,121.56871973886211,5.466944488203376,5.466944488203376,5.466944488203376,0.0,0.0,0.0,0.18578304656881528,0.18578304656881528,123.85536437921019,0.0,0.0,0.0,0.03468264575101898,0.01734132287550949,23.121763834012654,-0.13372218668015545,0.4775223895392284,-89.14812445343696,0.4775223895392284,False,0.01887166414592379,0.0002444117517143631,0.026808290856033177,False
main_lens_y_mm,production_searchsorted,lens_y_mm,y,-0.065,-0.065,0.015,0.0015,0.0055,0.005505376344086021,0.058651026392960576,511,463,559,97,35f4603a4c195f4c,-0.037247311827956917,510.86493333334465,False,1.5695955890070873e-06,51887.4574878376,5.367652158986849,505.5998424215558,492.8725696942831,492.8907605441909,504.5104670901296,511.7831943628569,511.7829178058619,121.41027163922291,121.41027163922291,121.29170692082523,121.64458137553531,121.64458137553531,121.52578783903574,5.367652158986849,5.367652158986849,5.367652158986849,0.0,0.0,0.0,0.26358537176332675,0.26358537176332675,175.72358117555117,-2.842170943040401e-14,1.4210854715202004e-14,-1.8947806286936004e-11,0.017434170811952754,0.008717085405976377,11.622780541301836,-0.14324377555888113,0.519856579620529,-95.49585037258741,0.519856579620529,False,0.023781106288576263,0.0002773126287915603,0.03118922368838341,False
main_lens_y_mm,bilinear_intensity,lens_y_mm,y,-0.065,-0.065,0.015,0.0015,0.0055,0.005505376344086021,0.058651026392960576,511,463,559,97,558ff391774786b8,-0.037247311827956917,510.86493333334465,False,1.5673477667961712e-06,51813.14931557591,5.3345783548558865,510.640686628091,497.9134139008183,497.9266820513057,509.56635080817165,516.8390780808988,516.8338641374605,121.42857339886794,121.42857339886794,121.30999080765811,121.70662551474987,121.70662551474987,121.58777138827064,5.3345783548558865,5.3345783548558865,5.3345783548558865,0.0,0.0,0.0,0.24525379779646528,0.24525379779646528,163.50253186431019,-1.4210854715202004e-14,7.105427357601002e-15,-9.473903143468002e-12,0.019070272721691595,0.009535136360845797,12.713515147794396,-0.1323661333474897,0.48424173185994684,-88.24408889832647,0.48424173185994684,False,0.019246431703983536,0.0002569540302276581,0.027993142452836083,False
main_lens_y_mm,production_searchsorted,lens_y_mm,y,-0.0635,-0.0635,0.0165,0.0015,0.0055,0.005505376344086021,0.058651026392960576,511,463,559,97,35f4603a4c195f4c,-0.037247311827956917,510.86493333334465,False,1.569668020601257e-06,51889.85192070271,5.226730711939853,505.5998424215558,492.8725696942831,492.8907605441909,504.8286168807812,512.1013441535085,512.1007569033586,121.41027163922291,121.41027163922291,121.29170692082523,121.6454995940225,121.6454995940225,121.52670516082522,5.226730711939853,5.226730711939853,5.226730711939853,0.0,0.0,0.0,0.31814979065160287,0.31814979065160287,212.0998604344019,0.0,0.0,0.0,0.0009182184871860954,0.0004591092435930477,0.6121456581240636,-0.14092144704699638,0.5250766736479268,-93.94763136466426,0.5250766736479268,False,0.02418923306304595,0.0002929109211658543,0.03242140211916692,False
main_lens_y_mm,bilinear_intensity,lens_y_mm,y,-0.0635,-0.0635,0.0165,0.0015,0.0055,0.005505376344086021,0.058651026392960576,511,463,559,97,558ff391774786b8,-0.037247311827956917,510.86493333334465,False,1.5673715459391853e-06,51813.93540294828,5.204642140845427,510.64068662809103,497.9134139008183,497.9266820513057,509.8658745787819,517.1386018515092,517.1330954043885,121.42857339886794,121.42857339886794,121.30999080765811,121.70915330529338,121.70915330529338,121.59029671026869,5.204642140845427,5.204642140845427,5.204642140845427,5.684341886080802e-14,5.684341886080802e-14,3.789561257387201e-11,0.29952377061027846,0.29952377061027846,199.68251374018564,0.0,0.0,0.0,0.0025277905435103776,0.0012638952717551888,1.6851936956735851,-0.12993621401045985,0.4871470821763572,-86.6241426736399,0.4871470821763572,False,0.019516683481343416,0.0002685579091485908,0.029003022983321754,False
main_lens_y_mm,production_searchsorted,lens_y_mm,y,-0.062,-0.062,0.018000000000000002,0.0015,0.0055,0.005505376344086021,0.058651026392960576,511,463,559,97,35f4603a4c195f4c,-0.037247311827956917,510.86493333334465,False,1.5697329672576427e-06,51891.99891760803,5.089197475188967,505.5998424215558,492.8725696942831,492.8907605441909,505.192476837895,512.4652041106223,512.464261528483,121.41027163922294,121.41027163922294,121.29170692082526,121.6290634153478,121.6290634153478,121.51028503310624,5.089197475188967,5.089197475188967,5.089197475188967,0.0,0.0,0.0,0.3638599571137888,0.3638599571137888,242.57330474252586,2.842170943040401e-14,1.4210854715202004e-14,1.8947806286936004e-11,-0.016436178674695157,0.008218089337347578,-10.95745244979677,-0.1375332367508859,0.5262686919634385,-91.68882450059061,0.5262686919634385,False,0.024407735517251002,0.00030656629866578197,0.033448223079295715,False
main_lens_y_mm,bilinear_intensity,lens_y_mm,y,-0.062,-0.062,0.018000000000000002,0.0015,0.0055,0.005505376344086021,0.058651026392960576,511,463,559,97,558ff391774786b8,-0.037247311827956917,510.86493333334465,False,1.567389520841073e-06,51814.529614580926,5.07814344287715,510.640686628091,497.9134139008183,497.9266820513057,510.2110751595879,517.4838024323151,517.4779588752523,121.42857339886795,121.42857339886795,121.30999080765811,121.69432527304176,121.69432527304176,121.57548315851729,5.07814344287715,5.07814344287715,5.07814344287715,-5.684341886080802e-14,5.684341886080802e-14,-3.789561257387201e-11,0.3452005808059653,0.3452005808059653,230.13372053731018,1.4210854715202004e-14,7.105427357601002e-15,9.473903143468002e-12,-0.014828032251628542,0.007414016125814271,-9.885354834419028,-0.12649869796827673,0.4860995032704733,-84.33246531218448,0.4860995032704733,False,0.0196761876265805,0.0002787105128824705,0.029815554900300547,False
main_lens_y_mm,production_searchsorted,lens_y_mm,y,-0.0605,-0.0605,0.019500000000000003,0.0015,0.0055,0.005505376344086021,0.058651026392960576,511,463,559,97,35f4603a4c195f4c,-0.037247311827956917,510.86493333334465,False,1.56979005736474e-06,51893.8861938757,5.134217996500151,505.5998424215558,492.8725696942831,492.8907605441909,505.5900755032637,512.862802775991,512.861471913905,121.41027163922294,121.41027163922294,121.29170692082526,121.59478727001195,121.59478727001195,121.4760423605686,5.134217996500151,5.134217996500151,5.134217996500151,0.0,0.0,0.0,0.39759866536866184,0.39759866536866184,265.0657769124412,0.0,0.0,0.0,-0.03427614533585199,0.017138072667925996,-22.85076355723466,0.0450205213111845,0.17692581799260146,30.013680874123,0.39759866536866184,False,0.02453107451384684,0.00024446720753979715,0.025277411096566685,False
main_lens_y_mm,bilinear_intensity,lens_y_mm,y,-0.0605,-0.0605,0.019500000000000003,0.0015,0.0055,0.005505376344086021,0.058651026392960576,511,463,559,97,558ff391774786b8,-0.037247311827956917,510.86493333334465,False,1.5673996187565934e-06,51814.863429970035,5.122969789493181,510.640686628091,497.9134139008183,497.9266820513057,510.59029895817866,517.8630262309059,517.8568123381024,121.42857339886798,121.42857339886798,121.30999080765812,121.66164075214516,121.66164075214516,121.54283055609815,5.122969789493181,5.122969789493181,5.122969789493181,0.0,0.0,0.0,0.3792237985907718,0.3792237985907718,252.8158657271812,2.842170943040401e-14,1.4210854715202004e-14,1.8947806286936004e-11,-0.032684520896594904,0.016342260448297452,-21.789680597729937,0.044826346616031465,0.17654620087152942,29.884231077354308,0.3792237985907718,False,0.019753387514559313,0.0002086220304623806,0.022081515343998232,False
main_lens_y_mm,production_searchsorted,lens_y_mm,y,-0.059,-0.059,0.021000000000000005,0.0015,0.0055,0.005505376344086021,0.058651026392960576,511,463,559,97,35f4603a4c195f4c,-0.037247311827956917,510.86493333334465,False,1.569839225204163e-06,51895.51157699712,5.226289224165476,505.5998424215558,492.8725696942831,492.8907605441909,506.0069817544236,513.2797090271508,513.277971030054,121.41027163922294,121.41027163922294,121.29170692082526,121.54272560744727,121.54272560744727,121.42403153947123,5.226289224165476,5.226289224165476,5.226289224165476,0.0,0.0,0.0,0.4169062511599009,0.4169062511599009,277.93750077326723,0.0,0.0,0.0,-0.052061662564682365,0.026030831282341182,-34.70777504312158,0.0920712276653246,0.3586572589168863,61.380818443549735,0.4169062511599009,False,0.02464513177912317,0.0002673016270557607,0.02955924849559036,False
main_lens_y_mm,bilinear_intensity,lens_y_mm,y,-0.059,-0.059,0.021000000000000005,0.0015,0.0055,0.005505376344086021,0.058651026392960576,511,463,559,97,558ff391774786b8,-0.037247311827956917,510.86493333334465,False,1.567400399745658e-06,51814.88924779035,5.212157479234594,510.640686628091,497.9134139008183,497.9266820513057,510.9894831656394,518.2622104383667,518.2556067172354,121.42857339886795,121.42857339886795,121.30999080765811,121.61110872368488,121.61110872368488,121.4923478753219,5.212157479234594,5.212157479234594,5.212157479234594,0.0,0.0,0.0,0.3991842074607348,0.3991842074607348,266.1228049738232,-2.842170943040401e-14,1.4210854715202004e-14,-1.8947806286936004e-11,-0.05053202846028171,0.025266014230140854,-33.68801897352114,0.08918768974141233,0.3481874514440021,59.45845982760822,0.3991842074607348,False,0.019808433966366695,0.00024353848379753677,0.026564166003466227,False
main_lens_y_mm,production_searchsorted,lens_y_mm,y,-0.057499999999999996,-0.057499999999999996,0.022500000000000006,0.0015,0.0055,0.005505376344086021,0.058651026392960576,511,463,559,97,35f4603a4c195f4c,-0.037247311827956917,510.86493333334465,False,1.5698807378479275e-06,51896.883895799256,5.322404773637715,505.5998424215558,492.8725696942831,492.8907605441909,506.42722863373484,513.6999559064622,513.6978075120222,121.41027163922294,121.41027163922294,121.29170692082526,121.47360547500391,121.47360547500391,121.35497890715723,5.322404773637715,5.322404773637715,5.322404773637715,0.0,0.0,0.0,0.42024687931126437,0.42024687931126437,280.16458620750956,0.0,0.0,0.0,-0.06912013244335924,0.03456006622167962,-46.08008829557283,0.09611554947223944,0.3678156540890138,64.07703298149296,0.42024687931126437,False,0.02466170775156559,0.0002644451986945806,0.02929145150024517,False
main_lens_y_mm,bilinear_intensity,lens_y_mm,y,-0.057499999999999996,-0.057499999999999996,0.022500000000000006,0.0015,0.0055,0.005505376344086021,0.058651026392960576,511,463,559,97,558ff391774786b8,-0.037247311827956917,510.86493333334465,False,1.5673912255752381e-06,51814.58596942936,5.305409924450337,510.640686628091,497.9134139008183,497.9266820513057,511.39306664316393,518.6657939158912,518.6587960702702,121.42857339886794,121.42857339886794,121.30999080765811,121.54339566779274,121.54339566779274,121.42470094546091,5.305409924450337,5.305409924450337,5.305409924450337,0.0,0.0,0.0,0.40358347752453483,0.40358347752453483,269.0556516830232,-1.4210854715202004e-14,7.105427357601002e-15,-9.473903143468002e-12,-0.06771305589214194,0.03385652794607097,-45.14203726142796,0.09325244521574305,0.35782666040795524,62.16829681049536,0.40358347752453483,False,0.019814885187351795,0.0002403154727904838,0.026397321123219377,False
main_lens_y_mm,production_searchsorted,lens_y_mm,y,-0.055999999999999994,-0.055999999999999994,0.024000000000000007,0.0015,0.0055,0.005505376344086021,0.058651026392960576,511,463,559,97,35f4603a4c195f4c,-0.037247311827956917,510.86493333334465,False,1.5699151758345738e-06,51898.0223416388,5.422268418350937,505.5998424215558,492.8725696942831,492.8907605441909,506.8344079925543,514.1071352652815,514.104589234749,121.41027163922294,121.41027163922294,121.29170692082523,121.38886769776376,121.38886769776376,121.27032388165264,5.422268418350937,5.422268418350937,5.422268418350937,0.0,0.0,0.0,0.4071793588194623,0.4071793588194623,271.45290587964155,0.0,0.0,0.0,-0.08473777724015008,0.04236888862007504,-56.49185149343339,0.09986364471322151,0.3752576098978939,66.57576314214768,0.4071793588194623,False,0.024500426838288097,0.00026067752066631005,0.028850541036113335,False
main_lens_y_mm,bilinear_intensity,lens_y_mm,y,-0.055999999999999994,-0.055999999999999994,0.024000000000000007,0.0015,0.0055,0.005505376344086021,0.058651026392960576,511,463,559,97,558ff391774786b8,-0.037247311827956917,510.86493333334465,False,1.5673723408949998e-06,51813.961682479334,5.402445841319739,510.640686628091,497.9134139008183,497.9266820513057,511.78506502127465,519.057792294002,519.0504116374648,121.42857339886795,121.42857339886795,121.30999080765811,121.45988491996415,121.45988491996415,121.341271751097,5.402445841319739,5.402445841319739,5.402445841319739,0.0,0.0,0.0,0.3919983781107135,0.3919983781107135,261.332252073809,1.4210854715202004e-14,7.105427357601002e-15,9.473903143468002e-12,-0.08351074782858348,0.04175537391429174,-55.673831885722315,0.0970359168694026,0.36579988446210754,64.6906112462684,0.3919983781107135,False,0.01977665771137128,0.00023630249539682022,0.02608196256739014,False
main_lens_y_mm,production_searchsorted,lens_y_mm,y,-0.05449999999999999,-0.05449999999999999,0.02550000000000001,0.0015,0.0055,0.005505376344086021,0.058651026392960576,511,463,559,97,35f4603a4c195f4c,-0.037247311827956917,510.86493333334465,False,1.5699433661499873e-06,51898.954252892145,5.52547469501077,505.5998424215558,492.8725696942831,492.8907605441909,507.2128167989873,514.4855440717146,514.4826285013321,121.41027163922294,121.41027163922294,121.29170692082526,121.29060126561798,121.29060126561798,121.17215341281953,5.52547469501077,5.52547469501077,5.52547469501077,0.0,0.0,0.0,0.3784088064330149,0.3784088064330149,252.2725376220099,0.0,0.0,0.0,-0.09826643214577757,0.049133216072888786,-65.51095476385171,0.10320627665983295,0.3806756460471238,68.80418443988863,0.3806756460471238,False,0.024406080606942097,0.000254957803156445,0.028237967704130243,False
main_lens_y_mm,bilinear_intensity,lens_y_mm,y,-0.05449999999999999,-0.05449999999999999,0.02550000000000001,0.0015,0.0055,0.005505376344086021,0.058651026392960576,511,463,559,97,558ff391774786b8,-0.037247311827956917,510.86493333334465,False,1.5673448565035432e-06,51813.05310755515,5.502875561210638,510.640686628091,497.9134139008183,497.9266820513057,512.1501919896435,519.4229192623708,519.4151820365286,121.42857339886795,121.42857339886795,121.30999080765811,121.36262908943303,121.36262908943303,121.24411089696285,5.502875561210638,5.502875561210638,5.502875561210638,0.0,0.0,0.0,0.3651269683688838,0.3651269683688838,243.4179789125892,0.0,0.0,0.0,-0.0972558305311253,0.04862791526556265,-64.83722035408353,0.100429719890899,0.37179352774914803,66.95314659393266,0.37179352774914803,False,0.01974019254564362,0.0002316703407546166,0.02561533903009322,False
main_lens_y_mm,production_searchsorted,lens_y_mm,y,-0.05299999999999999,-0.05299999999999999,0.02700000000000001,0.0015,0.0055,0.005505376344086021,0.058651026392960576,511,463,559,97,35f4603a4c195f4c,-0.037247311827956917,510.86493333334465,False,1.5699662728750757e-06,51899.71150000251,5.631484569781321,505.5998424215558,492.8725696942831,492.8907605441909,507.5485292948466,514.8212565675739,514.8180131529571,121.41027163922296,121.41027163922296,121.29170692082526,121.1813813307992,121.1813813307992,121.06304013809334,5.631484569781321,5.631484569781321,5.631484569781321,0.0,0.0,0.0,0.33571249585929763,0.33571249585929763,223.8083305728651,1.4210854715202004e-14,7.105427357601002e-15,9.473903143468002e-12,-0.1092199348187819,0.05460996740939095,-72.81328987918793,0.10600987477055135,0.38371318528079773,70.67324984703423,0.38371318528079773,False,0.024158071567191387,0.000247492428125499,0.027456202747679983,False
main_lens_y_mm,bilinear_intensity,lens_y_mm,y,-0.05299999999999999,-0.05299999999999999,0.02700000000000001,0.0015,0.0055,0.005505376344086021,0.058651026392960576,511,463,559,97,558ff391774786b8,-0.037247311827956917,510.86493333334465,False,1.5673106365729823e-06,51811.921870181235,5.6061768218062085,510.640686628091,497.9134139008183,497.9266820513057,512.4749031236282,519.7476303963555,519.7395760697965,121.42857339886795,121.42857339886795,121.30999080765812,121.25420282226457,121.25420282226457,121.13579051482094,5.6061768218062085,5.6061768218062085,5.6061768218062085,0.0,0.0,0.0,0.3247111339846924,0.3247111339846924,216.47408932312828,0.0,0.0,0.0,-0.10842626716845416,0.05421313358422708,-72.28417811230277,0.1033012605955701,0.37544465415039735,68.8675070637134,0.37544465415039735,False,0.01965191193472135,0.00022595829211474343,0.02499442307669044,False
main_lens_y_mm,production_searchsorted,lens_y_mm,y,-0.05149999999999999,-0.05149999999999999,0.02850000000000001,0.0015,0.0055,0.005505376344086021,0.058651026392960576,511,463,559,97,35f4603a4c195f4c,-0.037247311827956917,510.86493333334465,False,1.569984857305542e-06,51900.32586134023,5.739604004625964,505.5998424215558,492.8725696942831,492.8907605441909,507.83028050944733,515.1030077821746,515.0994892198873,121.41027163922294,121.41027163922294,121.29170692082523,121.06404457481021,121.06404457481021,120.94581796878012,5.739604004625964,5.739604004625964,5.739604004625964,0.0,0.0,0.0,0.2817512146007175,0.2817512146007175,187.834143067145,-1.4210854715202004e-14,7.105427357601002e-15,-9.473903143468002e-12,-0.11733675598898685,0.058668377994493426,-78.2245039926579,0.10811943484464326,0.3839819980145722,72.07962322976218,0.3839819980145722,False,0.023810353989773343,0.00023787949072533496,0.026509296482615803,False
main_lens_y_mm,bilinear_intensity,lens_y_mm,y,-0.05149999999999999,-0.05149999999999999,0.02850000000000001,0.0015,0.0055,0.005505376344086021,0.058651026392960576,511,463,559,97,558ff391774786b8,-0.037247311827956917,510.86493333334465,False,1.567272103542212e-06,51810.648050982214,5.711673326047831,510.640686628091,497.9134139008183,497.9266820513057,512.7482506389325,520.0209779116598,520.0126566441679,121.42857339886795,121.42857339886795,121.30999080765811,121.13748696399215,121.13748696399215,121.01918863687885,5.711673326047831,5.711673326047831,5.711673326047831,0.0,0.0,0.0,0.2733475153042946,0.2733475153042946,182.2316768695297,0.0,0.0,0.0,-0.11671585827242836,0.05835792913621418,-77.81057218161891,0.10549650424162227,0.3763581049790477,70.33100282774818,0.3763581049790477,False,0.019460528053553756,0.00021878260859180463,0.024217018187139328,False
main_lens_y_mm,production_searchsorted,lens_y_mm,y,-0.05,-0.05,0.03,0.0015,0.0055,0.005505376344086021,0.058651026392960576,511,463,559,97,35f4603a4c195f4c,-0.037247311827956917,510.86493333334465,False,1.5699999246840195e-06,51900.82395649651,5.848967697641421,505.5998424215558,492.8725696942831,492.8907605441909,508.050073880657,515.3228011533843,515.3190679491329,121.41027163922294,121.41027163922294,121.29170692082526,120.94145041165339,120.94145041165339,120.82334352648574,5.848967697641421,5.848967697641421,5.848967697641421,0.0,0.0,0.0,0.21979337120967557,0.21979337120967557,146.52891413978372,0.0,0.0,0.0,-0.12259416315681904,0.06129708157840952,-81.72944210454602,0.10936369301545668,0.38108445435368893,72.90912867697112,0.38108445435368893,False,0.023208350698058162,0.0002264304979051908,0.025403368304380874,False
main_lens_y_mm,bilinear_intensity,lens_y_mm,y,-0.05,-0.05,0.03,0.0015,0.0055,0.005505376344086021,0.058651026392960576,511,463,559,97,558ff391774786b8,-0.037247311827956917,510.86493333334465,False,1.5672319845579808e-06,51809.32180356962,5.8185183296966105,510.640686628091,497.9134139008183,497.9266820513057,512.9624649715523,520.2351922442796,520.2266617831035,121.42857339886794,121.42857339886794,121.30999080765811,121.015430778898,121.015430778898,120.89725164727797,5.8185183296966105,5.8185183296966105,5.8185183296966105,0.0,0.0,0.0,0.21421433261980383,0.21421433261980383,142.80955507986923,-1.4210854715202004e-14,7.105427357601002e-15,-9.473903143468002e-12,-0.12205618509415217,0.061028092547076085,-81.37079006276811,0.1068450036487798,0.3741285523509124,71.23000243251987,0.3741285523509124,False,0.019141532654710938,0.00021028676719016167,0.023282927478782675,False
main_lens_y_mm,production_searchsorted,lens_y_mm,y,-0.0485,-0.0485,0.0315,0.0015,0.0055,0.005505376344086021,0.058651026392960576,511,463,559,97,35f4603a4c195f4c,-0.037247311827956917,510.86493333334465,False,1.5700119781762566e-06,51901.22241904981,5.958530164847513,505.5998424215558,492.8725696942831,492.8907605441909,508.2034642126737,515.4761914854009,515.4723084859035,121.41027163922294,121.41027163922294,121.29170692082523,120.81627875820413,120.81627875820413,120.6982941109793,5.958530164847513,5.958530164847513,5.958530164847513,0.0,0.0,0.0,0.15339033201667007,0.15339033201667007,102.26022134444672,0.0,0.0,0.0,-0.1251716534492573,0.06258582672462865,-83.44776896617152,0.10956246720609197,0.37463864691977256,73.04164480406132,0.37463864691977256,False,0.02234568048883902,0.00021412675929442,0.02414704097999059,False
main_lens_y_mm,bilinear_intensity,lens_y_mm,y,-0.0485,-0.0485,0.0315,0.0015,0.0055,0.005505376344086021,0.058651026392960576,511,463,559,97,558ff391774786b8,-0.037247311827956917,510.86493333334465,False,1.5671930304884946e-06,51808.03406573536,5.925685423786882,510.640686628091,497.9134139008183,497.9266820513057,513.1132173114405,520.3859445841678,520.3772669039097,121.42857339886795,121.42857339886795,121.30999080765811,120.89084241330124,120.89084241330124,120.772784950007,5.925685423786882,5.925685423786882,5.925685423786882,0.0,0.0,0.0,0.15075233988818582,0.15075233988818582,100.50155992545722,1.4210854715202004e-14,7.105427357601002e-15,9.473903143468002e-12,-0.12458836559675035,0.062294182798375175,-83.05891039783357,0.10716709409027114,0.3683655804375856,71.4447293935141,0.3683655804375856,False,0.01873336924952042,0.00020062927953132167,0.022195062412493798,False
main_lens_y_mm,production_searchsorted,lens_y_mm,y,-0.047,-0.047,0.033,0.0015,0.0055,0.005505376344086021,0.058651026392960576,511,463,559,97,35f4603a4c195f4c,-0.037247311827956917,510.86493333334465,False,1.5700211016625526e-06,51901.524021902565,6.067066040245198,505.5998424215558,492.8725696942831,492.8907605441909,508.2895105001589,515.5622377728862,515.558270743811,121.41027163922294,121.41027163922294,121.29170692082526,120.69090459840722,120.69090459840722,120.57304238688532,6.067066040245198,6.067066040245198,6.067066040245198,0.0,0.0,0.0,0.08604628748520327,0.08604628748520327,57.36419165680218,0.0,0.0,0.0,-0.12537415979691957,0.06268707989845979,-83.58277319794638,0.10853587539768483,0.3643041904461431,72.35725026512323,0.3643041904461431,False,0.021419978026768975,0.00020224660076082824,0.02275182453130634,False
main_lens_y_mm,bilinear_intensity,lens_y_mm,y,-0.047,-0.047,0.033,0.0015,0.0055,0.005505376344086021,0.058651026392960576,511,463,559,97,558ff391774786b8,-0.037247311827956917,510.86493333334465,False,1.5671577415896994e-06,51806.86749056858,6.031968399883273,510.640686628091,497.9134139008183,497.9266820513057,513.1995598177093,520.4722870904367,520.4635250913249,121.42857339886795,121.42857339886795,121.30999080765812,120.76624871347659,120.76624871347659,120.64831292371731,6.031968399883273,6.031968399883273,6.031968399883273,0.0,0.0,0.0,0.08634250626880657,0.08634250626880657,57.56167084587105,0.0,0.0,0.0,-0.12459369982465773,0.06229684991232887,-83.06246654977183,0.10628297609639148,0.35871960286568855,70.85531739759432,0.35871960286568855,False,0.018231140233095938,0.0001901499738021701,0.02096037314599262,False
main_lens_y_mm,production_searchsorted,lens_y_mm,y,-0.0455,-0.0455,0.0345,0.0015,0.0055,0.005505376344086021,0.058651026392960576,511,463,559,97,35f4603a4c195f4c,-0.037247311827956917,510.86493333334465,False,1.5700268907740144e-06,51901.71539748808,6.17318099873653,505.5998424215558,492.8725696942831,492.8907605441909,508.31043431531884,515.5831615880461,515.5791741255578,121.41027163922294,121.41027163922294,121.29170692082523,120.56736940606741,120.56736940606741,120.44962783438179,6.17318099873653,6.17318099873653,6.17318099873653,0.0,0.0,0.0,0.020923815159960668,0.020923815159960668,13.949210106640445,0.0,0.0,0.0,-0.12353519233980137,0.061767596169900685,-82.35679489320091,0.10611495849133235,0.3498065054424354,70.74330566088823,0.3498065054424354,False,0.020446839545209174,0.00018983920721961795,0.021232441658257276,False
main_lens_y_mm,bilinear_intensity,lens_y_mm,y,-0.0455,-0.0455,0.0345,0.0015,0.0055,0.005505376344086021,0.058651026392960576,511,463,559,97,558ff391774786b8,-0.037247311827956917,510.86493333334465,False,1.5671281322941428e-06,51805.888670880755,6.135991625575171,510.640686628091,497.9134139008183,497.9266820513057,513.2235804023757,520.4963076751029,520.4875222183889,121.42857339886795,121.42857339886795,121.30999080765812,120.64384665306338,120.64384665306338,120.52603039656623,6.135991625575171,6.135991625575171,6.135991625575171,0.0,0.0,0.0,0.024020584666345712,0.024020584666345712,16.013723110897143,0.0,0.0,0.0,-0.12240206041320789,0.061201030206603946,-81.60137360880526,0.10402322569189781,0.34490640134623646,69.34881712793188,0.34490640134623646,False,0.017660640185261704,0.00017891051056636716,0.019590508906750417,False
main_lens_y_mm,production_searchsorted,lens_y_mm,y,-0.044,-0.044,0.036000000000000004,0.0015,0.0055,0.005505376344086021,0.058651026392960576,511,463,559,97,35f4603a4c195f4c,-0.037247311827956917,510.86493333334465,False,1.5700284462463577e-06,51901.76681806141,6.275334070300878,505.5998424215558,492.8725696942831,492.8907605441909,508.27105225735943,515.5437795300867,515.5398305266393,121.41027163922294,121.41027163922294,121.29170692082523,120.44744514536033,120.44744514536033,120.32982068721057,6.275334070300878,6.275334070300878,6.275334070300878,0.0,0.0,0.0,-0.03938205795941485,0.03938205795941485,-26.254705306276566,0.0,0.0,0.0,-0.11992426070708007,0.05996213035354003,-79.94950713805338,0.10215307156434772,0.3309576426975184,68.10204770956514,0.3309576426975184,False,0.019421477739391905,0.00017643043073907485,0.0196070901820891,False
main_lens_y_mm,bilinear_intensity,lens_y_mm,y,-0.044,-0.044,0.036000000000000004,0.0015,0.0055,0.005505376344086021,0.058651026392960576,511,463,559,97,558ff391774786b8,-0.037247311827956917,510.86493333334465,False,1.5671055614305453e-06,51805.1425266296,6.236231731655473,510.640686628091,497.9134139008183,497.9266820513057,513.1898406543661,520.4625679270935,520.4538154193522,121.42857339886795,121.42857339886795,121.30999080765811,120.52554518489441,120.52554518489441,120.40784445717478,6.236231731655473,6.236231731655473,6.236231731655473,0.0,0.0,0.0,-0.03373974800956603,0.03373974800956603,-22.493165339710686,0.0,0.0,0.0,-0.11830146816896558,0.05915073408448279,-78.86764544597706,0.1002401060803022,0.32672830146148046,66.82673738686813,0.32672830146148046,False,0.017016818750041945,0.00016684508723704733,0.018102175759718373,False
main_lens_y_mm,production_searchsorted,lens_y_mm,y,-0.042499999999999996,-0.042499999999999996,0.037500000000000006,0.0015,0.0055,0.005505376344086021,0.058651026392960576,511,463,559,97,35f4603a4c195f4c,-0.037247311827956917,510.86493333334465,False,1.5700244355456942e-06,51901.634232915516,6.371871347388841,505.5998424215558,492.8725696942831,492.8907605441909,508.17807098560183,515.4507982583291,515.446940056905,121.41027163922294,121.41027163922294,121.29170692082523,120.33276420608873,120.33276420608873,120.21525174104372,6.371871347388841,6.371871347388841,6.371871347388841,0.0,0.0,0.0,-0.09298127175759419,0.09298127175759419,-61.98751450506279,0.0,0.0,0.0,-0.11468093927160794,0.05734046963580397,-76.4539595144053,0.09653727708796289,0.30767215261046427,64.35818472530859,0.30767215261046427,False,0.018423078547558033,0.00016274026949993916,0.017897681082637656,False
main_lens_y_mm,bilinear_intensity,lens_y_mm,y,-0.042499999999999996,-0.042499999999999996,0.037500000000000006,0.0015,0.0055,0.005505376344086021,0.058651026392960576,511,463,559,97,558ff391774786b8,-0.037247311827956917,510.86493333334465,False,1.5670906443754354e-06,51804.64940084084,6.33105065379345,510.640686628091,497.9134139008183,497.9266820513057,513.1046844721509,520.3774117448783,520.3687423974711,121.42857339886795,121.42857339886795,121.30999080765811,120.41307428725275,120.41307428725275,120.2954833943941,6.33105065379345,6.33105065379345,6.33105065379345,0.0,0.0,0.0,-0.08515618221520072,0.08515618221520072,-56.77078814346714,0.0,0.0,0.0,-0.11247089764165707,0.05623544882082854,-74.98059842777138,0.09481892213797671,0.3040904386431645,63.21261475865114,0.3040904386431645,False,0.01627133423916284,0.00015426290701657936,0.016517257370144794,False
main_lens_y_mm,production_searchsorted,lens_y_mm,y,-0.040999999999999995,-0.040999999999999995,0.03900000000000001,0.0015,0.0055,0.005505376344086021,0.058651026392960576,511,463,559,97,35f4603a4c195f4c,-0.037247311827956917,510.86493333334465,False,1.5700132189474524e-06,51901.26343627942,6.461070240652358,505.5998424215558,492.8725696942831,492.8907605441909,508.03933870630857,515.3120659790359,515.3083432583531,121.41027163922294,121.41027163922294,121.29170692082526,120.22497344472681,120.22497344472681,120.10756624409719,6.461070240652358,6.461070240652358,6.461070240652358,0.0,0.0,0.0,-0.13873227929326504,0.13873227929326504,-92.48818619551002,0.0,0.0,0.0,-0.10779076136191179,0.053895380680955896,-71.86050757460787,0.08919889326351704,0.27997706921709986,59.465928842344695,0.27997706921709986,False,0.01732909400383648,0.00014931658691551787,0.016130194683464657,False
main_lens_y_mm,bilinear_intensity,lens_y_mm,y,-0.040999999999999995,-0.040999999999999995,0.03900000000000001,0.0015,0.0055,0.005505376344086021,0.058651026392960576,511,463,559,97,558ff391774786b8,-0.037247311827956917,510.86493333334465,False,1.567083251812946e-06,51804.40501860978,6.418739229339138,510.640686628091,497.9134139008183,497.9266820513057,512.9755095587553,520.2482368314826,520.2396936314519,121.42857339886795,121.42857339886795,121.30999080765811,120.30812248117522,120.30812248117522,120.1906340803147,6.418739229339138,6.418739229339138,6.418739229339138,0.0,0.0,0.0,-0.1291749133955591,0.1291749133955591,-86.11660893037272,0.0,0.0,0.0,-0.10495180607753696,0.05247590303876848,-69.96787071835797,0.08768857554568843,0.27701113240389896,58.45905036379229,0.27701113240389896,False,0.015452546390628444,0.00014122596134787547,0.014862912360340564,False
main_lens_y_mm,production_searchsorted,lens_y_mm,y,-0.03949999999999999,-0.03949999999999999,0.04050000000000001,0.0015,0.0055,0.005505376344086021,0.058651026392960576,511,463,559,97,35f4603a4c195f4c,-0.037247311827956917,510.86493333334465,False,1.5699930264499588e-06,51900.595915701124,6.541192574810487,505.5998424215558,492.8725696942831,492.8907605441909,507.86313848751416,515.1358657602415,515.132315110085,121.41027163922294,121.41027163922294,121.29170692082526,120.12586555355522,120.12586555355522,120.00855513797555,6.541192574810487,6.541192574810487,6.541192574810487,0.0,0.0,0.0,-0.17620021879440628,0.17620021879440628,-117.46681252960418,0.0,0.0,0.0,-0.0991078911715988,0.0495539455857994,-66.07192744773253,0.08012233415812897,0.24801567286486959,53.414889438752645,0.24801567286486959,False,0.016039672287511967,0.00013518514128374004,0.014335490936418553,False
main_lens_y_mm,bilinear_intensity,lens_y_mm,y,-0.03949999999999999,-0.03949999999999999,0.04050000000000001,0.0015,0.0055,0.005505376344086021,0.058651026392960576,511,463,559,97,558ff391774786b8,-0.037247311827956917,510.86493333334465,False,1.5670825880043338e-06,51804.38307452343,6.497569687666217,510.640686628091,497.9134139008183,497.9266820513057,512.8100850395044,520.0828123122317,520.0744306595831,121.42857339886795,121.42857339886795,121.30999080765811,120.21245833594959,120.21245833594959,120.09506335710589,6.497569687666217,6.497569687666217,6.497569687666217,0.0,0.0,0.0,-0.16542451925090518,0.16542451925090518,-110.28301283393678,0.0,0.0,0.0,-0.09566414522562638,0.04783207261281319,-63.77609681708425,0.07883045832707847,0.24562598825250828,52.55363888471898,0.24562598825250828,False,0.014483329252387416,0.00012749086869608643,0.01317208793517784,False
main_lens_y_mm,production_searchsorted,lens_y_mm,y,-0.03799999999999999,-0.03799999999999999,0.04200000000000001,0.0015,0.0055,0.005505376344086021,0.058651026392960576,511,463,559,97,35f4603a4c195f4c,-0.037247311827956917,510.86493333334465,False,1.5699621639035951e-06,51899.57566623455,6.610544010576817,505.5998424215558,492.8725696942831,492.8907605441909,507.657589634792,514.9303169075192,514.9269669886642,121.41027163922294,121.41027163922294,121.29170692082526,120.03744678112204,120.03744678112204,119.92022271199986,6.610544010576817,6.610544010576817,6.610544010576817,0.0,0.0,0.0,-0.20554885272218826,0.20554885272218826,-137.03256848145884,0.0,0.0,0.0,-0.08841877243317242,0.04420938621658621,-58.94584828878161,0.06935143576632985,0.212045234789129,46.23429051088657,0.212045234789129,False,0.014680766525811653,0.00012024446799285065,0.012551247208199005,False
main_lens_y_mm,bilinear_intensity,lens_y_mm,y,-0.03799999999999999,-0.03799999999999999,0.04200000000000001,0.0015,0.0055,0.005505376344086021,0.058651026392960576,511,463,559,97,558ff391774786b8,-0.037247311827956917,510.86493333334465,False,1.5670873318155666e-06,51804.539894729474,6.565854563939507,510.64068662809103,497.9134139008183,497.9266820513057,512.6159793123514,519.8887065850787,519.8805144888042,121.42857339886794,121.42857339886794,121.30999080765811,120.12799619336907,120.12799619336907,120.01068369708648,6.565854563939507,6.565854563939507,6.565854563939507,5.684341886080802e-14,5.684341886080802e-14,3.789561257387201e-11,-0.19410572715298713,0.19410572715298713,-129.40381810199142,-1.4210854715202004e-14,7.105427357601002e-15,-9.473903143468002e-12,-0.0844621425805201,0.04223107129026005,-56.30809505368006,0.0682848762732906,0.21018589889973777,45.52325084886041,0.21018589889973777,False,0.013394423398178723,0.00011313799676783106,0.011485262367766284,False
main_lens_y_mm,production_searchsorted,lens_y_mm,y,-0.03649999999999999,-0.03649999999999999,0.04350000000000001,0.0015,0.0055,0.005505376344086021,0.058651026392960576,511,463,559,97,35f4603a4c195f4c,-0.037247311827956917,510.86493333334465,False,1.5699192221168038e-06,51898.15610303484,6.667536607783474,505.5998424215558,492.8725696942831,492.8907605441909,507.43019832803475,514.702925600762,514.6997977437301,121.41027163922294,121.41027163922294,121.29170692082526,119.96191478712275,119.96191478712275,119.84476447971342,6.667536607783474,6.667536607783474,6.667536607783474,0.0,0.0,0.0,-0.22739130675722663,0.22739130675722663,-151.59420450481775,0.0,0.0,0.0,-0.07553199399929156,0.03776599699964578,-50.35466266619437,0.056992597206657614,0.17242937076122605,37.99506480443841,0.22739130675722663,False,0.013209096691215004,0.00010495824270879476,0.010826268326889252,False
main_lens_y_mm,bilinear_intensity,lens_y_mm,y,-0.03649999999999999,-0.03649999999999999,0.04350000000000001,0.0015,0.0055,0.005505376344086021,0.058651026392960576,511,463,559,97,558ff391774786b8,-0.037247311827956917,510.86493333334465,False,1.5670958177991112e-06,51804.820423111116,6.622008889191253,510.64068662809103,497.9134139008183,497.9266820513057,512.4001375290709,519.6728648017981,519.6648834885151,121.42857339886795,121.42857339886795,121.30999080765811,120.0567799850433,120.0567799850433,119.93953703583915,6.622008889191253,6.622008889191253,6.622008889191253,0.0,0.0,0.0,-0.2158417832805526,0.2158417832805526,-143.89452218703505,1.4210854715202004e-14,7.105427357601002e-15,9.473903143468002e-12,-0.07121620832576525,0.035608104162882626,-47.47747221717683,0.056154325251745796,0.1710495555602232,37.436216834497195,0.2158417832805526,False,0.012183655168777875,9.848381120215227e-05,0.009854865384127037,False
main_lens_y_mm,production_searchsorted,lens_y_mm,y,-0.03499999999999999,-0.03499999999999999,0.04500000000000001,0.0015,0.0055,0.005505376344086021,0.058651026392960576,511,463,559,97,35f4603a4c195f4c,-0.037247311827956917,510.86493333334465,False,1.569863262378772e-06,51896.30619433957,6.710750882510792,505.5998424215558,492.8725696942831,492.8907605441909,507.1875730065393,514.4603002792666,514.4574093610252,121.41027163922294,121.41027163922294,121.29170692082526,119.90154069167697,119.90154069167697,119.78444934334526,6.710750882510792,6.710750882510792,6.710750882510792,0.0,0.0,0.0,-0.24262532149543858,0.24262532149543858,-161.75021433029238,0.0,0.0,0.0,-0.06037409544578054,0.03018704772289027,-40.24939696385369,0.04321427472731809,0.12962590914572883,28.809516484878728,0.24262532149543858,False,0.011635201153006503,8.92437729130668e-05,0.009229196471515804,False
main_lens_y_mm,bilinear_intensity,lens_y_mm,y,-0.03499999999999999,-0.03499999999999999,0.04500000000000001,0.0015,0.0055,0.005505376344086021,0.058651026392960576,511,463,559,97,558ff391774786b8,-0.037247311827956917,510.86493333334465,False,1.5671062330690006e-06,51805.16472955374,6.664612037979247,510.640686628091,497.9134139008183,497.9266820513057,512.1686229220767,519.441350194804,519.4335949700044,121.42857339886795,121.42857339886795,121.30999080765811,120.00087834166874,120.00087834166874,119.8836899839132,6.664612037979247,6.664612037979247,6.664612037979247,-5.684341886080802e-14,5.684341886080802e-14,-3.789561257387201e-11,-0.23151460699421023,0.23151460699421023,-154.34307132947347,0.0,0.0,0.0,-0.055901643374568266,0.027950821687284133,-37.26776224971218,0.042603148787994094,0.12867137299538486,28.40209919199606,0.23151460699421023,False,0.010897386964541409,8.396790035956675e-05,0.008354689250975779,False
main_lens_y_mm,production_searchsorted,lens_y_mm,y,-0.03349999999999999,-0.03349999999999999,0.046500000000000014,0.0015,0.0055,0.005505376344086021,0.058651026392960576,511,463,559,97,35f4603a4c195f4c,-0.037247311827956917,510.86493333334465,False,1.5697939558067017e-06,51894.01506799014,6.73899351745872,505.5998424215558,492.8725696942831,492.8907605441909,506.93529813254446,514.2080254052718,514.2053808492119,121.41027163922294,121.41027163922294,121.29170692082526,119.85847087729175,119.85847087729175,119.74142158932565,6.73899351745872,6.73899351745872,6.73899351745872,0.0,0.0,0.0,-0.2522748739948497,0.2522748739948497,-168.1832493298998,0.0,0.0,0.0,-0.04306981438521973,0.021534907192609865,-28.713209590146484,0.02824263494792767,0.08417131090808971,18.828423298618446,0.2522748739948497,False,0.010217952295695805,7.391708000589937e-05,0.007863437787093773,False
main_lens_y_mm,bilinear_intensity,lens_y_mm,y,-0.03349999999999999,-0.03349999999999999,0.046500000000000014,0.0015,0.0055,0.005505376344086021,0.058651026392960576,511,463,559,97,558ff391774786b8,-0.037247311827956917,510.86493333334465,False,1.567116808190707e-06,51805.51432035395,6.692465409733238,510.640686628091,497.9134139008183,497.9266820513057,511.9265149145126,519.1992421872399,519.1917233960414,121.42857339886795,121.42857339886795,121.30999080765812,119.96220499881352,119.96220499881352,119.84505440799434,6.692465409733238,6.692465409733238,6.692465409733238,0.0,0.0,0.0,-0.24210800756407025,0.24210800756407025,-161.40533837604684,0.0,0.0,0.0,-0.03867334285521906,0.01933667142760953,-25.782228570146042,0.027853371753990608,0.08358587595276117,18.568914502660405,0.24210800756407025,False,0.00952863026348835,7.035975375430867e-05,0.007096047790772972,False
main_lens_y_mm,production_searchsorted,lens_y_mm,y,-0.03199999999999999,-0.03199999999999999,0.048000000000000015,0.0015,0.0055,0.005505376344086021,0.058651026392960576,511,463,559,97,35f4603a4c195f4c,-0.037247311827956917,510.86493333334465,False,1.5697116612412448e-06,51891.294586487435,6.751346998659781,505.5998424215558,492.8725696942831,492.8907605441909,506.67794490973483,513.9506721824621,513.9482789479089,121.41027163922294,121.41027163922294,121.29170692082526,119.83448246006017,119.83448246006017,119.71745659828275,6.751346998659781,6.751346998659781,6.751346998659781,0.0,0.0,0.0,-0.2573532228096269,0.2573532228096269,-171.56881520641795,0.0,0.0,0.0,-0.023988417231578296,0.011994208615789148,-15.99227815438553,0.012353481201061278,0.03666268907680975,8.235654134040852,0.2573532228096269,False,0.008690474062661092,6.033859370248634e-05,0.006882252015013056,False
main_lens_y_mm,bilinear_intensity,lens_y_mm,y,-0.03199999999999999,-0.03199999999999999,0.048000000000000015,0.0015,0.0055,0.005505376344086021,0.058651026392960576,511,463,559,97,558ff391774786b8,-0.037247311827956917,510.86493333334465,False,1.5671259855574833e-06,51805.81770437962,6.704642220830855,510.640686628091,497.9134139008183,497.9266820513057,511.6779423732381,518.9506696459654,518.9433936013893,121.42857339886795,121.42857339886795,121.30999080765811,119.94229643303423,119.94229643303423,119.82516528417383,6.704642220830855,6.704642220830855,6.704642220830855,0.0,0.0,0.0,-0.24857254127448414,0.24857254127448414,-165.71502751632275,0.0,0.0,0.0,-0.019908565779289233,0.009954282889644617,-13.272377186192822,0.012176811097616813,0.03638961235393873,8.117874065077876,0.24857254127448414,False,0.00811935546399005,5.859280723122633e-05,0.006241578670140251,False
main_lens_y_mm,production_searchsorted,lens_y_mm,y,-0.030499999999999985,-0.030499999999999985,0.049500000000000016,0.0015,0.0055,0.005505376344086021,0.058651026392960576,511,463,559,97,35f4603a4c195f4c,-0.037247311827956917,510.86493333334465,False,1.569617435459734e-06,51888.1796846193,6.747207883145411,505.5998424215558,492.8725696942831,492.8907605441909,506.4191901605337,513.691917433261,513.6897768888925,121.41027163922294,121.41027163922294,121.29170692082526,119.83073786679772,119.83073786679772,119.71371566184965,6.747207883145411,6.747207883145411,6.747207883145411,0.0,0.0,0.0,-0.2587547492011595,0.2587547492011595,-172.50316613410632,0.0,0.0,0.0,-0.003744593262453577,0.0018722966312267886,-2.4963955083023848,-0.004139115514369962,0.012261599100717599,-2.759410342913308,0.2587547492011595,False,0.007341394330579423,5.380253618017651e-05,0.006468196264011539,False
main_lens_y_mm,bilinear_intensity,lens_y_mm,y,-0.030499999999999985,-0.030499999999999985,0.049500000000000016,0.0015,0.0055,0.005505376344086021,0.058651026392960576,511,463,559,97,558ff391774786b8,-0.037247311827956917,510.86493333334465,False,1.5671325549562773e-06,51806.034874587676,6.700526102781851,510.640686628091,497.9134139008183,497.9266820513057,511.42622324565116,518.6989505183784,518.6919202932628,121.42857339886794,121.42857339886794,121.30999080765811,119.94208996778694,119.94208996778694,119.82495902055277,6.700526102781851,6.700526102781851,6.700526102781851,0.0,0.0,0.0,-0.25171912758696635,0.25171912758696635,-167.81275172464424,-1.4210854715202004e-14,7.105427357601002e-15,-9.473903143468002e-12,-0.00020646524728817894,0.00010323262364408947,-0.1376434981921193,-0.004116118049004136,0.012278412220761443,-2.744078699336091,0.25171912758696635,False,0.006980371963321824,5.129875401850429e-05,0.0059712574118629055,False
main_lens_y_mm,production_searchsorted,lens_y_mm,y,-0.028999999999999984,-0.028999999999999984,0.05100000000000002,0.0015,0.0055,0.005505376344086021,0.058651026392960576,511,463,559,97,35f4603a4c195f4c,-0.037247311827956917,510.86493333334465,False,1.569512978405452e-06,51884.72655885792,6.726311129167231,505.5998424215558,492.8725696942831,492.8907605441909,506.1620137323454,513.4347410050726,513.4328516095599,121.41027163922294,121.41027163922294,121.29170692082526,119.84758625087589,119.84758625087589,119.73054759242777,6.726311129167231,6.726311129167231,6.726311129167231,0.0,0.0,0.0,-0.257176428188302,0.257176428188302,-171.45095212553466,0.0,0.0,0.0,0.01684838407817324,0.00842419203908662,11.232256052115494,-0.020896753978180804,0.06194193017346061,-13.931169318787203,0.257176428188302,False,0.006787349541501803,5.374864409707044e-05,0.006727634331172188,False
main_lens_y_mm,bilinear_intensity,lens_y_mm,y,-0.028999999999999984,-0.028999999999999984,0.05100000000000002,0.0015,0.0055,0.005505376344086021,0.058651026392960576,511,463,559,97,558ff391774786b8,-0.037247311827956917,510.86493333334465,False,1.567135751488474e-06,51806.14054507352,6.679835916573362,510.640686628091,497.9134139008183,497.9266820513057,511.1740809672412,518.4468082399685,518.4400242475466,121.42857339886794,121.42857339886794,121.30999080765811,119.96174782974362,119.96174782974362,119.84459768537862,6.679835916573362,6.679835916573362,6.679835916573362,0.0,0.0,0.0,-0.25214227840996273,0.25214227840996273,-168.09485227330848,0.0,0.0,0.0,0.019657861956673628,0.009828930978336814,13.105241304449086,-0.020690186208488726,0.061756900551133746,-13.793457472325818,0.25214227840996273,False,0.006497071725764994,5.279340300666803e-05,0.006359248255621502,False
main_lens_y_mm,production_searchsorted,lens_y_mm,y,-0.027499999999999983,-0.027499999999999983,0.05250000000000002,0.0015,0.0055,0.005505376344086021,0.058651026392960576,511,463,559,97,35f4603a4c195f4c,-0.037247311827956917,510.86493333334465,False,1.5694005233541886e-06,51881.0090365021,6.688738888470976,505.5998424215558,492.8725696942831,492.8907605441909,505.90894790510066,513.181675177828,513.1800329169121,121.41027163922294,121.41027163922294,121.29170692082526,119.88445197281713,119.88445197281713,119.76737731268744,6.688738888470976,6.688738888470976,6.688738888470976,0.0,0.0,0.0,-0.25306582724471127,0.25306582724471127,-168.71055149647418,0.0,0.0,0.0,0.036865721941239826,0.018432860970619913,24.57714796082655,-0.037572240696254866,0.11171722501307073,-25.04816046416991,0.25306582724471127,False,0.006949729458050432,6.276182081053753e-05,0.0075929730078751105,False
main_lens_y_mm,bilinear_intensity,lens_y_mm,y,-0.027499999999999983,-0.027499999999999983,0.05250000000000002,0.0015,0.0055,0.005505376344086021,0.058651026392960576,511,463,559,97,558ff391774786b8,-0.037247311827956917,510.86493333334465,False,1.5671353145135709e-06,51806.12609962218,6.642635150683233,510.640686628091,497.9134139008183,497.9266820513057,510.92391085612434,518.1966381288516,518.190098443179,121.42857339886795,121.42857339886795,121.30999080765811,120.0005652062528,120.0005652062528,119.88337715429356,6.642635150683233,6.642635150683233,6.642635150683233,0.0,0.0,0.0,-0.2501701111168586,0.2501701111168586,-166.78007407790574,1.4210854715202004e-14,7.105427357601002e-15,9.473903143468002e-12,0.038817376509186374,0.019408688254593187,25.87825100612425,-0.03720076589012855,0.11138227451913785,-24.800510593419034,0.2501701111168586,False,0.006550831065729952,6.175369041601042e-05,0.007301429603709157,False
main_lens_y_mm,production_searchsorted,lens_y_mm,y,-0.02599999999999998,-0.02599999999999998,0.05400000000000002,0.0015,0.0055,0.005505376344086021,0.058651026392960576,511,463,559,97,35f4603a4c195f4c,-0.037247311827956917,510.86493333334465,False,1.5692826865094804e-06,51877.11360361919,6.634913286247508,505.5998424215558,492.8725696942831,492.8907605441909,505.6623561555454,512.9350834282727,512.9336819796123,121.41027163922294,121.41027163922294,121.29170692082526,119.9398344981291,119.9398344981291,119.822705753502,6.634913286247508,6.634913286247508,6.634913286247508,0.0,0.0,0.0,-0.24659174955525032,0.24659174955525032,-164.3944997035002,0.0,0.0,0.0,0.055382525311969744,0.027691262655984872,36.921683541313165,-0.05382560222346733,0.16094394809234863,-35.883734815644885,0.24659174955525032,False,0.007741331621337366,7.798768214700377e-05,0.008892387866812406,False
main_lens_y_mm,bilinear_intensity,lens_y_mm,y,-0.02599999999999998,-0.02599999999999998,0.05400000000000002,0.0015,0.0055,0.005505376344086021,0.058651026392960576,511,463,559,97,558ff391774786b8,-0.037247311827956917,510.86493333334465,False,1.567131507529406e-06,51806.000248905984,6.5893253886608765,510.640686628091,497.9134139008183,497.9266820513057,510.6780731569756,517.9508004297029,517.9445008199082,121.42857339886795,121.42857339886795,121.30999080765811,120.05698469457388,120.05698469457388,119.93974154545809,6.5893253886608765,6.5893253886608765,6.5893253886608765,0.0,0.0,0.0,-0.2458376991487512,0.2458376991487512,-163.8917994325008,0.0,0.0,0.0,0.05641948832108312,0.02820974416054156,37.61299221405542,-0.05330976202235682,0.16050787319509366,-35.53984134823788,0.2458376991487512,False,0.007190023690080222,7.672673269979997e-05,0.008620897699747287,False
main_lens_y_mm,production_searchsorted,lens_y_mm,y,-0.024500000000000008,-0.024500000000000008,0.055499999999999994,0.0015,0.0055,0.005505376344086021,0.058651026392960576,511,463,559,97,35f4603a4c195f4c,-0.037247311827956917,510.86493333334465,False,1.569162292287099e-06,51873.13362932559,6.565573896273887,505.5998424215558,492.8725696942831,492.8907605441909,505.42472060440537,512.6974478771326,512.6962784944401,121.41027163922294,121.41027163922294,121.29170692082523,120.01142306297126,120.01142306297126,119.89422440763633,6.565573896273887,6.565573896273887,6.565573896273887,0.0,0.0,0.0,-0.23763555114004475,0.23763555114004475,-158.42370076002985,0.0,0.0,0.0,0.07158856484215903,0.035794282421079515,47.725709894772685,-0.06933938997362166,0.20901370366767147,-46.22625998241444,0.23763555114004475,False,0.009338443146010195,9.437546941549059e-05,0.010470733896012382,False
main_lens_y_mm,bilinear_intensity,lens_y_mm,y,-0.024500000000000008,-0.024500000000000008,0.055499999999999994,0.0015,0.0055,0.005505376344086021,0.058651026392960576,511,463,559,97,558ff391774786b8,-0.037247311827956917,510.86493333334465,False,1.567125098515321e-06,51805.78838067177,6.520624509616322,510.64068662809103,497.9134139008183,497.9266820513057,510.4391908969741,517.7119181697013,517.7058518433637,121.42857339886795,121.42857339886795,121.30999080765811,120.12871890159803,120.12871890159803,120.01140569954568,6.520624509616322,6.520624509616322,6.520624509616322,5.684341886080802e-14,5.684341886080802e-14,3.789561257387201e-11,-0.23888226000150325,0.23888226000150325,-159.25484000100218,0.0,0.0,0.0,0.07173420702415001,0.035867103512075005,47.82280468276667,-0.06870087904455424,0.20852173778753413,-45.80058602970283,0.23888226000150325,False,0.008438985425628447,9.280020742427061e-05,0.010177216129760117,False
main_lens_y_mm,production_searchsorted,lens_y_mm,y,-0.023000000000000007,-0.023000000000000007,0.056999999999999995,0.0015,0.0055,0.005505376344086021,0.058651026392960576,511,463,559,97,35f4603a4c195f4c,-0.037247311827956917,510.86493333334465,False,1.5690421900685615e-06,51869.16330805162,6.481741745484081,505.5998424215558,492.8725696942831,492.8907605441909,505.19891614014267,512.47164341287,512.4706945423495,121.41027163922296,121.41027163922296,121.29170692082526,120.0963077088987,120.0963077088987,119.97902615840174,6.481741745484081,6.481741745484081,6.481741745484081,0.0,0.0,0.0,-0.22580446426269418,0.22580446426269418,-150.53630950846278,1.4210854715202004e-14,7.105427357601002e-15,9.473903143468002e-12,0.08488464592744549,0.042442322963722745,56.589763951630324,-0.08383215078980566,0.25536884395553694,-55.88810052653711,0.25536884395553694,False,0.011092533730659077,0.00011185670030567418,0.012226110643902104,False
main_lens_y_mm,bilinear_intensity,lens_y_mm,y,-0.023000000000000007,-0.023000000000000007,0.056999999999999995,0.0015,0.0055,0.005505376344086021,0.058651026392960576,511,463,559,97,558ff391774786b8,-0.037247311827956917,510.86493333334465,False,1.5671172995141733e-06,51805.53056245201,6.437531410803447,510.640686628091,497.9134139008183,497.9266820513057,510.2104290197313,517.4831562924586,517.4773133663917,121.42857339886795,121.42857339886795,121.30999080765812,120.2129617378896,120.2129617378896,120.09556626744245,6.437531410803447,6.437531410803447,6.437531410803447,-5.684341886080802e-14,5.684341886080802e-14,-3.789561257387201e-11,-0.22876187724278907,0.22876187724278907,-152.50791816185938,0.0,0.0,0.0,0.08424283629156548,0.04212141814578274,56.16189086104365,-0.08309309881287508,0.2548623945155349,-55.395399208583385,0.2548623945155349,False,0.009829209640041772,0.00011008334344892057,0.011883514434053423,False
main_lens_y_mm,production_searchsorted,lens_y_mm,y,-0.021500000000000005,-0.021500000000000005,0.058499999999999996,0.0015,0.0055,0.005505376344086021,0.058651026392960576,511,463,559,97,35f4603a4c195f4c,-0.037247311827956917,510.86493333334465,False,1.5689250764177004e-06,51865.29178240332,6.384672647166574,505.5998424215558,492.8725696942831,492.8907605441909,504.98844492633015,512.2611721990575,512.2604288668318,121.41027163922294,121.41027163922294,121.29170692082526,120.19125033521645,120.19125033521645,120.07387606731096,6.384672647166574,6.384672647166574,6.384672647166574,0.0,0.0,0.0,-0.2104712138125251,0.2104712138125251,-140.3141425416834,-1.4210854715202004e-14,7.105427357601002e-15,-9.473903143468002e-12,0.09494262631774575,0.047471313158872874,63.2950842118305,-0.09706909831750732,0.2995154763305301,-64.71273221167155,0.2995154763305301,False,0.012740815538348105,0.00012989966365672945,0.014096715055936198,False
main_lens_y_mm,bilinear_intensity,lens_y_mm,y,-0.021500000000000005,-0.021500000000000005,0.058499999999999996,0.0015,0.0055,0.005505376344086021,0.058651026392960576,511,463,559,97,558ff391774786b8,-0.037247311827956917,510.86493333334465,False,1.5671096645375645e-06,51805.27816653106,6.341280009090747,510.640686628091,497.9134139008183,497.9266820513057,509.9957268355618,517.2684541082891,517.2628208523239,121.42857339886794,121.42857339886794,121.30999080765811,120.30665167368448,120.30665167368448,120.18916470915939,6.341280009090747,6.341280009090747,6.341280009090747,0.0,0.0,0.0,-0.21470218416948228,0.21470218416948228,-143.13478944632152,-1.4210854715202004e-14,7.105427357601002e-15,-9.473903143468002e-12,0.0936899357948846,0.0468449678974423,62.459957196589734,-0.09625140171270008,0.29903202196783457,-64.16760114180005,0.29903202196783457,False,0.011202122914416064,0.00012803994901396364,0.013687991748827118,False
main_lens_y_mm,production_searchsorted,lens_y_mm,y,-0.020000000000000004,-0.020000000000000004,0.06,0.0015,0.0055,0.005505376344086021,0.058651026392960576,511,463,559,97,35f4603a4c195f4c,-0.037247311827956917,510.86493333334465,False,1.5688133346122536e-06,51861.59783842161,6.275803375234808,505.5998424215558,492.8725696942831,492.8907605441909,504.7975997569181,512.0703270296453,512.0697700696554,121.41027163922296,121.41027163922296,121.29170692082526,120.2929689353253,120.2929689353253,120.17549533284942,6.275803375234808,6.275803375234808,6.275803375234808,0.0,0.0,0.0,-0.1908451694120572,0.1908451694120572,-127.23011294137146,1.4210854715202004e-14,7.105427357601002e-15,9.473903143468002e-12,0.10171860010885325,0.050859300054426626,67.81240007256883,-0.10886927193176543,0.34103321485113275,-72.57951462117695,0.34103321485113275,False,0.014200277451015755,0.0001478983501292666,0.016043170742940906,False
main_lens_y_mm,bilinear_intensity,lens_y_mm,y,-0.020000000000000004,-0.020000000000000004,0.06,0.0015,0.0055,0.005505376344086021,0.058651026392960576,511,463,559,97,558ff391774786b8,-0.037247311827956917,510.86493333334465,False,1.5671039472789394e-06,51805.08916624593,6.233285997209532,510.640686628091,497.9134139008183,497.9266820513057,509.7999507377187,517.072678010446,517.0672359420764,121.42857339886794,121.42857339886794,121.30999080765811,120.40674050718901,120.40674050718901,120.28915579966245,6.233285997209532,6.233285997209532,6.233285997209532,0.0,0.0,0.0,-0.19577609784312244,0.19577609784312244,-130.51739856208164,0.0,0.0,0.0,0.1000888335045289,0.05004441675226445,66.72588900301928,-0.10799401188121482,0.34060634990537086,-71.99600792080989,0.34060634990537086,False,0.012494404065780788,0.0001462366813373584,0.015556961026821478,False
main_lens_y_mm,production_searchsorted,lens_y_mm,y,-0.018500000000000003,-0.018500000000000003,0.0615,0.0015,0.0055,0.005505376344086021,0.058651026392960576,511,463,559,97,35f4603a4c195f4c,-0.037247311827956917,510.86493333334465,False,1.5687089014619649e-06,51858.145502874875,6.1981652391595805,505.5998424215558,492.8725696942831,492.8907605441909,504.6315215768513,511.90424884957855,511.90385407531136,121.41027163922294,121.41027163922294,121.29170692082523,120.39838718191928,120.39838718191928,120.28081063193694,6.1981652391595805,6.1981652391595805,6.1981652391595805,0.0,0.0,0.0,-0.16607818006679054,0.16607818006679054,-110.71878671119369,-1.4210854715202004e-14,7.105427357601002e-15,-9.473903143468002e-12,0.10541824659397037,0.05270912329698518,70.27883106264692,-0.07763813607522785,0.24742054979478392,-51.75875738348523,0.24742054979478392,False,0.015707244970424757,0.00013638158967199128,0.013857765989621471,False
main_lens_y_mm,bilinear_intensity,lens_y_mm,y,-0.018500000000000003,-0.018500000000000003,0.0615,0.0015,0.0055,0.005505376344086021,0.058651026392960576,511,463,559,97,558ff391774786b8,-0.037247311827956917,510.86493333334465,False,1.567101924842857e-06,51805.02230885478,6.125527638847312,510.64068662809103,497.9134139008183,497.9266820513057,509.62893145341945,516.9016587261467,516.896383668797,121.42857339886795,121.42857339886795,121.30999080765811,120.5104209769329,120.5104209769329,120.39273501894762,6.125527638847312,6.125527638847312,6.125527638847312,5.684341886080802e-14,5.684341886080802e-14,3.789561257387201e-11,-0.1710192842992342,0.1710192842992342,-114.01285619948945,1.4210854715202004e-14,7.105427357601002e-15,9.473903143468002e-12,0.10368046974389244,0.05184023487194622,69.12031316259497,-0.10775835836222036,0.34575136905465514,-71.83890557481358,0.34575136905465514,False,0.013695465620230766,0.0001534019885007503,0.016113370524726778,False
main_lens_y_mm,production_searchsorted,lens_y_mm,y,-0.017,-0.017,0.063,0.0015,0.0055,0.005505376344086021,0.058651026392960576,511,463,559,97,35f4603a4c195f4c,-0.037247311827956917,510.86493333334465,False,1.5686131698879907e-06,51854.9808227435,6.118125509253067,505.5998424215558,492.8725696942831,492.8907605441909,504.4961186003442,511.7688458730714,511.7685833282735,121.41027163922294,121.41027163922294,121.29170692082526,120.50480999868851,120.50480999868851,120.38712952017417,6.118125509253067,6.118125509253067,6.118125509253067,0.0,0.0,0.0,-0.13540297650712319,0.13540297650712319,-90.26865100474879,0.0,0.0,0.0,0.10642281676923915,0.053211408384619574,70.9485445128261,-0.0800397299065132,0.25826910647953594,-53.35981993767547,0.25826910647953594,False,0.01706824753045,0.0001474838188184626,0.01518072776528454,False
main_lens_y_mm,bilinear_intensity,lens_y_mm,y,-0.017,-0.017,0.063,0.0015,0.0055,0.005505376344086021,0.058651026392960576,511,463,559,97,558ff391774786b8,-0.037247311827956917,510.86493333334465,False,1.5671052000312416e-06,51805.13057954518,6.047809771857812,510.640686628091,497.9134139008183,497.9266820513057,509.4893529574318,516.7620802301591,516.7569414799343,121.42857339886795,121.42857339886795,121.30999080765811,120.61527575497419,120.61527575497419,120.49748739974471,6.047809771857812,6.047809771857812,6.047809771857812,-5.684341886080802e-14,5.684341886080802e-14,-3.789561257387201e-11,-0.1395784959876778,0.1395784959876778,-93.05233065845187,0.0,0.0,0.0,0.10485477804128607,0.052427389020643034,69.90318536085738,-0.07771786698949956,0.25375076751469633,-51.81191132633304,0.25375076751469633,False,0.014776602077157365,0.00013860269246212373,0.013694959705188319,False
main_lens_y_mm,production_searchsorted,lens_y_mm,y,-0.0155,-0.0155,0.0645,0.0015,0.0055,0.005505376344086021,0.058651026392960576,511,463,559,97,35f4603a4c195f4c,-0.037247311827956917,510.86493333334465,False,1.568526934300086e-06,51852.13005950698,6.029644487884251,505.5998424215558,492.8725696942831,492.8907605441909,504.39782408806633,511.6705513607936,511.6703848067303,121.41027163922291,121.41027163922291,121.29170692082526,120.61000180459853,120.61000180459853,120.49221859971121,6.029644487884251,6.029644487884251,6.029644487884251,0.0,0.0,0.0,-0.09829451227784602,0.09829451227784602,-65.52967485189735,-2.842170943040401e-14,1.4210854715202004e-14,-1.8947806286936004e-11,0.10519180591001032,0.05259590295500516,70.12787060667354,-0.08848102136881675,0.2892422564231409,-58.98734757921116,0.2892422564231409,False,0.018287003543923194,0.00016252055927077846,0.017040841049964946,False
main_lens_y_mm,bilinear_intensity,lens_y_mm,y,-0.0155,-0.0155,0.0645,0.0015,0.0055,0.005505376344086021,0.058651026392960576,511,463,559,97,558ff391774786b8,-0.037247311827956917,510.86493333334465,False,1.5671150011767407e-06,51805.454584355066,5.962066070593301,510.640686628091,497.9134139008183,497.9266820513057,509.3884707528691,516.6611980255964,516.6561577931495,121.42857339886795,121.42857339886795,121.30999080765811,120.71932702894502,120.71932702894502,120.6014370611433,5.962066070593301,5.962066070593301,5.962066070593301,0.0,0.0,0.0,-0.10088220456265162,0.10088220456265162,-67.25480304176774,0.0,0.0,0.0,0.10405127397082481,0.052025636985412405,69.36751598054987,-0.08574370126451125,0.28355290427123286,-57.162467509674165,0.28355290427123286,False,0.015721100482477088,0.00015311046062032308,0.015426496776772656,False
main_lens_y_mm,production_searchsorted,lens_y_mm,y,-0.013999999999999999,-0.013999999999999999,0.066,0.0015,0.0055,0.005505376344086021,0.058651026392960576,511,463,559,97,35f4603a4c195f4c,-0.037247311827956917,510.86493333334465,False,1.568450383881558e-06,51849.59946715894,5.93452999868976,505.5998424215558,492.8725696942831,492.8907605441909,504.34318749534657,511.6159147680738,511.6158015700581,121.41027163922294,121.41027163922294,121.29170692082526,120.71216443532333,120.71216443532333,120.59428146224197,5.93452999868976,5.93452999868976,5.93452999868976,0.0,0.0,0.0,-0.05463659271975985,0.05463659271975985,-36.42439514650656,2.842170943040401e-14,1.4210854715202004e-14,1.8947806286936004e-11,0.10216263072480558,0.05108131536240279,68.10842048320372,-0.09511448919449084,0.3154895429924946,-63.409659462993886,0.3154895429924946,False,0.019347730068177083,0.00017766041042008003,0.01886153818713117,False
main_lens_y_mm,bilinear_intensity,lens_y_mm,y,-0.013999999999999999,-0.013999999999999999,0.066,0.0015,0.0055,0.005505376344086021,0.058651026392960576,511,463,559,97,558ff391774786b8,-0.037247311827956917,510.86493333334465,False,1.5671320032378714e-06,51806.01663596269,5.870083434167748,510.640686628091,497.9134139008183,497.9266820513057,509.333655923881,516.6063831966082,516.6013964942679,121.42857339886795,121.42857339886795,121.30999080765812,120.8209866568619,120.8209866568619,120.7029974120798,5.870083434167748,5.870083434167748,5.870083434167748,0.0,0.0,0.0,-0.054814828988128284,0.054814828988128284,-36.54321932541885,0.0,0.0,0.0,0.10165962791688798,0.05082981395844399,67.77308527792532,-0.09198263642555293,0.3085596011061967,-61.32175761703529,0.3085596011061967,False,0.016517637867195747,0.0001669224878258803,0.017101792257273454,False
main_lens_y_mm,production_searchsorted,lens_y_mm,y,-0.012499999999999997,-0.012499999999999997,0.0675,0.0015,0.0055,0.005505376344086021,0.058651026392960576,511,463,559,97,35f4603a4c195f4c,-0.037247311827956917,510.86493333334465,False,1.5683831460133765e-06,51847.37672771493,5.834551784962912,505.5998424215558,492.8725696942831,492.8907605441909,504.338317735636,511.61104500836325,511.6109365659723,121.41027163922294,121.41027163922294,121.29170692082526,120.80983229022512,120.80983229022512,120.69185393837918,5.834551784962912,5.834551784962912,5.834551784962912,0.0,0.0,0.0,-0.004869759710572907,0.004869759710572907,-3.2465064737152716,0.0,0.0,0.0,0.0976678549017862,0.0488339274508931,65.11190326785747,-0.0999782137268479,0.3369372595603066,-66.65214248456526,0.3369372595603066,False,0.020342204033154284,0.00019255590558824108,0.020609983582351336,False
main_lens_y_mm,bilinear_intensity,lens_y_mm,y,-0.012499999999999997,-0.012499999999999997,0.0675,0.0015,0.0055,0.005505376344086021,0.058651026392960576,511,463,559,97,558ff391774786b8,-0.037247311827956917,510.86493333334465,False,1.567156195226509e-06,51806.81637112427,5.773604668004718,510.640686628091,497.9134139008183,497.9266820513057,509.33178642622806,516.6045136989553,516.5995288222962,121.42857339886795,121.42857339886795,121.30999080765811,120.91892764576544,120.91892764576544,120.80084275548637,5.773604668004718,5.773604668004718,5.773604668004718,0.0,0.0,0.0,-0.0018694976529332052,0.0018694976529332052,-1.246331768622137,0.0,0.0,0.0,0.09794098890353098,0.04897049445176549,65.29399260235398,-0.0964787661630302,0.32871344077142167,-64.31917744202013,0.32871344077142167,False,0.017234342159883398,0.0001800744664927929,0.018688102677222932,False
main_lens_y_mm,production_searchsorted,lens_y_mm,y,-0.010999999999999996,-0.010999999999999996,0.069,0.0015,0.0055,0.005505376344086021,0.058651026392960576,511,463,559,97,35f4603a4c195f4c,-0.037247311827956917,510.86493333334465,False,1.5683243781152227e-06,51845.43398728009,5.731387240194655,505.5998424215558,492.8725696942831,492.8907605441909,504.38822407133904,511.6609513440663,511.66079416501935,121.41027163922294,121.41027163922294,121.29170692082526,120.9017189418645,120.9017189418645,120.78365085696034,5.731387240194655,5.731387240194655,5.731387240194655,0.0,0.0,0.0,0.04990633570304226,0.04990633570304226,33.27089046869484,0.0,0.0,0.0,0.09188665163938481,0.045943325819692404,61.25776775958987,-0.10316454476825676,0.3536331446543585,-68.77636317883784,0.3536331446543585,False,0.02125754188411384,0.0002064668126523738,0.02225840475370656,False
main_lens_y_mm,bilinear_intensity,lens_y_mm,y,-0.010999999999999996,-0.010999999999999996,0.069,0.0015,0.0055,0.005505376344086021,0.058651026392960576,511,463,559,97,558ff391774786b8,-0.037247311827956917,510.86493333334465,False,1.567186816073998e-06,51807.828630545395,5.674275511797471,510.640686628091,497.9134139008183,497.9266820513057,509.3885347274166,516.6612620001439,516.6562217052218,121.42857339886795,121.42857339886795,121.30999080765811,121.01191429256893,121.01191429256893,120.8937385950176,5.674275511797471,5.674275511797471,5.674275511797471,0.0,0.0,0.0,0.056748301188520145,0.056748301188520145,37.83220079234676,0.0,0.0,0.0,0.09298664680349589,0.046493323401747944,61.99109786899726,-0.09932915620724714,0.34408021303465514,-66.2194374714981,0.34408021303465514,False,0.017842127813537147,0.00019240737648036394,0.020158939184418374,False
main_lens_y_mm,production_searchsorted,lens_y_mm,y,-0.009499999999999995,-0.009499999999999995,0.07050000000000001,0.0015,0.0055,0.005505376344086021,0.058651026392960576,511,463,559,97,35f4603a4c195f4c,-0.037247311827956917,510.86493333334465,False,1.5682729014836297e-06,51843.73228045057,5.626577679836619,505.5998424215558,492.8725696942831,492.8907605441909,504.4961246669813,511.76885193970855,511.76858938898613,121.41027163922296,121.41027163922296,121.29170692082526,120.9865588366959,120.9865588366959,120.86840790033193,5.626577679836619,5.626577679836619,5.626577679836619,0.0,0.0,0.0,0.1079005956422634,0.1079005956422634,71.9337304281756,1.4210854715202004e-14,7.105427357601002e-15,9.473903143468002e-12,0.0848398948314042,0.0424199474157021,56.5599298876028,-0.1048095603580359,0.36573888996017745,-69.8730402386906,0.36573888996017745,False,0.02215975310070229,0.00021958796698240068,0.023783406912670897,False
main_lens_y_mm,bilinear_intensity,lens_y_mm,y,-0.009499999999999995,-0.009499999999999995,0.07050000000000001,0.0015,0.0055,0.005505376344086021,0.058651026392960576,511,463,559,97,558ff391774786b8,-0.037247311827956917,510.86493333334465,False,1.5672223737892233e-06,51809.00409220573,5.5736023095918945,510.640686628091,497.9134139008183,497.9266820513057,509.50762602724484,516.7803532999721,516.7751967049526,121.42857339886795,121.42857339886795,121.30999080765811,121.09863719318741,121.09863719318741,120.98037680530346,5.5736023095918945,5.5736023095918945,5.5736023095918945,0.0,0.0,0.0,0.11909129982825561,0.11909129982825561,79.39419988550374,0.0,0.0,0.0,0.08672290061848287,0.043361450309241434,57.815267078988576,-0.1006732022055763,0.3548407263491705,-67.11546813705087,0.3548407263491705,False,0.018403309397970507,0.00020373623558430108,0.021493545136052904,False
main_lens_y_mm,production_searchsorted,lens_y_mm,y,-0.007999999999999993,-0.007999999999999993,0.07200000000000001,0.0015,0.0055,0.005505376344086021,0.058651026392960576,511,463,559,97,35f4603a4c195f4c,-0.037247311827956917,510.86493333334465,False,1.5682273659796685e-06,51842.2269745345,5.521496763132403,505.5998424215558,492.8725696942831,492.8907605441909,504.6628098449159,511.93553711764315,511.9351117884267,121.41027163922294,121.41027163922294,121.29170692082526,121.0629876393452,121.0629876393452,120.94476206547863,5.521496763132403,5.521496763132403,5.521496763132403,0.0,0.0,0.0,0.16668517793459614,0.16668517793459614,111.12345195639743,-1.4210854715202004e-14,7.105427357601002e-15,-9.473903143468002e-12,0.0764288026492892,0.0382144013246446,50.95253509952613,-0.1050809167042166,0.37351627466473675,-70.05394446947773,0.37351627466473675,False,0.023048950578535555,0.000232629965273052,0.02516573489332302,False
main_lens_y_mm,bilinear_intensity,lens_y_mm,y,-0.007999999999999993,-0.007999999999999993,0.07200000000000001,0.0015,0.0055,0.005505376344086021,0.058651026392960576,511,463,559,97,558ff391774786b8,-0.037247311827956917,510.86493333334465,False,1.5672607522440447e-06,51810.27280145603,5.472921828664071,510.640686628091,497.9134139008183,497.9266820513057,509.6901584977857,516.962885770513,516.9575509211277,121.42857339886794,121.42857339886794,121.30999080765811,121.17759823973016,121.17759823973016,121.05926074144918,5.472921828664071,5.472921828664071,5.472921828664071,0.0,0.0,0.0,0.1825324705408775,0.1825324705408775,121.68831369391833,-1.4210854715202004e-14,7.105427357601002e-15,-9.473903143468002e-12,0.07896104654274438,0.03948052327137219,52.64069769516292,-0.10068048092782345,0.3612761561927635,-67.12032061854896,0.3612761561927635,False,0.018881609030417756,0.00021426402088978023,0.02267673910792835,False
main_lens_y_mm,production_searchsorted,lens_y_mm,y,-0.006499999999999992,-0.006499999999999992,0.07350000000000001,0.0015,0.0055,0.005505376344086021,0.058651026392960576,511,463,559,97,35f4603a4c195f4c,-0.037247311827956917,510.86493333334465,False,1.5681864305381475e-06,51840.87373679827,5.417331684752944,505.5998424215558,492.8725696942831,492.8907605441909,504.8861521812643,512.1588794539915,512.1582360170248,121.41027163922294,121.41027163922294,121.29170692082526,121.12949487552291,121.12949487552291,121.01120435318353,5.417331684752944,5.417331684752944,5.417331684752944,0.0,0.0,0.0,0.2233423363484235,0.2233423363484235,148.894890898949,0.0,0.0,0.0,0.06650723617771348,0.03325361808885674,44.33815745180899,-0.10416507837945854,0.3773073963385414,-69.4433855863057,0.3773073963385414,False,0.023773421761618813,0.00024542485205769626,0.026390128217869475,False
main_lens_y_mm,bilinear_intensity,lens_y_mm,y,-0.006499999999999992,-0.006499999999999992,0.07350000000000001,0.0015,0.0055,0.005505376344086021,0.058651026392960576,511,463,559,97,558ff391774786b8,-0.037247311827956917,510.86493333334465,False,1.5672993978964337e-06,51811.55034368376,5.373383748707096,510.640686628091,497.9134139008183,497.9266820513057,509.93408181678024,517.2068090895075,517.201236033756,121.42857339886795,121.42857339886795,121.30999080765811,121.24707936122716,121.24707936122716,121.12867401028844,5.373383748707096,5.373383748707096,5.373383748707096,0.0,0.0,0.0,0.24392331899451847,0.24392331899451847,162.61554599634565,1.4210854715202004e-14,7.105427357601002e-15,9.473903143468002e-12,0.06948112149700592,0.03474056074850296,46.32074766467061,-0.09953807995697517,0.36374749383647675,-66.35871997131677,0.36374749383647675,False,0.019277025271134444,0.00022370852258174178,0.023698678953229867,False
main_lens_y_mm,production_searchsorted,lens_y_mm,y,-0.0049999999999999906,-0.0049999999999999906,0.07500000000000001,0.0015,0.0055,0.005505376344086021,0.058651026392960576,511,463,559,97,35f4603a4c195f4c,-0.037247311827956917,510.86493333334465,False,1.5681489422003804e-06,51839.63445290514,5.315076806377888,505.5998424215558,492.8725696942831,492.8907605441909,505.16084629720643,512.4335735699337,512.4326618769943,121.41027163922294,121.41027163922294,121.29170692082526,121.18446460481205,121.18446460481205,121.06612040109638,5.315076806377888,5.315076806377888,5.315076806377888,0.0,0.0,0.0,0.27469411594211124,0.27469411594211124,183.12941062807417,0.0,0.0,0.0,0.0549697292891409,0.02748486464457045,36.6464861927606,-0.10225487837505565,0.3775101261119069,-68.16991891670376,0.3775101261119069,False,0.02423769249358491,0.00025679121892268773,0.027445102605462214,False
main_lens_y_mm,bilinear_intensity,lens_y_mm,y,-0.0049999999999999906,-0.0049999999999999906,0.07500000000000001,0.0015,0.0055,0.005505376344086021,0.058651026392960576,511,463,559,97,558ff391774786b8,-0.037247311827956917,510.86493333334465,False,1.5673355672933118e-06,51812.746026225184,5.275945405086192,510.640686628091,497.9134139008183,497.9266820513057,510.2339202451054,517.5066475178327,517.5007816511161,121.42857339886795,121.42857339886795,121.30999080765811,121.30520908247699,121.30520908247699,121.18674696423237,5.275945405086192,5.275945405086192,5.275945405086192,0.0,0.0,0.0,0.29983842832518803,0.29983842832518803,199.89228555012537,0.0,0.0,0.0,0.05812972124982707,0.029064860624913536,38.75314749988471,-0.09743834362090364,0.36267033280230004,-64.9588957472691,0.36267033280230004,False,0.019557206210926,0.00023188868880945498,0.02455434115274648,False
main_lens_y_mm,production_searchsorted,lens_y_mm,y,-0.0034999999999999892,-0.0034999999999999892,0.07650000000000001,0.0015,0.0055,0.005505376344086021,0.058651026392960576,511,463,559,97,35f4603a4c195f4c,-0.037247311827956917,510.86493333334465,False,1.5681140961368684e-06,51838.48251692127,5.2155385597580315,505.5998424215558,492.8725696942831,492.8907605441909,505.4784376453047,512.7511649180319,512.7499430772917,121.41027163922296,121.41027163922296,121.29170692082526,121.22629775579028,121.22629775579028,121.10791269938812,5.2155385597580315,5.2155385597580315,5.2155385597580315,0.0,0.0,0.0,0.3175913480982899,0.3175913480982899,211.72756539885995,1.4210854715202004e-14,7.105427357601002e-15,9.473903143468002e-12,0.04183315097823481,0.020916575489117406,27.88876731882321,-0.09953824661985688,0.374550548358642,-66.35883107990459,0.374550548358642,False,0.024497112863235252,0.00026554341946990995,0.028322597009881524,False
main_lens_y_mm,bilinear_intensity,lens_y_mm,y,-0.0034999999999999892,-0.0034999999999999892,0.07650000000000001,0.0015,0.0055,0.005505376344086021,0.058651026392960576,511,463,559,97,558ff391774786b8,-0.037247311827956917,510.86493333334465,False,1.5673666071931e-06,51813.77213861488,5.181377549825175,510.640686628091,497.9134139008183,497.9266820513057,510.5808017809308,517.8535290536581,517.8473244354416,121.42857339886794,121.42857339886794,121.30999080765812,121.3501171363356,121.3501171363356,121.23161116256965,5.181377549825175,5.181377549825175,5.181377549825175,0.0,0.0,0.0,0.34688153582538916,0.34688153582538916,231.2543572169261,-1.4210854715202004e-14,7.105427357601002e-15,-9.473903143468002e-12,0.04490805385860597,0.022454026929302984,29.938702572403976,-0.09456785526101719,0.35848686064814295,-63.04523684067812,0.35848686064814295,False,0.019708999076301238,0.000238374425790985,0.02524266635773193,False
main_lens_y_mm,production_searchsorted,lens_y_mm,y,-0.001999999999999988,-0.001999999999999988,0.07800000000000001,0.0015,0.0055,0.005505376344086021,0.058651026392960576,511,463,559,97,35f4603a4c195f4c,-0.037247311827956917,510.86493333334465,False,1.5680815609153105e-06,51837.406972406956,5.119349779599546,505.5998424215558,492.8725696942831,492.8907605441909,505.8276645893517,513.1003918620789,513.0988289794011,121.41027163922294,121.41027163922294,121.29170692082526,121.25358871696136,121.25358871696136,121.13517700922993,5.119349779599546,5.119349779599546,5.119349779599546,0.0,0.0,0.0,0.3492269440469613,0.3492269440469613,232.8179626979742,-1.4210854715202004e-14,7.105427357601002e-15,-9.473903143468002e-12,0.027290961171075878,0.013645480585537939,18.193974114050587,-0.09618878015848509,0.36885464101696774,-64.12585343899006,0.36885464101696774,False,0.024668508017080686,0.0002722456508884365,0.029017477703567503,False
main_lens_y_mm,bilinear_intensity,lens_y_mm,y,-0.001999999999999988,-0.001999999999999988,0.07800000000000001,0.0015,0.0055,0.005505376344086021,0.058651026392960576,511,463,559,97,558ff391774786b8,-0.037247311827956917,510.86493333334465,False,1.567390234004338e-06,51814.553190226055,5.090279244225171,510.640686628091,497.9134139008183,497.9266820513057,510.9628184568376,518.2355457295649,518.2289680481883,121.42857339886795,121.42857339886795,121.30999080765811,121.38014499180663,121.38014499180663,121.26160969396304,5.090279244225171,5.090279244225171,5.090279244225171,0.0,0.0,0.0,0.38201667590681154,0.38201667590681154,254.67778393787435,1.4210854715202004e-14,7.105427357601002e-15,9.473903143468002e-12,0.03002785547103315,0.015013927735516575,20.0185703140221,-0.09109830560000365,0.3516373965185277,-60.732203733335766,0.38201667590681154,False,0.019797179800880572,0.00024344134962305436,0.02576542611150282,False
main_lens_y_mm,production_searchsorted,lens_y_mm,y,-0.0004999999999999866,-0.0004999999999999866,0.07950000000000002,0.0015,0.0055,0.005505376344086021,0.058651026392960576,511,463,559,97,35f4603a4c195f4c,-0.037247311827956917,510.86493333334465,False,1.5680515567021519e-06,51836.4150975918,5.026991152059739,505.5998424215558,492.8725696942831,492.8907605441909,506.1950967608911,513.4678240336184,513.4659023304605,121.41027163922294,121.41027163922294,121.29170692082526,121.26531418354752,121.26531418354752,121.14689102516513,5.026991152059739,5.026991152059739,5.026991152059739,0.0,0.0,0.0,0.36743217153940577,0.36743217153940577,244.9547810262705,0.0,0.0,0.0,0.011725466586156585,0.005862733293078293,7.81697772410439,-0.09235862753980761,0.36082171180353384,-61.57241835987174,0.36743217153940577,False,0.024779836135582246,0.000277002706297545,0.029526910278581293,False
main_lens_y_mm,bilinear_intensity,lens_y_mm,y,-0.0004999999999999866,-0.0004999999999999866,0.07950000000000002,0.0015,0.0055,0.005505376344086021,0.058651026392960576,511,463,559,97,558ff391774786b8,-0.037247311827956917,510.86493333334465,False,1.5674047786362352e-06,51815.03400450364,5.003099550717652,510.640686628091,497.9134139008183,497.9266820513057,511.3656999252997,518.638427198027,518.6314560777164,121.42857339886795,121.42857339886795,121.30999080765812,121.39406500771929,121.39406500771929,121.27551611611018,5.003099550717652,5.003099550717652,5.003099550717652,0.0,0.0,0.0,0.40288146846205564,0.40288146846205564,268.58764564137044,0.0,0.0,0.0,0.013920015912660233,0.0069600079563301165,9.280010608440156,-0.08717969350751975,0.34253403133599597,-58.11979567167983,0.40288146846205564,False,0.019842722622388172,0.00024736147342105266,0.026125927483116,False
main_lens_y_mm,production_searchsorted,lens_y_mm,y,0.0010000000000000148,0.0010000000000000148,0.08100000000000002,0.0015,0.0055,0.005505376344086021,0.058651026392960576,511,463,559,97,35f4603a4c195f4c,-0.037247311827956917,510.86493333334465,False,1.568024878582953e-06,51835.53317629597,5.057327612236894,505.5998424215558,492.8725696942831,492.8907605441909,506.56601159238306,513.8387388651104,513.8364549404374,121.41027163922294,121.41027163922294,121.29170692082526,121.26098814495985,121.26098814495985,121.14256921122453,5.057327612236894,5.057327612236894,5.057327612236894,0.0,0.0,0.0,0.370914831491973,0.370914831491973,247.276554327982,0.0,0.0,0.0,-0.004326038587663561,0.0021630192938317805,-2.8840257251090406,0.03033646017715519,0.12069430504060168,20.224306784770125,0.370914831491973,False,0.0248381355895582,0.00024360834553049262,0.02423234132565567,False
main_lens_y_mm,bilinear_intensity,lens_y_mm,y,0.0010000000000000148,0.0010000000000000148,0.08100000000000002,0.0015,0.0055,0.005505376344086021,0.058651026392960576,511,463,559,97,558ff391774786b8,-0.037247311827956917,510.86493333334465,False,1.5674093667679176e-06,51815.18567827827,5.040776813542794,510.640686628091,497.9134139008183,497.9266820513057,511.7737398261743,519.0464670989015,519.0390975021253,121.42857339886794,121.42857339886794,121.30999080765811,121.39125725044224,121.39125725044224,121.2727111007836,5.040776813542794,5.040776813542794,5.040776813542794,0.0,0.0,0.0,0.4080399008745985,0.4080399008745985,272.02660058306566,-1.4210854715202004e-14,7.105427357601002e-15,-9.473903143468002e-12,-0.002807757277054179,0.0014038786385270896,-1.871838184702786,0.0376772628251425,0.1506156831108348,25.118175216761667,0.4080399008745985,False,0.019849730147066324,0.00020792485517368397,0.02117726357497788,False
main_lens_y_mm,production_searchsorted,lens_y_mm,y,0.002500000000000016,0.002500000000000016,0.08250000000000002,0.0015,0.0055,0.005505376344086021,0.058651026392960576,511,463,559,97,35f4603a4c195f4c,-0.037247311827956917,510.86493333334465,False,1.5680028621694886e-06,51834.80536097483,5.15100801252236,505.5998424215558,492.8725696942831,492.8907605441909,506.9254168484405,514.1981441211677,514.1955092147994,121.41027163922294,121.41027163922294,121.29170692082526,121.24074464927652,121.24074464927652,121.12234548457995,5.15100801252236,5.15100801252236,5.15100801252236,0.0,0.0,0.0,0.35940525605741414,0.35940525605741414,239.60350403827607,0.0,0.0,0.0,-0.020243495683331503,0.010121747841665751,-13.495663788887668,0.09368040028546609,0.37047392404950624,62.45360019031072,0.37047392404950624,False,0.02469948454785315,0.00027541688071229184,0.02887308145671827,False
main_lens_y_mm,bilinear_intensity,lens_y_mm,y,0.002500000000000016,0.002500000000000016,0.08250000000000002,0.0015,0.0055,0.005505376344086021,0.058651026392960576,511,463,559,97,558ff391774786b8,-0.037247311827956917,510.86493333334465,False,1.5674040123360704e-06,51815.00867226679,5.131858735364015,510.640686628091,497.9134139008183,497.9266820513057,512.1708789869648,519.443606259692,519.435848831704,121.42857339886794,121.42857339886794,121.30999080765811,121.37180221193066,121.37180221193066,121.25327506133303,5.131858735364015,5.131858735364015,5.131858735364015,0.0,0.0,0.0,0.39713916079051614,0.39713916079051614,264.7594405270108,0.0,0.0,0.0,-0.01945503851158037,0.009727519255790185,-12.970025674386912,0.0910819218212211,0.36138049824588947,60.721281214147396,0.39713916079051614,False,0.01981497687962239,0.0002481398510153237,0.025887865457216386,False
main_lens_y_mm,production_searchsorted,lens_y_mm,y,0.004000000000000017,0.004000000000000017,0.08400000000000002,0.0015,0.0055,0.005505376344086021,0.058651026392960576,511,463,559,97,35f4603a4c195f4c,-0.037247311827956917,510.86493333334465,False,1.5679872936885622e-06,51834.29070044834,5.2483737021190295,505.5998424215558,492.8725696942831,492.8907605441909,507.2591056473825,514.5318329201098,514.5288721457737,121.41027163922294,121.41027163922294,121.29170692082526,121.20532775970182,121.20532775970182,121.08696318181148,5.2483737021190295,5.2483737021190295,5.2483737021190295,0.0,0.0,0.0,0.33368879894203474,0.33368879894203474,222.45919929468982,0.0,0.0,0.0,-0.035416889574705124,0.017708444787352562,-23.611259716470084,0.09736568959666947,0.378045187893199,64.91045973111298,0.378045187893199,False,0.024615878167905853,0.00027017334375250646,0.028326449388045686,False
main_lens_y_mm,bilinear_intensity,lens_y_mm,y,0.004000000000000017,0.004000000000000017,0.08400000000000002,0.0015,0.0055,0.005505376344086021,0.058651026392960576,511,463,559,97,558ff391774786b8,-0.037247311827956917,510.86493333334465,False,1.5673896126580316e-06,51814.532649852285,5.226544221972841,510.640686628091,497.9134139008183,497.9266820513057,512.5418271576575,519.8145544303848,519.8064347483238,121.42857339886794,121.42857339886794,121.30999080765811,121.33646763655939,121.33646763655939,121.21797499238305,5.226544221972841,5.226544221972841,5.226544221972841,0.0,0.0,0.0,0.3709481706927136,0.3709481706927136,247.29878046180903,0.0,0.0,0.0,-0.03533457537126594,0.01766728768563297,-23.55638358084396,0.09468548660882536,0.369010494994107,63.12365773921691,0.3709481706927136,False,0.019778764626478113,0.00024352045321419144,0.025454546908763975,False
main_lens_y_mm,production_searchsorted,lens_y_mm,y,0.005500000000000019,0.005500000000000019,0.08550000000000002,0.0015,0.0055,0.005505376344086021,0.058651026392960576,511,463,559,97,35f4603a4c195f4c,-0.037247311827956917,510.86493333334465,False,1.5679802715386428e-06,51834.05856326092,5.348895996663873,505.5998424215558,492.8725696942831,492.8907605441909,507.55462552838964,514.827352801117,514.824103433147,121.41027163922294,121.41027163922294,121.29170692082526,121.15599125706912,121.15599125706912,121.03767485935713,5.348895996663873,5.348895996663873,5.348895996663873,0.0,0.0,0.0,0.2955198810071238,0.2955198810071238,197.0132540047492,0.0,0.0,0.0,-0.0493365026326984,0.0246682513163492,-32.891001755132265,0.1005222945448434,0.3830607355732216,67.01486302989561,0.3830607355732216,False,0.024377047629068227,0.0002628220927177085,0.027600657245698466,False
main_lens_y_mm,bilinear_intensity,lens_y_mm,y,0.005500000000000019,0.005500000000000019,0.08550000000000002,0.0015,0.0055,0.005505376344086021,0.058651026392960576,511,463,559,97,558ff391774786b8,-0.037247311827956917,510.86493333334465,False,1.5673678457201285e-06,51813.81308165714,5.32431099338165,510.640686628091,497.9134139008183,497.9266820513057,512.8730994751844,520.1458267479117,520.1373835577282,121.42857339886795,121.42857339886795,121.30999080765811,121.28659328331585,121.28659328331585,121.16814934456261,5.32431099338165,5.32431099338165,5.32431099338165,0.0,0.0,0.0,0.3312723175268957,0.3312723175268957,220.84821168459712,1.4210854715202004e-14,7.105427357601002e-15,9.473903143468002e-12,-0.049874353243538394,0.024937176621769197,-33.2495688290256,0.09776677140880974,0.3741163080484035,65.17784760587315,0.3741163080484035,False,0.019679358908067685,0.0002376061002913642,0.024861225869710613,False
main_lens_y_mm,production_searchsorted,lens_y_mm,y,0.006999999999999992,0.006999999999999992,0.087,0.0015,0.0055,0.005505376344086021,0.058651026392960576,511,463,559,97,35f4603a4c195f4c,-0.037247311827956917,510.86493333334465,False,1.5679840306543452e-06,51834.182831548605,5.451886278909133,505.5998424215558,492.8725696942831,492.8907605441909,507.8020554310418,515.0747827037691,515.0712917050349,121.41027163922294,121.41027163922294,121.29170692082526,121.09433295848957,121.09433295848957,120.97607677395979,5.451886278909133,5.451886278909133,5.451886278909133,0.0,0.0,0.0,0.24742990265218623,0.24742990265218623,164.95326843479083,0.0,0.0,0.0,-0.061658298579544635,0.030829149289772317,-41.10553238636309,0.10299028224526019,0.3850898664303648,68.66018816350679,0.3850898664303648,False,0.024100554859264933,0.00025320016150377756,0.02669879255680072,False
main_lens_y_mm,bilinear_intensity,lens_y_mm,y,0.006999999999999992,0.006999999999999992,0.087,0.0015,0.0055,0.005505376344086021,0.058651026392960576,511,463,559,97,558ff391774786b8,-0.037247311827956917,510.86493333334465,False,1.567340982289529e-06,51812.9250343646,5.4244808004313025,510.640686628091,497.9134139008183,497.9266820513057,513.1538561105157,520.426583383243,520.4178660166577,121.42857339886795,121.42857339886795,121.30999080765812,121.22390197321337,121.22390197321337,121.10551925644265,5.4244808004313025,5.4244808004313025,5.4244808004313025,0.0,0.0,0.0,0.28075663533127226,0.28075663533127226,187.17109022084819,0.0,0.0,0.0,-0.06269131010247975,0.031345655051239874,-41.794206734986496,0.10016980704965217,0.37627331376460765,66.77987136643478,0.37627331376460765,False,0.019469207299575148,0.00023014439942891664,0.024105303817541734,False
main_lens_y_mm,production_searchsorted,lens_y_mm,y,0.008499999999999994,0.008499999999999994,0.0885,0.0015,0.0055,0.005505376344086021,0.058651026392960576,511,463,559,97,35f4603a4c195f4c,-0.037247311827956917,510.86493333334465,False,1.5680007446882602e-06,51834.73536159538,5.55647664465632,505.5998424215558,492.8725696942831,492.8907605441909,507.9945119221091,515.2672391948364,515.2635602503101,121.41027163922294,121.41027163922294,121.29170692082526,121.02210411607233,121.02210411607233,120.90391846752148,5.55647664465632,5.55647664465632,5.55647664465632,0.0,0.0,0.0,0.1924564910672757,0.1924564910672757,128.30432737818379,0.0,0.0,0.0,-0.07222884241724614,0.03611442120862307,-48.152561611497426,0.10459036574718716,0.38368506016642234,69.72691049812478,0.38368506016642234,False,0.02354847984282965,0.00024104145822572253,0.025626156668567414,False
main_lens_y_mm,bilinear_intensity,lens_y_mm,y,0.008499999999999994,0.008499999999999994,0.0885,0.0015,0.0055,0.005505376344086021,0.058651026392960576,511,463,559,97,558ff391774786b8,-0.037247311827956917,510.86493333334465,False,1.567311636126979e-06,51811.954913288566,5.526200789954151,510.640686628091,497.9134139008183,497.9266820513057,513.3764615031811,520.6491887759083,520.6402540212443,121.42857339886795,121.42857339886795,121.30999080765811,121.15028229257,121.15028229257,121.03197147001866,5.526200789954151,5.526200789954151,5.526200789954151,0.0,0.0,0.0,0.22260539266540036,0.22260539266540036,148.4035951102669,0.0,0.0,0.0,-0.07361968064337532,0.03680984032168766,-49.07978709558355,0.10171998952284866,0.37504046291309895,67.81332634856578,0.37504046291309895,False,0.01914851948351667,0.00022115654748578785,0.02318610252994029,False
main_lens_y_mm,production_searchsorted,lens_y_mm,y,0.009999999999999995,0.009999999999999995,0.09,0.0015,0.0055,0.005505376344086021,0.058651026392960576,511,463,559,97,35f4603a4c195f4c,-0.037247311827956917,510.86493333334465,False,1.5680323236289477e-06,51835.779293518935,5.6616084749634386,505.5998424215558,492.8725696942831,492.8907605441909,508.1283439827344,515.4010712554617,515.3972616155637,121.41027163922294,121.41027163922294,121.29170692082526,120.9410393068375,120.9410393068375,120.82293282313941,5.6616084749634386,5.6616084749634386,5.6616084749634386,0.0,0.0,0.0,0.13383206062530917,0.13383206062530917,89.22137375020611,0.0,0.0,0.0,-0.08106480923483161,0.04053240461741581,-54.04320615655441,0.10513183030711826,0.3784118499201246,70.08788687141217,0.3784118499201246,False,0.022748096067052154,0.0002280844866114918,0.024390845459152162,False
main_lens_y_mm,bilinear_intensity,lens_y_mm,y,0.009999999999999995,0.009999999999999995,0.09,0.0015,0.0055,0.005505376344086021,0.058651026392960576,511,463,559,97,558ff391774786b8,-0.037247311827956917,510.86493333334465,False,1.5672824832479978e-06,51810.991181752,5.628432584477549,510.640686628091,497.9134139008183,497.9266820513057,513.5367185532375,520.8094458259648,520.8003545702753,121.42857339886795,121.42857339886795,121.30999080765812,121.06759359630018,121.06759359630018,120.94936352442879,5.628432584477549,5.628432584477549,5.628432584477549,0.0,0.0,0.0,0.16025705005642976,0.16025705005642976,106.83803337095317,0.0,0.0,0.0,-0.08268869626981257,0.041344348134906284,-55.125797513208376,0.10223179452339792,0.3699894318325922,68.15452968226528,0.3699894318325922,False,0.0187289549757246,0.00021101739674595816,0.022106065317750456,False
sensor_clipping_boundary_camera_x_mm,production_searchsorted,camera_x_mm,x,2.65,2.65,0.0,0.003750000000000142,0.0055,0.005505376344086021,0.058651026392960576,557,509,605,97,e0cd5956583d84a8,2.6527526881720433,556.7294333333456,False,1.210706511827901e-06,40023.35576290582,6.690509729299775,558.1822539793692,76.36407216118744,76.78900959071751,504.3139154721346,511.58664274486193,511.5865581328064,76.2925223700069,76.2925223700069,76.21801795362995,120.89739679757508,120.89739679757508,120.77933293351494,6.690509729299775,6.690509729299775,6.690509729299775,0.0,0.0,0.0,0.0,0.0,0.0,0.0,0.0,0.0,0.0,0.0,0.0,0.0,0.0,0.0,0.0,False,0.0,0.0,0.0,False
sensor_clipping_boundary_camera_x_mm,bilinear_intensity,camera_x_mm,x,2.65,2.65,0.0,0.003750000000000142,0.0055,0.005505376344086021,0.058651026392960576,557,509,605,97,ed225cacb6682121,2.6527526881720433,556.7294333333456,False,1.2225133847168616e-06,40413.66561047477,6.505859630410291,562.6712785961643,80.85309677798239,81.27365039441014,509.52144935741416,516.7941766301414,516.789006535776,76.61595312666748,76.61595312666748,76.5411328599422,120.92547706671196,120.92547706671196,120.80738578051397,6.505859630410291,6.505859630410291,6.505859630410291,0.0,0.0,0.0,0.0,0.0,0.0,0.0,0.0,0.0,0.0,0.0,0.0,0.0,0.0,0.0,0.0,False,0.0,0.0,0.0,False
sensor_clipping_boundary_camera_x_mm,production_searchsorted,camera_x_mm,x,2.65375,2.65375,0.003750000000000142,0.003750000000000142,0.0055,0.005505376344086021,0.058651026392960576,557,509,605,97,4729606b4f8127f5,2.6565026881720435,556.7933708333456,True,1.2098722170989391e-06,39995.77577186576,6.690509729299775,558.427690528633,75.92769052863292,76.35305411210118,504.3139154721346,511.5866427448619,511.5865581328064,76.60435533810937,76.60435533810937,76.52954639734948,120.89739679757508,120.89739679757508,120.77933293351494,6.690509729299775,6.690509729299775,6.690509729299775,0.24543654926378622,0.24543654926378622,65.44974647034051,0.0,0.0,0.0,0.31183296810246475,0.15591648405123237,83.15545816065412,0.0,0.0,0.0,0.0,0.0,0.0,0.24543654926378622,False,0.026915416005541898,0.00015355199952146525,0.0964210777266202,False
sensor_clipping_boundary_camera_x_mm,bilinear_intensity,camera_x_mm,x,2.65375,2.65375,0.003750000000000142,0.003750000000000142,0.0055,0.005505376344086021,0.058651026392960576,557,509,605,97,e5c70092f666d9a2,2.6565026881720435,556.7933708333456,True,1.220851089183392e-06,40358.713692012956,6.542831454860228,562.777719583039,80.27771958303896,80.69883509125873,509.5214493574141,516.7941766301414,516.789006535776,76.61047244442248,76.61047244442248,76.53565752992597,120.92547706671193,120.92547706671193,120.80738578051397,6.542831454860228,6.542831454860228,6.542831454860228,0.10644098687475889,0.10644098687475889,28.384263166601297,-5.684341886080802e-14,5.684341886080802e-14,-1.515824502954823e-11,-0.005480682244993318,0.002740341122496659,-1.461515265331496,-2.842170943040401e-14,1.4210854715202004e-14,-7.579122514774115e-12,0.036971824449937074,0.11365700015143257,9.859153186649513,0.11365700015143257,False,0.024271874417145282,0.0001488518506201542,0.023775061966871524,False
sensor_clipping_boundary_camera_x_mm,production_searchsorted,camera_x_mm,x,2.6574999999999998,2.6574999999999998,0.00749999999999984,0.003750000000000142,0.0055,0.005505376344086021,0.058651026392960576,557,509,605,97,6935edf22b94f907,2.6602526881720427,556.8573083333456,True,1.2059508199102038e-06,39866.14280694889,6.690509729299775,558.6910563342914,75.50923815247324,75.93501038084008,504.3139154721346,511.58664274486193,511.5865581328064,76.6567793330819,76.6567793330819,76.58191919701444,120.89739679757507,120.89739679757507,120.77933293351494,6.690509729299775,6.690509729299775,6.690509729299775,0.2633658056583954,0.2633658056583954,70.23088150890278,0.0,0.0,0.0,0.052423994972528476,0.026211997486264238,13.979731992673731,-1.4210854715202004e-14,7.105427357601002e-15,-3.7895612573870575e-12,0.0,0.0,0.0,0.2633658056583954,False,0.023245746754828513,0.00013252521187978936,0.09347077591384464,False
sensor_clipping_boundary_camera_x_mm,bilinear_intensity,camera_x_mm,x,2.6574999999999998,2.6574999999999998,0.00749999999999984,0.003750000000000142,0.0055,0.005505376344086021,0.058651026392960576,557,509,605,97,f24fbb15bc247a2f,2.6602526881720427,556.8573083333456,True,1.2192285471196915e-06,40305.075937841044,6.5640749347199225,562.8854839523626,79.70366577054455,80.12534187819051,509.52144935741416,516.7941766301415,516.789006535776,76.59878337008541,76.59878337008541,76.52397987070056,120.92547706671196,120.92547706671196,120.807385780514,6.5640749347199225,6.5640749347199225,6.5640749347199225,0.10776436932360411,0.10776436932360411,28.737165152960007,5.684341886080802e-14,5.684341886080802e-14,1.515824502954823e-11,-0.011689074337070338,0.005844537168535169,-3.1170864898853052,2.842170943040401e-14,1.4210854715202004e-14,7.579122514774115e-12,0.021243479859694325,0.06493665626649751,5.6649279625849385,0.10776436932360411,False,0.024291844317898596,0.0001453738583644076,0.023277993689442767,False
sensor_clipping_boundary_camera_x_mm,production_searchsorted,camera_x_mm,x,2.66125,2.66125,0.011249999999999982,0.003750000000000142,0.0055,0.005505376344086021,0.058651026392960576,557,509,605,97,18a2c7aca0500651,2.6640026881720433,556.9212458333457,True,1.2047609681121605e-06,39826.80886321192,6.690509729299775,558.5953341489608,74.7316977853244,75.15822933045592,504.3139154721346,511.5866427448619,511.5865581328064,76.29069222996897,76.29069222996897,76.21618960083815,120.89739679757507,120.89739679757507,120.77933293351494,6.690509729299775,6.690509729299775,6.690509729299775,-0.09572218533060095,0.09572218533060095,-25.525916088159285,0.0,0.0,0.0,-0.3660871031129318,0.1830435515564659,-97.62322749677811,0.0,0.0,0.0,0.0,0.0,0.0,0.1830435515564659,False,0.021792391372255387,0.0001238368761365465,0.07825233512246076,False
sensor_clipping_boundary_camera_x_mm,bilinear_intensity,camera_x_mm,x,2.66125,2.66125,0.011249999999999982,0.003750000000000142,0.0055,0.005505376344086021,0.058651026392960576,557,509,605,97,64b717ae9f4ae137,2.6640026881720433,556.9212458333457,True,1.217526473166667e-06,40248.80903030305,6.51284232863627,563.0014927840742,79.13785642043786,79.56008507627718,509.52144935741416,516.7941766301414,516.789006535776,76.59622393013318,76.59622393013318,76.5214229302014,120.92547706671193,120.92547706671193,120.807385780514,6.51284232863627,6.51284232863627,6.51284232863627,0.11600883171161058,0.11600883171161058,30.935688456428316,0.0,0.0,0.0,-0.0025594399522361755,0.0012797199761180877,-0.6825173205962876,-2.842170943040401e-14,1.4210854715202004e-14,-7.579122514774115e-12,-0.05123260608365232,0.15610000371160698,-13.662028288973435,0.15610000371160698,False,0.024278886757153107,0.00014331683567893054,0.02433796347026031,False
sensor_clipping_boundary_camera_x_mm,production_searchsorted,camera_x_mm,x,2.665,2.665,0.015000000000000124,0.003750000000000142,0.0055,0.005505376344086021,0.058651026392960576,557,509,605,97,09bee56e465c1f8a,2.6677526881720435,556.9851833333456,True,1.2037495902050272e-06,39793.374882810815,6.690509729299775,558.8337553116714,74.28830076621682,74.71526531624971,504.3139154721346,511.5866427448619,511.5865581328064,76.61127987728248,76.61127987728248,76.53646417427731,120.89739679757508,120.89739679757508,120.77933293351495,6.690509729299775,6.690509729299775,6.690509729299775,0.23842116271066516,0.23842116271066516,63.57897672284163,0.0,0.0,0.0,0.3205876473135163,0.16029382365675815,85.4900392836011,1.4210854715202004e-14,7.105427357601002e-15,3.7895612573870575e-12,0.0,0.0,0.0,0.23842116271066516,False,0.027195230814937587,0.00015438643509185055,0.09650652269951485,False
sensor_clipping_boundary_camera_x_mm,bilinear_intensity,camera_x_mm,x,2.665,2.665,0.015000000000000124,0.003750000000000142,0.0055,0.005505376344086021,0.058651026392960576,557,509,605,97,18cf58422e624b3f,2.6677526881720435,556.9851833333456,True,1.2156325794570897e-06,40186.20097378809,6.536792665087714,563.1228955174143,78.57744097195979,79.00021690851054,509.52144935741416,516.7941766301414,516.789006535776,76.59517068336316,76.59517068336316,76.5203707119927,120.92547706671196,120.92547706671196,120.807385780514,6.536792665087714,6.536792665087714,6.536792665087714,0.12140273334011908,0.12140273334011908,32.37406222403053,0.0,0.0,0.0,-0.001053246770013061,0.0005266233850065305,-0.2808658053368056,2.842170943040401e-14,1.4210854715202004e-14,7.579122514774115e-12,0.023950336451443732,0.07354803093001858,6.3867563870514195,0.12140273334011908,False,0.024195485345160646,0.00014578226587290503,0.023380228286311863,False
sensor_clipping_boundary_camera_x_mm,production_searchsorted,camera_x_mm,x,2.6687499999999997,2.6687499999999997,0.018749999999999822,0.003750000000000142,0.0055,0.005505376344086021,0.058651026392960576,558,509,606,98,ace8b2efc2c83112,2.6715026881720427,557.0491208333456,True,1.1985338966213895e-06,39620.95526021122,6.690509729299775,559.0766873893161,73.8494146620435,74.27680781178753,504.3139154721346,511.5866427448619,511.5865581328064,76.7052444305598,76.7052444305598,76.63033696529558,120.89739679757507,120.89739679757507,120.77933293351494,6.690509729299775,6.690509729299775,6.690509729299775,0.2429320776446957,0.2429320776446957,64.7818873719164,0.0,0.0,0.0,0.09396455327731701,0.046982276638658504,25.057214207283586,-1.4210854715202004e-14,7.105427357601002e-15,-3.7895612573870575e-12,0.0,0.0,0.0,0.2429320776446957,False,0.024439202138608042,0.00013862408000312306,0.09447755086050673,False
sensor_clipping_boundary_camera_x_mm,bilinear_intensity,camera_x_mm,x,2.6687499999999997,2.6687499999999997,0.018749999999999822,0.003750000000000142,0.0055,0.005505376344086021,0.058651026392960576,558,509,606,98,8a6a61db20e4b53f,2.6715026881720427,557.0491208333456,True,1.2137722333977568e-06,40124.70193050436,6.571057632945706,563.243713377928,78.01644065065534,78.43976443908247,509.52144935741416,516.7941766301414,516.789006535776,76.58416033320422,76.58416033320422,76.50937111412883,120.92547706671196,120.92547706671196,120.807385780514,6.571057632945706,6.571057632945706,6.571057632945706,0.12081786051362542,0.12081786051362542,32.218096136965556,0.0,0.0,0.0,-0.011010350158940696,0.005505175079470348,-2.9360933757174075,0.0,0.0,0.0,0.03426496785799227,0.10483724852096861,9.137324762130925,0.12081786051362542,False,0.02420691784989756,0.00014656973865723194,0.023614592305368946,False
sensor_clipping_boundary_camera_x_mm,production_searchsorted,camera_x_mm,x,2.6725,2.6725,0.022499999999999964,0.003750000000000142,0.0055,0.005505376344086021,0.058651026392960576,558,510,606,97,a98a56bf36697394,2.6752526881720433,557.1130583333456,True,1.1982904641884843e-06,39612.907907057335,6.690509729299775,558.9885464273666,73.07945551827572,73.5076005812461,504.3139154721346,511.5866427448619,511.5865581328064,76.30966610351042,76.30966610351042,76.23514494520622,120.89739679757508,120.89739679757508,120.77933293351494,6.690509729299775,6.690509729299775,6.690509729299775,-0.08814096194953436,0.08814096194953436,-23.50425651987494,0.0,0.0,0.0,-0.39557832704937823,0.19778916352468912,-105.4875538798302,1.4210854715202004e-14,7.105427357601002e-15,3.7895612573870575e-12,0.0,0.0,0.0,0.19778916352468912,False,0.021137602323516174,0.00011937724314978948,0.07732307971929983,False
sensor_clipping_boundary_camera_x_mm,bilinear_intensity,camera_x_mm,x,2.6725,2.6725,0.022499999999999964,0.003750000000000142,0.0055,0.005505376344086021,0.058651026392960576,558,510,606,97,439ab21b48f23ce8,2.6752526881720433,557.1130583333456,True,1.2118481337285292e-06,40061.09532986874,6.519825026862054,563.3716051934937,77.46251428440269,77.88637901654681,509.52144935741416,516.7941766301414,516.789006535776,76.58194364602086,76.58194364602086,76.50715659167905,120.92547706671198,120.92547706671198,120.807385780514,6.519825026862054,6.519825026862054,6.519825026862054,0.12789181556570384,0.12789181556570384,34.10448415085306,0.0,0.0,0.0,-0.0022166871833633195,0.0011083435916816597,-0.5911165822301961,1.4210854715202004e-14,7.105427357601002e-15,3.7895612573870575e-12,-0.05123260608365232,0.15593412490185543,-13.662028288973435,0.15593412490185543,False,0.02421825417968077,0.00014201714832666723,0.024297016371958913,False
sensor_clipping_boundary_camera_x_mm,production_searchsorted,camera_x_mm,x,2.67625,2.67625,0.026250000000000107,0.003750000000000142,0.0055,0.005505376344086021,0.058651026392960576,558,510,606,97,2d463c7c14a89723,2.6790026881720435,557.1769958333457,True,1.1899607190620964e-06,39337.54443180484,6.690509729299775,559.4633382845361,72.87242919362694,73.30077643074259,504.3139154721346,511.5866427448619,511.5865581328064,76.74705736347295,76.74705736347295,76.67210906526643,120.89739679757507,120.89739679757507,120.77933293351495,6.690509729299775,6.690509729299775,6.690509729299775,0.4747918571695209,0.4747918571695209,126.61116191186744,0.0,0.0,0.0,0.43739125996252426,0.21869562998126213,116.63766932333539,-1.4210854715202004e-14,7.105427357601002e-15,-3.7895612573870575e-12,0.0,0.0,0.0,0.4747918571695209,False,0.02657418566536644,0.0001500505423105797,0.09535132130747649,False
sensor_clipping_boundary_camera_x_mm,bilinear_intensity,camera_x_mm,x,2.67625,2.67625,0.026250000000000107,0.003750000000000142,0.0055,0.005505376344086021,0.058651026392960576,558,510,606,97,c556790dccdef466,2.6790026881720435,557.1769958333457,True,1.2096713817801746e-06,39989.13658777437,6.530753875315198,563.5111272072443,76.9202181163352,77.344612434581,509.5214493574141,516.7941766301414,516.789006535776,76.58570304463657,76.58570304463657,76.51091231900703,120.92547706671196,120.92547706671196,120.80738578051397,6.530753875315198,6.530753875315198,6.530753875315198,0.13952201375059303,0.13952201375059303,37.20587033349007,-5.684341886080802e-14,5.684341886080802e-14,-1.515824502954823e-11,0.003759398615713394,0.001879699307856697,1.0025062975235337,-1.4210854715202004e-14,7.105427357601002e-15,-3.7895612573870575e-12,0.010928848453144013,0.033524974698297974,2.91435958750496,0.13952201375059303,False,0.024084096507592318,0.00014253084831113692,0.023114723899517662,False
sensor_clipping_boundary_camera_x_mm,production_searchsorted,camera_x_mm,x,2.6799999999999997,2.6799999999999997,0.029999999999999805,0.003750000000000142,0.0055,0.005505376344086021,0.058651026392960576,558,510,606,97,8cb0909536438975,2.6827526881720427,557.2409333333457,True,1.184725929640642e-06,39164.4935418394,6.690509729299775,559.7721650470006,72.49943777427342,72.92814926082178,504.3139154721346,511.5866427448619,511.5865581328064,76.84350597931197,76.84350597931197,76.76846349300405,120.89739679757508,120.89739679757508,120.77933293351495,6.690509729299775,6.690509729299775,6.690509729299775,0.30882676246449137,0.30882676246449137,82.35380332386124,0.0,0.0,0.0,0.09644861583902298,0.04822430791951149,25.719630890405153,1.4210854715202004e-14,7.105427357601002e-15,3.7895612573870575e-12,0.0,0.0,0.0,0.30882676246449137,False,0.024738442980123,0.0001387140617082461,0.09485367755206393,False
sensor_clipping_boundary_camera_x_mm,bilinear_intensity,camera_x_mm,x,2.6799999999999997,2.6799999999999997,0.029999999999999805,0.003750000000000142,0.0055,0.005505376344086021,0.058651026392960576,558,510,606,97,52b4e047b6e2684e,2.6827526881720427,557.2409333333457,True,1.2074171133977887e-06,39914.61531893517,6.575060950837219,563.6544037643129,76.38167649158561,76.8065967293868,509.52144935741416,516.7941766301414,516.789006535776,76.57599086308863,76.57599086308863,76.50120962201139,120.92547706671196,120.92547706671196,120.80738578051397,6.575060950837219,6.575060950837219,6.575060950837219,0.14327655706858877,0.14327655706858877,38.20708188495556,5.684341886080802e-14,5.684341886080802e-14,1.515824502954823e-11,-0.009712181547939736,0.004856090773969868,-2.589915079450498,0.0,0.0,0.0,0.0443070755220214,0.13568747611050638,11.815220139205259,0.14327655706858877,False,0.024027007346413914,0.00014687278608278785,0.023909441970379086,False
sensor_clipping_boundary_camera_x_mm,production_searchsorted,camera_x_mm,x,2.68375,2.68375,0.03374999999999995,0.003750000000000142,0.0055,0.005505376344086021,0.058651026392960576,558,510,606,97,96bd36a137de7d33,2.6865026881720433,557.3048708333456,True,1.1775054217218004e-06,38925.799065183484,6.690509729299775,559.8943411811227,71.93979572657736,72.36905373856303,504.3139154721346,511.58664274486193,511.5865581328064,76.53946523200962,76.53946523200962,76.46471966049398,120.89739679757508,120.89739679757508,120.77933293351494,6.690509729299775,6.690509729299775,6.690509729299775,0.12217613412212813,0.12217613412212813,32.58030243256627,0.0,0.0,0.0,-0.3040407473023521,0.15202037365117604,-81.07753261395749,0.0,0.0,0.0,0.0,0.0,0.0,0.15202037365117604,False,0.02031919890853202,0.00011343314587896621,0.08383878927844694,False
sensor_clipping_boundary_camera_x_mm,bilinear_intensity,camera_x_mm,x,2.68375,2.68375,0.03374999999999995,0.003750000000000142,0.0055,0.005505376344086021,0.058651026392960576,558,510,606,97,a7bba22060d895b1,2.6865026881720433,557.3048708333456,True,1.2049775175456071e-06,39833.96752216883,6.526807725087837,563.8119320030695,75.85738654852406,76.28281878822276,509.52144935741416,516.7941766301414,516.789006535776,76.57477796260123,76.57477796260123,76.49999790599713,120.92547706671196,120.92547706671196,120.807385780514,6.526807725087837,6.526807725087837,6.526807725087837,0.15752823875664035,0.15752823875664035,42.0075303351025,0.0,0.0,0.0,-0.001212900487402635,0.0006064502437013175,-0.32344012997402377,0.0,0.0,0.0,-0.04825322574938262,0.1467765123705459,-12.867526866501544,0.15752823875664035,False,0.02394737227097506,0.00013870953329597969,0.023929618451823776,False
sensor_clipping_boundary_camera_x_mm,production_searchsorted,camera_x_mm,x,2.6875,2.6875,0.03750000000000009,0.003750000000000142,0.0055,0.005505376344086021,0.058651026392960576,558,510,606,97,47826d76068324a4,2.6902526881720434,557.3688083333457,True,1.1801889581410665e-06,39014.51101292782,6.690509729299775,560.2943576521017,71.65799401573793,72.08752722470689,504.3139154721346,511.5866427448619,511.5865581328064,76.64832181812119,76.64832181812119,76.57346994134568,120.89739679757508,120.89739679757508,120.77933293351495,6.690509729299775,6.690509729299775,6.690509729299775,0.400016470978926,0.400016470978926,106.67105892770957,0.0,0.0,0.0,0.10885658611157112,0.05442829305578556,29.02842296308453,0.0,0.0,0.0,0.0,0.0,0.0,0.400016470978926,False,0.025129830542391648,0.00013943377215279744,0.08560554671854347,False
sensor_clipping_boundary_camera_x_mm,bilinear_intensity,camera_x_mm,x,2.6875,2.6875,0.03750000000000009,0.003750000000000142,0.0055,0.005505376344086021,0.058651026392960576,558,510,606,97,475f30fbc48477d8,2.6902526881720434,557.3688083333457,True,1.2022918298621995e-06,39745.18445825453,6.524715085542683,563.9851467826013,75.34878314623762,75.77471206894626,509.52144935741416,516.7941766301415,516.789006535776,76.5831524131062,76.5831524131062,76.50836417832777,120.92547706671196,120.92547706671196,120.807385780514,6.524715085542683,6.524715085542683,6.524715085542683,0.1732147795318042,0.1732147795318042,46.190607875146036,0.0,0.0,0.0,0.008374450504973652,0.004187225252486826,2.2331868013262226,0.0,0.0,0.0,-0.0020926395451539292,0.00641244428607943,-0.5580372120410266,0.1732147795318042,False,0.023769874474482026,0.0001380217639984212,0.022816548857195293,False
sensor_clipping_boundary_camera_x_mm,production_searchsorted,camera_x_mm,x,2.69125,2.69125,0.04125000000000023,0.003750000000000142,0.0055,0.005505376344086021,0.058651026392960576,558,510,606,97,cd82519114b8963d,2.694002688172043,557.4327458333456,True,1.1726945036622382e-06,38766.76045164424,6.690509729299775,560.5803486555958,71.26216683741393,71.69208659636178,504.3139154721346,511.58664274486193,511.5865581328064,76.80375381959946,76.80375381959946,76.72875015376,120.89739679757508,120.89739679757508,120.77933293351494,6.690509729299775,6.690509729299775,6.690509729299775,0.2859910034941322,0.2859910034941322,76.26426759843237,0.0,0.0,0.0,0.15543200147827463,0.07771600073913731,41.44853372753833,0.0,0.0,0.0,0.0,0.0,0.0,0.2859910034941322,False,0.023213480888558458,0.00012909437418120643,0.08868893854428737,False
sensor_clipping_boundary_camera_x_mm,bilinear_intensity,camera_x_mm,x,2.69125,2.69125,0.04125000000000023,0.003750000000000142,0.0055,0.005505376344086021,0.058651026392960576,558,510,606,97,1a5e4bab9171900d,2.694002688172043,557.4327458333456,True,1.1994533293319286e-06,39651.34972998111,6.569022161064702,564.1604609722858,74.84227915410389,75.26870270961751,509.52144935741416,516.7941766301414,516.789006535776,76.57701441607443,76.57701441607443,76.50223217543373,120.92547706671196,120.92547706671196,120.80738578051397,6.569022161064702,6.569022161064702,6.569022161064702,0.17531418968451362,0.17531418968451362,46.750450582535194,0.0,0.0,0.0,-0.006137997031771647,0.0030689985158858235,-1.6367992084723773,0.0,0.0,0.0,0.04430707552201962,0.13581305832095028,11.815220139204785,0.17531418968451362,False,0.02373423650093107,0.00014478618734098435,0.023753915170397117,False
sensor_clipping_boundary_camera_x_mm,production_searchsorted,camera_x_mm,x,2.695,2.695,0.04499999999999993,0.003750000000000142,0.0055,0.005505376344086021,0.058651026392960576,558,510,606,97,396d409f190b8f69,2.6977526881720433,557.4966833333457,True,1.1663512952795224e-06,38557.0676125462,6.690509729299775,560.4048375905184,70.40483759051835,70.83559458505886,504.3139154721346,511.5866427448619,511.5865581328064,76.38236459511916,76.38236459511916,76.30777244219422,120.89739679757507,120.89739679757507,120.77933293351494,6.690509729299775,6.690509729299775,6.690509729299775,-0.17551106507744407,0.17551106507744407,-46.802950687316645,0.0,0.0,0.0,-0.4213892244803077,0.21069461224015384,-112.37045986141112,-1.4210854715202004e-14,7.105427357601002e-15,-3.7895612573870575e-12,0.0,0.0,0.0,0.21069461224015384,False,0.024537674534722557,0.00013559191440329124,0.09392657950753533,False
sensor_clipping_boundary_camera_x_mm,bilinear_intensity,camera_x_mm,x,2.695,2.695,0.04499999999999993,0.003750000000000142,0.0055,0.005505376344086021,0.058651026392960576,558,510,606,97,1427e3840c08ccc7,2.6977526881720433,557.4966833333457,True,1.196481413760226e-06,39553.10458711491,6.53379042331362,564.3489590682454,74.3489590682455,74.77586438165548,509.52144935741416,516.7941766301414,516.789006535776,76.57775113822996,76.57775113822996,76.50296817813403,120.92547706671193,120.92547706671193,120.80738578051397,6.53379042331362,6.53379042331362,6.53379042331362,0.18849809595963052,0.18849809595963052,50.266158922566234,0.0,0.0,0.0,0.0007367221555227843,0.00036836107776139215,0.19645924147273502,-2.842170943040401e-14,1.4210854715202004e-14,-7.579122514774115e-12,-0.035231737751082015,0.10726630809652096,-9.395130066954849,0.18849809595963052,False,0.023649949328774664,0.00013338799675488775,0.023143251790725766,False
sensor_clipping_boundary_camera_x_mm,production_searchsorted,camera_x_mm,x,2.69875,2.69875,0.04875000000000007,0.003750000000000142,0.0055,0.005505376344086021,0.058651026392960576,558,510,606,97,c3c989b7fdfba067,2.7015026881720434,557.5606208333456,True,1.1638903091709224e-06,38475.71269986521,6.690509729299775,560.9869184164847,70.30510023466655,70.73595462896873,504.3139154721346,511.58664274486193,511.5865581328064,76.43485551916274,76.43485551916274,76.36021210556981,120.89739679757508,120.89739679757508,120.77933293351494,6.690509729299775,6.690509729299775,6.690509729299775,0.5820808259663863,0.5820808259663863,155.22155359103047,0.0,0.0,0.0,0.0524909240435818,0.0262454620217909,13.997579744954615,1.4210854715202004e-14,7.105427357601002e-15,3.7895612573870575e-12,0.0,0.0,0.0,0.5820808259663863,False,0.021173866920835886,0.00011637107770986013,0.07303531779374704,False
sensor_clipping_boundary_camera_x_mm,bilinear_intensity,camera_x_mm,x,2.69875,2.69875,0.04875000000000007,0.003750000000000142,0.0055,0.005505376344086021,0.058651026392960576,558,510,606,97,dca6a0700e109b05,2.7015026881720434,557.5606208333456,True,1.1932954393456269e-06,39447.7831188637,6.518676295770168,564.5556200938553,73.87380191203704,74.30117124610729,509.5214493574141,516.7941766301414,516.789006535776,76.59164465489015,76.59164465489015,76.51684812690685,120.92547706671196,120.92547706671196,120.80738578051397,6.518676295770168,6.518676295770168,6.518676295770168,0.2066610256098329,0.2066610256098329,55.10960682928668,-5.684341886080802e-14,5.684341886080802e-14,-1.515824502954823e-11,0.013893516660189675,0.006946758330094838,3.7049377760504396,2.842170943040401e-14,1.4210854715202004e-14,7.579122514774115e-12,-0.01511412754345276,0.046264500586131775,-4.03043401158725,0.2066610256098329,False,0.023496388037144822,0.00013319857841888766,0.022654305694131877,False
sensor_clipping_boundary_camera_x_mm,production_searchsorted,camera_x_mm,x,2.7025,2.7025,0.05250000000000021,0.003750000000000142,0.0055,0.005505376344086021,0.058651026392960576,558,510,606,97,2f68280707a9a33a,2.705252688172043,557.6245583333457,True,1.1569037080793841e-06,38244.75068031022,6.690509729299775,561.2038972863294,69.84026092269306,70.2715692616357,504.3139154721346,511.5866427448619,511.5865581328064,76.54074018690841,76.54074018690841,76.46599337031962,120.89739679757507,120.89739679757507,120.77933293351494,6.690509729299775,6.690509729299775,6.690509729299775,0.2169788698446382,0.2169788698446382,57.861031958568,0.0,0.0,0.0,0.10588466774566996,0.05294233387283498,28.23591139884425,-1.4210854715202004e-14,7.105427357601002e-15,-3.7895612573870575e-12,0.0,0.0,0.0,0.2169788698446382,False,0.023102211802552862,0.00012670131270991689,0.08951835104676414,False
sensor_clipping_boundary_camera_x_mm,bilinear_intensity,camera_x_mm,x,2.7025,2.7025,0.05250000000000021,0.003750000000000142,0.0055,0.005505376344086021,0.058651026392960576,558,510,606,97,9927c37cfa7f3764,2.705252688172043,557.6245583333457,True,1.1898845414637643e-06,39335.02616409138,6.562983371292188,564.7611879035064,73.39755153987,73.82538596219428,509.52144935741416,516.7941766301414,516.789006535776,76.58952453896465,76.58952453896465,76.51473008140707,120.92547706671196,120.92547706671196,120.80738578051397,6.562983371292188,6.562983371292188,6.562983371292188,0.20556780965114285,0.20556780965114285,54.81808257363602,5.684341886080802e-14,5.684341886080802e-14,1.515824502954823e-11,-0.0021201159254928825,0.0010600579627464413,-0.5653642467980806,0.0,0.0,0.0,0.04430707552202051,0.1359388732058085,11.815220139205023,0.20556780965114285,False,0.023444154764727335,0.00014260218330518486,0.023610073338480937,False
sensor_clipping_boundary_camera_x_mm,production_searchsorted,camera_x_mm,x,2.70625,2.70625,0.05624999999999991,0.003750000000000142,0.0055,0.005505376344086021,0.058651026392960576,558,510,606,97,60fbd25a8114880c,2.7090026881720433,557.6884958333457,True,1.1545578192648002e-06,38167.200636852904,6.690509729299775,561.6740404587673,69.62858591331275,70.06010096613176,504.3139154721346,511.58664274486193,511.5865581328064,76.79448200308781,76.79448200308781,76.71948739175666,120.89739679757508,120.89739679757508,120.77933293351495,6.690509729299775,6.690509729299775,6.690509729299775,0.470143172437929,0.470143172437929,125.37151265010965,0.0,0.0,0.0,0.2537418161793994,0.1268709080896997,67.66448431450394,1.4210854715202004e-14,7.105427357601002e-15,3.7895612573870575e-12,0.0,0.0,0.0,0.470143172437929,False,0.025450482452387867,0.00013874225014205604,0.09545323284689824,False
sensor_clipping_boundary_camera_x_mm,bilinear_intensity,camera_x_mm,x,2.70625,2.70625,0.05624999999999991,0.003750000000000142,0.0055,0.005505376344086021,0.058651026392960576,558,510,606,97,c305270543b71d9a,2.7090026881720433,557.6884958333457,True,1.1863799129153478e-06,39219.17067488753,6.540773121539403,564.9812196641593,72.93576511870475,73.36405050433092,509.52144935741416,516.7941766301414,516.789006535776,76.59430765948746,76.59430765948746,76.51950853091374,120.92547706671196,120.92547706671196,120.807385780514,6.540773121539403,6.540773121539403,6.540773121539403,0.220031760652887,0.220031760652887,58.67513617410097,0.0,0.0,0.0,0.0047831205228021645,0.0023915602614010822,1.2754988060805288,0.0,0.0,0.0,-0.02221024975278496,0.06768339487171968,-5.9227332674090984,0.220031760652887,False,0.023374152566089136,0.00013059346309006692,0.022545875073115493,False
sensor_clipping_boundary_camera_x_mm,production_searchsorted,camera_x_mm,x,2.71,2.71,0.06000000000000005,0.003750000000000142,0.0055,0.005505376344086021,0.058651026392960576,558,510,606,97,5b79cc55301e2aa8,2.7127526881720434,557.7524333333457,True,1.1495185055807597e-06,38000.61175473586,6.690509729299775,561.8602968211865,69.13302409391372,69.56502309382205,504.3139154721346,511.5866427448619,511.5865581328064,76.47494860047487,76.47494860047487,76.40026603348223,120.89739679757507,120.89739679757507,120.77933293351494,6.690509729299775,6.690509729299775,6.690509729299775,0.186256362419158,0.186256362419158,49.66836331177358,0.0,0.0,0.0,-0.31953340261293306,0.15976670130646653,-85.20890736344559,-1.4210854715202004e-14,7.105427357601002e-15,-3.7895612573870575e-12,0.0,0.0,0.0,0.186256362419158,False,0.019582054079235234,0.00010653429436483262,0.07029520038922571,False
sensor_clipping_boundary_camera_x_mm,bilinear_intensity,camera_x_mm,x,2.71,2.71,0.06000000000000005,0.003750000000000142,0.0055,0.005505376344086021,0.058651026392960576,558,510,606,97,22869da3d1866402,2.7127526881720434,557.7524333333457,True,1.1826654373595706e-06,39096.37809453126,6.512637505997484,565.218803116631,72.49153038935822,72.92024959796225,509.52144935741416,516.7941766301415,516.789006535776,76.61203153617757,76.61203153617757,76.53721509913052,120.92547706671196,120.92547706671196,120.807385780514,6.512637505997484,6.512637505997484,6.512637505997484,0.2375834524716538,0.2375834524716538,63.35558732577194,0.0,0.0,0.0,0.01772387669011266,0.00886193834505633,4.726367117363197,0.0,0.0,0.0,-0.028135615541919456,0.08603146759292454,-7.502830811178238,0.2375834524716538,False,0.0232291525136906,0.00012907092518068674,0.02262885684847666,False
sensor_clipping_boundary_camera_x_mm,production_searchsorted,camera_x_mm,x,2.71375,2.71375,0.0637500000000002,0.003750000000000142,0.0055,0.005505376344086021,0.058651026392960576,558,510,606,97,1dcebb28b9684649,2.716502688172043,557.8163708333457,True,1.1440878965525102e-06,37821.08748933918,6.690509729299775,562.3024004591032,68.89330955001225,69.32554264615487,504.3139154721346,511.58664274486193,511.5865581328064,76.77902427870073,76.77902427870073,76.70404476280355,120.89739679757508,120.89739679757508,120.77933293351494,6.690509729299775,6.690509729299775,6.690509729299775,0.44210363791671625,0.44210363791671625,117.8943034444532,0.0,0.0,0.0,0.3040756782258569,0.15203783911292845,81.0868475268921,1.4210854715202004e-14,7.105427357601002e-15,3.7895612573870575e-12,0.0,0.0,0.0,0.44210363791671625,False,0.02432335717910856,0.0001317513232070279,0.09061056335015631,False
sensor_clipping_boundary_camera_x_mm,bilinear_intensity,camera_x_mm,x,2.71375,2.71375,0.0637500000000002,0.003750000000000142,0.0055,0.005505376344086021,0.058651026392960576,558,510,606,97,f35d92772229d6d9,2.716502688172043,557.8163708333457,True,1.1787076329867955e-06,38965.54158634035,6.556944581519672,565.4567888029952,72.04769789390429,72.4768505326798,509.5214493574141,516.7941766301414,516.789006535776,76.61751206809328,76.61751206809328,76.54269027896429,120.92547706671193,120.92547706671193,120.80738578051397,6.556944581519672,6.556944581519672,6.556944581519672,0.23798568636425443,0.23798568636425443,63.462849697132114,-5.684341886080802e-14,5.684341886080802e-14,-1.515824502954823e-11,0.005480531915708298,0.002740265957854149,1.4614751775221573,-2.842170943040401e-14,1.4210854715202004e-14,-7.579122514774115e-12,0.04430707552218838,0.1360649214128255,11.815220139249787,0.23798568636425443,False,0.023160531255276152,0.00014034413890064802,0.023486133469758856,False
sensor_clipping_boundary_camera_x_mm,production_searchsorted,camera_x_mm,x,2.7175,2.7175,0.0674999999999999,0.003750000000000142,0.0055,0.005505376344086021,0.058651026392960576,558,510,606,97,56e1b9187b9a1ef3,2.7202526881720432,557.8803083333456,True,1.1407935946739365e-06,37712.18494789873,6.690509729299775,562.6259373338778,68.53502824296868,68.96761122320021,504.3139154721346,511.58664274486193,511.5865581328064,76.90452387506193,76.90452387506193,76.82942180096518,120.89739679757508,120.89739679757508,120.77933293351494,6.690509729299775,6.690509729299775,6.690509729299775,0.3235368747746179,0.3235368747746179,86.27649993989483,0.0,0.0,0.0,0.12549959636119468,0.06274979818059734,33.46655902965065,0.0,0.0,0.0,0.0,0.0,0.0,0.3235368747746179,False,0.024903726195196887,0.00013425770687584983,0.09515126229131622,False
sensor_clipping_boundary_camera_x_mm,bilinear_intensity,camera_x_mm,x,2.7175,2.7175,0.0674999999999999,0.003750000000000142,0.0055,0.005505376344086021,0.058651026392960576,558,510,606,97,84e02a9d7a7f540a,2.7202526881720432,557.8803083333456,True,1.1746686316612316e-06,38832.02088136303,6.547755819765187,565.7080559404644,71.61714684955535,72.04671994833512,509.52144935741416,516.7941766301414,516.789006535776,76.62727278143521,76.62727278143521,76.55244146035959,120.92547706671193,120.92547706671193,120.80738578051397,6.547755819765187,6.547755819765187,6.547755819765187,0.25126713746919904,0.25126713746919904,67.00456999178387,5.684341886080802e-14,5.684341886080802e-14,1.515824502954823e-11,0.00976071334193307,0.004880356670966535,2.602856891182053,0.0,0.0,0.0,-0.009188761754485242,0.02802757180648797,-2.4503364678626385,0.25126713746919904,False,0.02312276450744763,0.00012973436179957972,0.022165561054728913,False
sensor_clipping_boundary_camera_x_mm,production_searchsorted,camera_x_mm,x,2.72125,2.72125,0.07125000000000004,0.003750000000000142,0.0055,0.005505376344086021,0.058651026392960576,558,510,606,97,7adda79acb18b1c9,2.7240026881720434,557.9442458333457,True,1.1353710750714597e-06,37532.92810153586,6.690509729299775,562.760377155085,67.98764988235763,68.42076741176959,504.3139154721346,511.5866427448619,511.5865581328064,76.55178593648226,76.55178593648226,76.47702833302866,120.89739679757507,120.89739679757507,120.77933293351494,6.690509729299775,6.690509729299775,6.690509729299775,0.13443982120725195,0.13443982120725195,35.85061898859916,0.0,0.0,0.0,-0.35273793857966496,0.17636896928983248,-94.06345028790709,-1.4210854715202004e-14,7.105427357601002e-15,-3.7895612573870575e-12,0.0,0.0,0.0,0.17636896928983248,False,0.01951644690353627,0.00010491155629859321,0.07049975770904794,False
sensor_clipping_boundary_camera_x_mm,bilinear_intensity,camera_x_mm,x,2.72125,2.72125,0.07125000000000004,0.003750000000000142,0.0055,0.005505376344086021,0.058651026392960576,558,510,606,97,8bcd4bbbb013c2fc,2.7240026881720434,557.9442458333457,True,1.1704211250744118e-06,38691.60744047642,6.506598716224969,565.9758825515435,71.20315527881604,71.63313266623913,509.5214493574141,516.7941766301414,516.789006535776,76.64926636282006,76.64926636282006,76.57441356363762,120.92547706671196,120.92547706671196,120.80738578051397,6.506598716224969,6.506598716224969,6.506598716224969,0.2678266110790446,0.2678266110790446,71.42042962107585,-5.684341886080802e-14,5.684341886080802e-14,-1.515824502954823e-11,0.02199358138484797,0.010996790692423986,5.864955035959237,2.842170943040401e-14,1.4210854715202004e-14,7.579122514774115e-12,-0.0411571035402174,0.12571361752977941,-10.975227610724223,0.2678266110790446,False,0.0229956891105632,0.0001271670265446393,0.022752262428789097,False
sensor_clipping_boundary_camera_x_mm,production_searchsorted,camera_x_mm,x,2.725,2.725,0.07500000000000018,0.003750000000000142,0.0055,0.005505376344086021,0.058651026392960576,559,510,606,97,702fd72bf196e958,2.727752688172043,558.0081833333456,True,1.130457487107963e-06,37370.49544158556,6.690509729299775,563.2683343187596,67.81378886421408,68.2470761797764,504.3139154721346,511.58664274486193,511.5865581328064,76.90949753373916,76.90949753373916,76.83439060255387,120.89739679757508,120.89739679757508,120.77933293351494,6.690509729299775,6.690509729299775,6.690509729299775,0.5079571636745186,0.5079571636745186,135.45524364653315,0.0,0.0,0.0,0.3577115972568947,0.17885579862844736,95.38975926850165,1.4210854715202004e-14,7.105427357601002e-15,3.7895612573870575e-12,0.0,0.0,0.0,0.5079571636745186,False,0.025044232438761565,0.00013398650316887554,0.09107731906322218,False
sensor_clipping_boundary_camera_x_mm,bilinear_intensity,camera_x_mm,x,2.725,2.725,0.07500000000000018,0.003750000000000142,0.0055,0.005505376344086021,0.058651026392960576,559,510,606,97,d04276158c6ea75d,2.727752688172043,558.0081833333456,True,1.1659219404119116e-06,38542.87406320369,6.550905791747158,566.2470932608244,70.79254780627889,71.22292617756182,509.52144935741416,516.7941766301414,516.789006535776,76.66388842206828,76.66388842206828,76.5890213435311,120.92547706671196,120.92547706671196,120.807385780514,6.550905791747158,6.550905791747158,6.550905791747158,0.27121070928092195,0.27121070928092195,72.3228558082431,5.684341886080802e-14,5.684341886080802e-14,1.515824502954823e-11,0.014622059248225128,0.007311029624112564,3.899215799526553,0.0,0.0,0.0,0.04430707552218838,0.13619120359060555,11.815220139249787,0.27121070928092195,False,0.02292298943337843,0.00013811379686217744,0.023391696937677692,False
sensor_clipping_boundary_camera_x_mm,production_searchsorted,camera_x_mm,x,2.72875,2.72875,0.07874999999999988,0.003750000000000142,0.0055,0.005505376344086021,0.058651026392960576,559,511,607,97,688b23f0881e744d,2.7315026881720432,558.0721208333457,True,1.1266193598502906e-06,37243.6152016625,6.690509729299775,563.5235618062012,67.38719816983763,67.82090207787479,504.3139154721346,511.5866427448619,511.5865581328064,76.99599779922761,76.99599779922761,76.9208063951268,120.89739679757508,120.89739679757508,120.77933293351495,6.690509729299775,6.690509729299775,6.690509729299775,0.2552274874416298,0.2552274874416298,68.06066331776537,0.0,0.0,0.0,0.08650026548845346,0.04325013274422673,23.066737463586716,0.0,0.0,0.0,0.0,0.0,0.0,0.2552274874416298,False,0.02480810507255237,0.00013214883181524042,0.09543483387295414,False
sensor_clipping_boundary_camera_x_mm,bilinear_intensity,camera_x_mm,x,2.72875,2.72875,0.07874999999999988,0.003750000000000142,0.0055,0.005505376344086021,0.058651026392960576,559,511,607,97,608bbf5d706dea66,2.7315026881720432,558.0721208333457,True,1.161344871750203e-06,38391.56600827117,6.55473851799097,566.5292628392649,70.39289920290128,70.82366785602346,509.52144935741416,516.7941766301414,516.789006535776,76.67922598711341,76.67922598711341,76.60434393048538,120.92547706671192,120.92547706671192,120.80738578051397,6.55473851799097,6.55473851799097,6.55473851799097,0.2821695784405165,0.2821695784405165,75.24522091746822,0.0,0.0,0.0,0.015337565045129509,0.007668782522564754,4.0900173453677136,-4.263256414560601e-14,2.1316282072803006e-14,-1.1368683772161172e-11,0.0038327262438118126,0.01170136272953364,1.0220603316831114,0.2821695784405165,False,0.022895374848321062,0.00012904983472709615,0.022023820042280283,False
sensor_clipping_boundary_camera_x_mm,production_searchsorted,camera_x_mm,x,2.7325,2.7325,0.08250000000000002,0.003750000000000142,0.0055,0.005505376344086021,0.058651026392960576,559,511,607,97,59b41490b1bc65b5,2.7352526881720434,558.1360583333457,True,1.12123793790164e-06,37065.71695542611,6.690509729299775,563.6611593172489,66.8429774990671,67.27721287260323,504.3139154721346,511.5866427448619,511.5865581328064,76.65271384840803,76.65271384840803,76.57785768254043,120.89739679757508,120.89739679757508,120.77933293351494,6.690509729299775,6.690509729299775,6.690509729299775,0.13759751104771567,0.13759751104771567,36.69266961272279,0.0,0.0,0.0,-0.34328395081958263,0.17164197540979131,-91.54238688521856,0.0,0.0,0.0,0.0,0.0,0.0,0.17164197540979131,False,0.019734789440532523,0.0001047671688710399,0.07078287542502117,False
sensor_clipping_boundary_camera_x_mm,bilinear_intensity,camera_x_mm,x,2.7325,2.7325,0.08250000000000002,0.003750000000000142,0.0055,0.005505376344086021,0.058651026392960576,559,511,607,97,fc89b4807eeea7b4,2.7352526881720434,558.1360583333457,True,1.1565648159710507e-06,38233.547635406634,6.503505911907316,566.8276111012432,70.00942928306137,70.44057241852721,509.5214493574141,516.7941766301414,516.789006535776,76.70649346380192,76.70649346380192,76.63158477877866,120.92547706671196,120.92547706671196,120.80738578051397,6.503505911907316,6.503505911907316,6.503505911907316,0.29834826197827624,0.29834826197827624,79.55953652753732,-5.684341886080802e-14,5.684341886080802e-14,-1.515824502954823e-11,0.027267476688507486,0.013633738344253743,7.271327116935054,4.263256414560601e-14,2.1316282072803006e-14,1.1368683772161172e-11,-0.05123260608365321,0.15632234891760724,-13.662028288973671,0.29834826197827624,False,0.022817235942210138,0.00012621272982124576,0.0228776077353786,False
sensor_clipping_boundary_camera_x_mm,production_searchsorted,camera_x_mm,x,2.73625,2.73625,0.08625000000000016,0.003750000000000142,0.0055,0.005505376344086021,0.058651026392960576,559,511,607,97,873dcfebe4904c18,2.739002688172043,558.1999958333457,True,1.111296136229017e-06,36737.06235467825,6.690509729299775,564.4768025716633,66.9768025716632,67.4109072566518,504.3139154721346,511.58664274486193,511.5865581328064,77.05077187070403,77.05077187070403,76.97552697629904,120.89739679757508,120.89739679757508,120.77933293351495,6.690509729299775,6.690509729299775,6.690509729299775,0.8156432544143399,0.8156432544143399,217.50486784381573,0.0,0.0,0.0,0.3980580222959986,0.1990290111479993,106.14880594559561,0.0,0.0,0.0,0.0,0.0,0.0,0.8156432544143399,False,0.020884757732290135,0.00011034247648517978,0.07951029189710437,False
sensor_clipping_boundary_camera_x_mm,bilinear_intensity,camera_x_mm,x,2.73625,2.73625,0.08625000000000016,0.003750000000000142,0.0055,0.005505376344086021,0.058651026392960576,559,511,607,97,4cd2b29da556f199,2.739002688172043,558.1999958333457,True,1.1514827608489964e-06,38065.545813189965,6.544867001974474,567.1350332566487,69.63503325664874,70.06654201323408,509.52144935741416,516.7941766301414,516.789006535776,76.73143905731864,76.73143905731864,76.65650601136423,120.92547706671196,120.92547706671196,120.807385780514,6.544867001974474,6.544867001974474,6.544867001974474,0.30742215540556117,0.30742215540556117,81.97924144147987,5.684341886080802e-14,5.684341886080802e-14,1.515824502954823e-11,0.0249455935167191,0.01247279675835955,6.652158271124842,0.0,0.0,0.0,0.04136109006715749,0.12719628651810455,11.029624017908246,0.30742215540556117,False,0.022693689846866604,0.0001351162783589918,0.023144056434746835,False
sensor_clipping_boundary_camera_x_mm,production_searchsorted,camera_x_mm,x,2.74,2.74,0.0900000000000003,0.003750000000000142,0.0055,0.005505376344086021,0.058651026392960576,559,511,607,97,0957e7a5a86c8968,2.7427526881720437,558.2639333333457,True,1.1024332154070848e-06,36444.07323659785,6.690509729299775,565.0418930143322,66.86007483251399,67.29429350943542,504.3139154721346,511.5866427448619,511.5865581328064,77.17711235943811,77.17711235943811,77.1017440856496,120.89739679757507,120.89739679757507,120.77933293351495,6.690509729299775,6.690509729299775,6.690509729299775,0.5650904426689749,0.5650904426689749,150.69078471172094,0.0,0.0,0.0,0.12634048873408688,0.06317024436704344,33.69079699575522,-1.4210854715202004e-14,7.105427357601002e-15,-3.7895612573870575e-12,0.0,0.0,0.0,0.5650904426689749,False,0.02072088520565809,0.00010850596413681634,0.08472640175430304,False
sensor_clipping_boundary_camera_x_mm,bilinear_intensity,camera_x_mm,x,2.74,2.74,0.0900000000000003,0.003750000000000142,0.0055,0.005505376344086021,0.058651026392960576,559,511,607,97,d70e2498c14293d9,2.7427526881720437,558.2639333333457,True,1.1462949356302066e-06,37894.047458849804,6.561721216216754,567.4529318198624,69.27111363804426,69.70297778488214,509.5214493574141,516.7941766301414,516.789006535776,76.75357521452719,76.75357521452719,76.67862055123176,120.92547706671196,120.92547706671196,120.807385780514,6.561721216216754,6.561721216216754,6.561721216216754,0.3178985632137028,0.3178985632137028,84.77295019031753,-5.684341886080802e-14,5.684341886080802e-14,-1.515824502954823e-11,0.02213615720854989,0.011068078604274945,5.90297525561308,0.0,0.0,0.0,0.016854214242280285,0.05150361111141191,4.494457131274572,0.3178985632137028,False,0.022656034435340852,0.0001284949191726062,0.02206588170167926,False
sensor_clipping_boundary_camera_x_mm,production_searchsorted,camera_x_mm,x,2.74375,2.74375,0.09375,0.003750000000000142,0.0055,0.005505376344086021,0.058651026392960576,559,511,607,97,c7dd3c5a5f73db75,2.7465026881720433,558.3278708333457,True,1.0970167087767704e-06,36265.01516617423,6.690509729299775,565.1738660654131,66.31022970177668,66.74498533683357,504.3139154721346,511.5866427448619,511.5865581328064,76.84117301304934,76.84117301304934,76.76613280502879,120.89739679757507,120.89739679757507,120.77933293351494,6.690509729299775,6.690509729299775,6.690509729299775,0.13197305108087676,0.13197305108087676,35.192813621565804,0.0,0.0,0.0,-0.3359393463887699,0.16796967319438494,-89.58382570366857,0.0,0.0,0.0,0.0,0.0,0.0,0.16796967319438494,False,0.020199573286363463,0.00010493249178120082,0.07163647107562336,False
sensor_clipping_boundary_camera_x_mm,bilinear_intensity,camera_x_mm,x,2.74375,2.74375,0.09375,0.003750000000000142,0.0055,0.005505376344086021,0.058651026392960576,559,511,607,97,75d32b3b74dfa7d7,2.7465026881720433,558.3278708333457,True,1.1408675020561287e-06,37714.62816714475,6.510488610133101,567.7894581544106,68.9258217907742,69.35802313668154,509.5214493574141,516.7941766301414,516.789006535776,76.78765236599963,76.78765236599963,76.71266442423595,120.92547706671196,120.92547706671196,120.807385780514,6.510488610133101,6.510488610133101,6.510488610133101,0.3365263345481253,0.3365263345481253,89.74035587949668,0.0,0.0,0.0,0.034077151472445166,0.017038575736222583,9.0872403926517,0.0,0.0,0.0,-0.05123260608365321,0.15615599747528447,-13.662028288973671,0.3365263345481253,False,0.022568279311475606,0.00012252221602337924,0.02243984911325582,False
sensor_clipping_boundary_camera_x_mm,production_searchsorted,camera_x_mm,x,2.7475,2.7475,0.09750000000000014,0.003750000000000142,0.0055,0.005505376344086021,0.058651026392960576,559,511,607,97,9b8fce93de4285d4,2.750252688172043,558.3918083333457,True,1.086864940675193e-06,35929.419526452664,6.690509729299775,565.9990105424575,66.45355599700298,66.8881716649745,504.3139154721346,511.5866427448619,511.5865581328064,77.25163592655497,77.25163592655497,77.17619487584545,120.89739679757508,120.89739679757508,120.77933293351495,6.690509729299775,6.690509729299775,6.690509729299775,0.8251444770444323,0.8251444770444323,220.03852721184026,0.0,0.0,0.0,0.4104629135056257,0.20523145675281285,109.45677693482936,1.4210854715202004e-14,7.105427357601002e-15,3.7895612573870575e-12,0.0,0.0,0.0,0.8251444770444323,False,0.021537273710833284,0.0001113318615793237,0.08049439173643988,False
sensor_clipping_boundary_camera_x_mm,bilinear_intensity,camera_x_mm,x,2.7475,2.7475,0.09750000000000014,0.003750000000000142,0.0055,0.005505376344086021,0.058651026392960576,559,511,607,97,f716b6fd0d10a200,2.750252688172043,558.3918083333457,True,1.135125753106004e-06,37524.818284495996,6.5388282122021275,568.13865068876,68.59319614330536,69.02572231894675,509.5214493574141,516.7941766301414,516.789006535776,76.82431375113397,76.82431375113397,76.74929000723638,120.92547706671196,120.92547706671196,120.80738578051397,6.5388282122021275,6.5388282122021275,6.5388282122021275,0.3491925343494131,0.3491925343494131,93.11800915983997,0.0,0.0,0.0,0.036661385134337365,0.018330692567168683,9.77636936915626,0.0,0.0,0.0,0.028339602069026526,0.08705829551692326,7.557227218406787,0.3491925343494131,False,0.02244377641344154,0.00012954163108113245,0.0223916962486492,False
sensor_clipping_boundary_camera_x_mm,production_searchsorted,camera_x_mm,x,2.75125,2.75125,0.10125000000000028,0.003750000000000142,0.0055,0.005505376344086021,0.058651026392960576,559,511,607,97,5ecb8ecad87540b6,2.754002688172043,558.4557458333458,True,1.0781564282579815e-06,35641.53481844567,6.690509729299775,566.5780078891794,66.35073516190664,66.7854512408502,504.3139154721346,511.5866427448619,511.5865581328064,77.37850778355259,77.37850778355259,77.30294283454523,120.89739679757508,120.89739679757508,120.77933293351494,6.690509729299775,6.690509729299775,6.690509729299775,0.5789973467218488,0.5789973467218488,154.39929245915383,0.0,0.0,0.0,0.12687185699762438,0.06343592849881219,33.83249519936522,0.0,0.0,0.0,0.0,0.0,0.0,0.5789973467218488,False,0.02104459386587926,0.00010777837461309269,0.08574357012552852,False
sensor_clipping_boundary_camera_x_mm,bilinear_intensity,camera_x_mm,x,2.75125,2.75125,0.10125000000000028,0.003750000000000142,0.0055,0.005505376344086021,0.058651026392960576,559,511,607,97,451d7e9cb6f98d8f,2.754002688172043,558.4557458333458,True,1.1292809835874051e-06,37331.602763220006,6.568703914442732,568.4960344543326,68.26876172705988,68.70160473318583,509.52144935741416,516.7941766301414,516.789006535776,76.85446434428688,76.85446434428688,76.77941115645065,120.92547706671196,120.92547706671196,120.80738578051397,6.568703914442732,6.568703914442732,6.568703914442732,0.3573837655726493,0.3573837655726493,95.3023374860362,5.684341886080802e-14,5.684341886080802e-14,1.515824502954823e-11,0.030150593152910687,0.015075296576455344,8.040158174109212,0.0,0.0,0.0,0.029875702240604873,0.09137937646030746,7.966853930827664,0.3573837655726493,False,0.02241238711675428,0.00012837977250707363,0.022341732502789063,False
sensor_clipping_boundary_camera_x_mm,production_searchsorted,camera_x_mm,x,2.755,2.755,0.10499999999999998,0.003750000000000142,0.0055,0.005505376344086021,0.058651026392960576,559,511,607,97,48e0a1039f8bd66b,2.7577526881720433,558.5196833333457,True,1.072274364027027e-06,35447.086414116595,6.690509729299775,566.697150253394,65.78805934430312,66.22332491134972,504.3139154721346,511.5866427448619,511.5865581328064,77.06505819924077,77.06505819924077,76.98979935334307,120.89739679757508,120.89739679757508,120.77933293351495,6.690509729299775,6.690509729299775,6.690509729299775,0.1191423642146674,0.1191423642146674,31.771297123910102,0.0,0.0,0.0,-0.3134495843118259,0.15672479215591295,-83.58655581648374,0.0,0.0,0.0,0.0,0.0,0.0,0.15672479215591295,False,0.021086214887489997,0.00010712625081607138,0.0727073479485848,False
sensor_clipping_boundary_camera_x_mm,bilinear_intensity,camera_x_mm,x,2.755,2.755,0.10499999999999998,0.003750000000000142,0.0055,0.005505376344086021,0.058651026392960576,559,511,607,97,a59dc212f8adf49e,2.7577526881720433,558.5196833333457,True,1.123207649774935e-06,37130.831397518516,6.517471308358884,568.8718139674044,67.96272305831337,68.39586493032664,509.52144935741416,516.7941766301414,516.789006535776,76.8963121409705,76.8963121409705,76.82121808614532,120.92547706671196,120.92547706671196,120.80738578051397,6.517471308358884,6.517471308358884,6.517471308358884,0.3757795130717341,0.3757795130717341,100.20787015245863,0.0,0.0,0.0,0.04184779668361216,0.02092389834180608,11.15941244896282,0.0,0.0,0.0,-0.05123260608384861,0.15598999970512453,-13.662028289025779,0.3757795130717341,False,0.02235019576399595,0.0001187594193693598,0.022001101890955818,False
sensor_clipping_boundary_camera_x_mm,production_searchsorted,camera_x_mm,x,2.75875,2.75875,0.10875000000000012,0.003750000000000142,0.0055,0.005505376344086021,0.058651026392960576,559,511,607,97,6ff2ce94b53e5db8,2.761502688172043,558.5836208333458,True,1.0589179498925029e-06,35005.55206256208,6.690509729299775,567.5431802278557,65.95227113694659,66.38737634091433,504.3139154721346,511.5866427448619,511.5865581328064,77.60103125729111,77.60103125729111,77.52524900020391,120.89739679757511,120.89739679757511,120.77933293351495,6.690509729299775,6.690509729299775,6.690509729299775,0.8460299744616577,0.8460299744616577,225.60799318976686,0.0,0.0,0.0,0.5359730580503452,0.2679865290251726,142.92614881341999,2.842170943040401e-14,1.4210854715202004e-14,7.579122514774115e-12,0.0,0.0,0.0,0.8460299744616577,False,0.025022882254185322,0.0001264325090151698,0.08846253706893605,False
sensor_clipping_boundary_camera_x_mm,bilinear_intensity,camera_x_mm,x,2.75875,2.75875,0.10875000000000012,0.003750000000000142,0.0055,0.005505376344086021,0.058651026392960576,559,511,607,97,f6299ce9d81289da,2.761502688172043,558.5836208333458,True,1.1168075646838238e-06,36919.25833665534,6.532789422429444,569.264113248301,67.67320415739198,68.10662876270703,509.52144935741416,516.7941766301414,516.789006535776,76.94567067348203,76.94567067348203,76.87052841696494,120.92547706671196,120.92547706671196,120.807385780514,6.532789422429444,6.532789422429444,6.532789422429444,0.3922992808966228,0.3922992808966228,104.61314157242879,0.0,0.0,0.0,0.049358532511533326,0.024679266255766663,13.162275336408388,0.0,0.0,0.0,0.01531811407055983,0.047006310717206574,4.0848304188158,0.3922992808966228,False,0.022224447423842927,0.00012377515711680818,0.021742684276576097,False
sensor_clipping_boundary_camera_x_mm,production_searchsorted,camera_x_mm,x,2.7625,2.7625,0.11250000000000027,0.003750000000000142,0.0055,0.005505376344086021,0.058651026392960576,559,511,607,97,e43c86d5e60eeb4d,2.765252688172043,558.6475583333457,True,1.0524516922423192e-06,34791.79147908493,6.690509729299775,568.121095165521,65.84836789279365,66.28357456477329,504.3139154721346,511.5866427448619,511.5865581328064,77.64805230071036,77.64805230071036,77.57222412463544,120.89739679757508,120.89739679757508,120.77933293351495,6.690509729299775,6.690509729299775,6.690509729299775,0.5779149376652413,0.5779149376652413,154.1106500440585,0.0,0.0,0.0,0.04702104341924951,0.023510521709624754,12.538944911799394,-2.842170943040401e-14,1.4210854715202004e-14,-7.579122514774115e-12,0.0,0.0,0.0,0.5779149376652413,False,0.019482507118364006,9.721262153143246e-05,0.08076804444217872,False
sensor_clipping_boundary_camera_x_mm,bilinear_intensity,camera_x_mm,x,2.7625,2.7625,0.11250000000000027,0.003750000000000142,0.0055,0.005505376344086021,0.058651026392960576,559,511,607,97,77efe96b02d6c5e2,2.765252688172043,558.6475583333457,True,1.1103101862657355e-06,36704.46896746233,6.575686612668515,569.6624242672435,67.38969699451627,67.82339846229507,509.52144935741416,516.7941766301415,516.789006535776,76.98464034383552,76.98464034383552,76.90946003099975,120.92547706671193,120.92547706671193,120.80738578051397,6.575686612668515,6.575686612668515,6.575686612668515,0.39831101894253607,0.39831101894253607,106.21627171800559,0.0,0.0,0.0,0.03896967035349519,0.019484835176747595,10.39191209426499,-2.842170943040401e-14,1.4210854715202004e-14,-7.579122514774115e-12,0.04289719023907157,0.13132886265027893,11.439250730418651,0.39831101894253607,False,0.02220648889058239,0.00012905859059354963,0.02290501202279916,False
sensor_clipping_boundary_camera_x_mm,production_searchsorted,camera_x_mm,x,2.76625,2.76625,0.11624999999999996,0.003750000000000142,0.0055,0.005505376344086021,0.058651026392960576,559,511,607,97,3c8ae355c7d41abb,2.7690026881720433,558.7114958333457,True,1.0414989905343717e-06,34429.718695351134,6.690509729299775,568.3110188096886,65.35647335514307,65.7921603928823,504.3139154721346,511.5866427448619,511.5865581328064,77.52934858930048,77.52934858930048,77.45363633481873,120.89739679757508,120.89739679757508,120.77933293351494,6.690509729299775,6.690509729299775,6.690509729299775,0.18992364416760665,0.18992364416760665,50.64630511135986,0.0,0.0,0.0,-0.11870371140987857,0.05935185570493928,-31.654323042633084,0.0,0.0,0.0,0.0,0.0,0.0,0.18992364416760665,False,0.026419146655871282,0.00013101965683590892,0.09498904178315686,False
sensor_clipping_boundary_camera_x_mm,bilinear_intensity,camera_x_mm,x,2.76625,2.76625,0.11624999999999996,0.003750000000000142,0.0055,0.005505376344086021,0.058651026392960576,559,511,607,97,924b4ef10cbb8ba5,2.7690026881720433,558.7114958333457,True,1.103579481957642e-06,36481.96634570717,6.5244540065846675,570.0790168161742,67.12447136162876,67.55843183881473,509.52144935741416,516.7941766301415,516.789006535776,77.03559319787692,77.03559319787692,76.96036312639461,120.92547706671196,120.92547706671196,120.80738578051397,6.5244540065846675,6.5244540065846675,6.5244540065846675,0.4165925489306801,0.4165925489306801,111.09134638151048,0.0,0.0,0.0,0.050952854041398155,0.025476427020699077,13.587427744372325,2.842170943040401e-14,1.4210854715202004e-14,7.579122514774115e-12,-0.05123260608384772,0.15582435447925563,-13.66202828902554,0.4165925489306801,False,0.02217476556787122,0.00011498709874583244,0.021566533820676026,False
sensor_clipping_boundary_camera_x_mm,production_searchsorted,camera_x_mm,x,2.77,2.77,0.1200000000000001,0.003750000000000142,0.0055,0.005505376344086021,0.058651026392960576,559,511,607,97,9308d287e9cc2a47,2.772752688172043,558.7754333333457,True,1.0391073599446478e-06,34350.656527095794,6.690509729299775,568.9903068462337,65.35394320987007,65.78963271845424,504.3139154721346,511.5866427448619,511.5865581328064,77.69005659208523,77.69005659208523,77.61418739619451,120.89739679757508,120.89739679757508,120.77933293351494,6.690509729299775,6.690509729299775,6.690509729299775,0.679288036545131,0.679288036545131,181.14347641202806,0.0,0.0,0.0,0.1607080027847445,0.08035400139237225,42.855467409263575,0.0,0.0,0.0,0.0,0.0,0.0,0.679288036545131,False,0.023645545328547738,0.00011604426681483184,0.07722330472827654,False
sensor_clipping_boundary_camera_x_mm,bilinear_intensity,camera_x_mm,x,2.77,2.77,0.1200000000000001,0.003750000000000142,0.0055,0.005505376344086021,0.058651026392960576,559,511,607,97,b1e94374468e1297,2.772752688172043,558.7754333333457,True,1.0965403469284758e-06,36249.26766705705,6.526750632656929,570.5160405863269,66.87967694996325,67.3138764841919,509.5214493574141,516.7941766301414,516.789006535776,77.09799106813955,77.09799106813955,77.02270006123706,120.92547706671196,120.92547706671196,120.807385780514,6.526750632656929,6.526750632656929,6.526750632656929,0.43702377015267757,0.43702377015267757,116.5396720407096,-5.684341886080802e-14,5.684341886080802e-14,-1.515824502954823e-11,0.062397870262628885,0.031198935131314443,16.639432070033738,0.0,0.0,0.0,0.002296626072261887,0.007040055979991783,0.6124336192698133,0.43702377015267757,False,0.022019870591861404,0.00011790649312330844,0.02116610164370508,False
sensor_clipping_boundary_camera_x_mm,production_searchsorted,camera_x_mm,x,2.77375,2.77375,0.12375000000000025,0.003750000000000142,0.0055,0.005505376344086021,0.058651026392960576,559,511,607,97,600681adbe66042b,2.776502688172043,558.8393708333457,True,1.0243638655308563e-06,33863.26828201178,6.690509729299775,569.7596069798703,65.44142516168847,65.87702923867897,504.3139154721346,511.5866427448619,511.5865581328064,77.98475402978444,77.98475402978444,77.90859704342722,120.89739679757508,120.89739679757508,120.77933293351495,6.690509729299775,6.690509729299775,6.690509729299775,0.7693001336366478,0.7693001336366478,205.14670230309832,0.0,0.0,0.0,0.2946974376992131,0.14734871884960654,78.58598338645385,0.0,0.0,0.0,0.0,0.0,0.0,0.7693001336366478,False,0.019389154631084243,9.493684530574608e-05,0.07869624495669343,False
sensor_clipping_boundary_camera_x_mm,bilinear_intensity,camera_x_mm,x,2.77375,2.77375,0.12375000000000025,0.003750000000000142,0.0055,0.005505376344086021,0.058651026392960576,559,511,607,97,cdaed13cd7a7aa2d,2.776502688172043,558.8393708333457,True,1.08934732833921e-06,36011.48192856893,6.571057708179117,570.9580429641243,66.63986114594235,67.07429487529191,509.52144935741416,516.7941766301415,516.789006535776,77.14811458663479,77.14811458663479,77.07277463098377,120.92547706671196,120.92547706671196,120.807385780514,6.571057708179117,6.571057708179117,6.571057708179117,0.4420023777973938,0.4420023777973938,117.86730074596721,5.684341886080802e-14,5.684341886080802e-14,1.515824502954823e-11,0.05012351849524066,0.02506175924762033,13.366271598730336,0.0,0.0,0.0,0.04430707552218749,0.13577070127513305,11.815220139249549,0.4420023777973938,False,0.022039895309009714,0.00012720335117656588,0.022962878956683863,False
sensor_clipping_boundary_camera_x_mm,production_searchsorted,camera_x_mm,x,2.7775,2.7775,0.12749999999999995,0.003750000000000142,0.0055,0.005505376344086021,0.058651026392960576,559,511,607,97,5792ae3cb8144843,2.7802526881720433,558.9033083333458,True,1.0161051718009886e-06,33590.25361325582,6.690509729299775,569.9429380365023,64.94293803650226,65.37902891732597,504.3139154721346,511.5866427448619,511.5865581328063,77.79405769350006,77.79405769350006,77.71808693403375,120.89739679757508,120.89739679757508,120.77933293351494,6.690509729299775,6.690509729299775,6.690509729299775,0.18333105663191418,0.18333105663191418,48.8882817685086,0.0,0.0,0.0,-0.19069633628437543,0.09534816814218772,-50.85235634249819,0.0,0.0,0.0,0.0,0.0,0.0,0.18333105663191418,False,0.024513621060302276,0.00011832519253373732,0.09043885569573408,False
sensor_clipping_boundary_camera_x_mm,bilinear_intensity,camera_x_mm,x,2.7775,2.7775,0.12749999999999995,0.003750000000000142,0.0055,0.005505376344086021,0.058651026392960576,559,511,607,97,3e9c79af3fcf875a,2.7802526881720433,558.9033083333458,True,1.081973282384304e-06,35767.71181435716,6.5314367048106465,571.4173738694163,66.41737386941634,66.85202487149706,509.52144935741416,516.7941766301414,516.789006535776,77.20856900165171,77.20856900165171,77.13317000848603,120.92547706671196,120.92547706671196,120.80738578051397,6.5314367048106465,6.5314367048106465,6.5314367048106465,0.4593309052920631,0.4593309052920631,122.48824141121219,0.0,0.0,0.0,0.06045441501692039,0.030227207508460197,16.121177337844827,0.0,0.0,0.0,-0.0396210033684703,0.12059246814756565,-10.565600898258346,0.4593309052920631,False,0.02200492448681565,0.00010946737712238006,0.020799894054391234,False
sensor_clipping_boundary_camera_x_mm,production_searchsorted,camera_x_mm,x,2.78125,2.78125,0.1312500000000001,0.003750000000000142,0.0055,0.005505376344086021,0.058651026392960576,559,511,607,97,ff878a7e1a68ccfe,2.784002688172043,558.9672458333457,True,1.0139011904560318e-06,33517.394725819235,6.690509729299775,570.5603461657707,64.8785279839525,65.3146817652181,504.3139154721346,511.5866427448619,511.5865581328064,77.8660916814748,77.8660916814748,77.7900505763171,120.89739679757508,120.89739679757508,120.77933293351495,6.690509729299775,6.690509729299775,6.690509729299775,0.6174081292684832,0.6174081292684832,164.64216780492262,0.0,0.0,0.0,0.07203398797473426,0.03601699398736713,19.20906345992841,0.0,0.0,0.0,0.0,0.0,0.0,0.6174081292684832,False,0.024051803911432586,0.00011516004276708951,0.07789314226246892,False
sensor_clipping_boundary_camera_x_mm,bilinear_intensity,camera_x_mm,x,2.78125,2.78125,0.1312500000000001,0.003750000000000142,0.0055,0.005505376344086021,0.058651026392960576,559,511,607,97,e7bd71c4c514ee5b,2.784002688172043,558.9672458333457,True,1.074319094752146e-06,35514.68081825276,6.520711842884412,571.9013179851316,66.21949980331351,66.65434404178677,509.52144935741416,516.7941766301414,516.789006535776,77.28432359288755,77.28432359288755,77.20885062062887,120.92547706671196,120.92547706671196,120.807385780514,6.520711842884412,6.520711842884412,6.520711842884412,0.48394411571530327,0.48394411571530327,129.05176419074266,0.0,0.0,0.0,0.07575459123583528,0.03787729561791764,20.20122432955531,0.0,0.0,0.0,-0.01072486192623412,0.032840743655480446,-2.85996318032899,0.48394411571530327,False,0.021861706031702673,0.0001114851814282325,0.02065461727135665,False
sensor_clipping_boundary_camera_x_mm,production_searchsorted,camera_x_mm,x,2.785,2.785,0.13500000000000023,0.003750000000000142,0.0055,0.005505376344086021,0.058651026392960576,560,511,607,97,e4c1cbc58d3ebee4,2.787752688172043,559.0311833333458,True,1.0007642751034048e-06,33083.11653234396,6.690509729299775,570.9455601868433,64.58192382320681,65.01836725697325,504.3139154721346,511.5866427448619,511.5865581328064,77.87850206648754,77.87850206648754,77.80244884181322,120.89739679757508,120.89739679757508,120.77933293351495,6.690509729299775,6.690509729299775,6.690509729299775,0.38521402107255653,0.38521402107255653,102.72373895267785,0.0,0.0,0.0,0.012410385012742609,0.006205192506371304,3.3094360033979036,0.0,0.0,0.0,0.0,0.0,0.0,0.38521402107255653,False,0.022684545383421507,0.00010837802043531109,0.08374095435039215,False
sensor_clipping_boundary_camera_x_mm,bilinear_intensity,camera_x_mm,x,2.785,2.785,0.13500000000000023,0.003750000000000142,0.0055,0.005505376344086021,0.058651026392960576,560,511,607,97,30fe4a34292ce911,2.787752688172043,559.0311833333458,True,1.0664280522659723e-06,35253.81990961892,6.565018918406434,572.3889967124261,66.02536034878966,66.46039417657403,509.5214493574141,516.7941766301414,516.789006535776,77.34651004117111,77.34651004117111,77.27097633995903,120.92547706671196,120.92547706671196,120.807385780514,6.565018918406434,6.565018918406434,6.565018918406434,0.48767872729445116,0.48767872729445116,130.04766061184873,-5.684341886080802e-14,5.684341886080802e-14,-1.515824502954823e-11,0.06218644828356901,0.031093224141784503,16.583052875617774,0.0,0.0,0.0,0.0443070755220214,0.13589643765770926,11.815220139205259,0.48767872729445116,False,0.021870857486045007,0.00012490263431192317,0.022976456802450095,False
sensor_clipping_boundary_camera_x_mm,production_searchsorted,camera_x_mm,x,2.78875,2.78875,0.13874999999999993,0.003750000000000142,0.0055,0.005505376344086021,0.058651026392960576,560,512,608,97,b48910550deb6069,2.7915026881720433,559.0951208333457,True,9.933984007282103e-07,32839.61655299869,6.690509729299775,571.7886384223228,64.74318387686833,65.17946983011359,504.3139154721346,511.5866427448619,511.5865581328064,78.20904395265201,78.20904395265201,78.13266793316699,120.89739679757508,120.89739679757508,120.77933293351494,6.690509729299775,6.690509729299775,6.690509729299775,0.8430782354795383,0.8430782354795383,224.82086279453503,0.0,0.0,0.0,0.3305418861644682,0.1652709430822341,88.14450297718818,0.0,0.0,0.0,0.0,0.0,0.0,0.8430782354795383,False,0.024406222884380078,0.00011509272370085352,0.09067482076107335,False
sensor_clipping_boundary_camera_x_mm,bilinear_intensity,camera_x_mm,x,2.78875,2.78875,0.13874999999999993,0.003750000000000142,0.0055,0.005505376344086021,0.058651026392960576,560,512,608,97,2d6d9ef169cffa49,2.7915026881720433,559.0951208333457,True,1.058400663608339e-06,34988.45168953187,6.538419403036235,572.8951792752299,65.84972472977535,66.28493007671904,509.5214493574141,516.7941766301414,516.789006535776,77.41812104185577,77.41812104185577,77.34251740802584,120.92547706671193,120.92547706671193,120.80738578051397,6.538419403036235,6.538419403036235,6.538419403036235,0.506182562803815,0.506182562803815,134.9820167476789,0.0,0.0,0.0,0.07161100068465487,0.035805500342327434,19.096266849240575,-2.842170943040401e-14,1.4210854715202004e-14,-7.579122514774115e-12,-0.026599515370199,0.0810340859662158,-7.093204098719465,0.506182562803815,False,0.021846389175675537,0.00010608720754225399,0.0202692246477462,False
sensor_clipping_boundary_camera_x_mm,production_searchsorted,camera_x_mm,x,2.7925,2.7925,0.14250000000000007,0.003750000000000142,0.0055,0.005505376344086021,0.058651026392960576,560,512,608,97,f5883644373cb90c,2.795252688172043,559.1590583333458,True,9.892953482642087e-07,32703.978455015163,6.690509729299775,571.936279296779,64.20900656950636,64.64581418027842,504.3139154721346,511.5866427448619,511.5865581328064,77.93990282335777,77.93990282335777,77.86378963700683,120.89739679757508,120.89739679757508,120.77933293351494,6.690509729299775,6.690509729299775,6.690509729299775,0.147640874456215,0.147640874456215,39.37089985498917,0.0,0.0,0.0,-0.2691411292942405,0.13457056464712025,-71.77096781179475,0.0,0.0,0.0,0.0,0.0,0.0,0.147640874456215,False,0.021816375402377325,0.00010212252768410886,0.07564290491222045,False
sensor_clipping_boundary_camera_x_mm,bilinear_intensity,camera_x_mm,x,2.7925,2.7925,0.14250000000000007,0.003750000000000142,0.0055,0.005505376344086021,0.058651026392960576,560,512,608,97,86ccc04791884e40,2.795252688172043,559.1590583333458,True,1.0501403710611381e-06,34715.38416731035,6.514673053111898,573.4258077575438,65.69853503027105,66.13388802340563,509.5214493574141,516.7941766301414,516.789006535776,77.50575284679175,77.50575284679175,77.43006363502731,120.92547706671196,120.92547706671196,120.807385780514,6.514673053111898,6.514673053111898,6.514673053111898,0.5306284823138867,0.5306284823138867,141.5009286170311,0.0,0.0,0.0,0.087631804935981,0.0438159024679905,23.368481316260713,2.842170943040401e-14,1.4210854715202004e-14,7.579122514774115e-12,-0.023746349924336663,0.07263636197246573,-6.33235997982287,0.5306284823138867,False,0.021751223821597738,0.0001048679287493731,0.02023691159451594,False
sensor_clipping_boundary_camera_x_mm,production_searchsorted,camera_x_mm,x,2.79625,2.79625,0.1462500000000002,0.003750000000000142,0.0055,0.005505376344086021,0.058651026392960576,560,512,608,97,7a8284beaf87e525,2.799002688172043,559.2229958333457,True,9.786041545437611e-07,32350.550563430123,6.690509729299775,572.7519405391859,64.34284963009492,64.77952653475307,504.3139154721346,511.5866427448619,511.5865581328064,78.31423219804039,78.31423219804039,78.23775345565947,120.89739679757508,120.89739679757508,120.77933293351495,6.690509729299775,6.690509729299775,6.690509729299775,0.8156612424068044,0.8156612424068044,217.50966464180627,0.0,0.0,0.0,0.37432937468261684,0.18716468734130842,99.82116658202737,0.0,0.0,0.0,0.0,0.0,0.0,0.8156612424068044,False,0.02343270571201955,0.0001092355265513046,0.08508361569487578,False
sensor_clipping_boundary_camera_x_mm,bilinear_intensity,camera_x_mm,x,2.79625,2.79625,0.1462500000000002,0.003750000000000142,0.0055,0.005505376344086021,0.058651026392960576,560,512,608,97,b4b781f6b445eed9,2.799002688172043,559.2229958333457,True,1.0419416606392723e-06,34444.352417827184,6.558980128633918,573.9397298583766,65.53063894928573,65.9661559034368,509.5214493574141,516.7941766301414,516.789006535776,77.57856771534709,77.57856771534709,77.50280739531256,120.92547706671196,120.92547706671196,120.80738578051397,6.558980128633918,6.558980128633918,6.558980128633918,0.513922100832815,0.513922100832815,137.04589355541214,0.0,0.0,0.0,0.0728148685553407,0.03640743427767035,19.41729828142345,0.0,0.0,0.0,0.04430707552201962,0.13602240714399388,11.815220139204785,0.513922100832815,False,0.02197395626576232,0.00012307815574106172,0.023123136925660915,False
sensor_clipping_boundary_camera_x_mm,production_searchsorted,camera_x_mm,x,2.8,2.8,0.1499999999999999,0.003750000000000142,0.0055,0.005505376344086021,0.058651026392960576,560,512,608,97,a7477603c60743e6,2.8027526881720433,559.2869333333458,True,9.709783964163066e-07,32098.45938566303,6.690509729299775,573.4017075049551,64.31079841404596,64.7475066187198,504.3139154721346,511.5866427448619,511.5865581328064,78.50980270749073,78.50980270749073,78.4331329782842,120.89739679757508,120.89739679757508,120.77933293351495,6.690509729299775,6.690509729299775,6.690509729299775,0.6497669657692313,0.6497669657692313,173.27119087178846,0.0,0.0,0.0,0.1955705094503486,0.0977852547251743,52.15213585342432,0.0,0.0,0.0,0.0,0.0,0.0,0.6497669657692313,False,0.02328279594234565,0.00010736375397419237,0.09076231026190935,False
sensor_clipping_boundary_camera_x_mm,bilinear_intensity,camera_x_mm,x,2.8,2.8,0.1499999999999999,0.003750000000000142,0.0055,0.005505376344086021,0.058651026392960576,560,512,608,97,4e15decaddcb2855,2.8027526881720433,559.2869333333458,True,1.033853454563375e-06,34176.97370457438,6.545402101262212,574.4583769545781,65.36746786366888,65.80314416458333,509.52144935741416,516.7941766301414,516.789006535776,77.65694458591943,77.65694458591943,77.58110772597225,120.92547706671196,120.92547706671196,120.80738578051397,6.545402101262212,6.545402101262212,6.545402101262212,0.5186470962014482,0.5186470962014482,138.30589232038096,5.684341886080802e-14,5.684341886080802e-14,1.515824502954823e-11,0.07837687057234177,0.039188435286170886,20.90049881929035,0.0,0.0,0.0,-0.013578027371705659,0.04140286174196306,-3.620807299121372,0.5186470962014482,False,0.022194388869526495,0.00010804587991102791,0.02058663975633845,False
sensor_clipping_boundary_camera_x_mm,production_searchsorted,camera_x_mm,x,2.80375,2.80375,0.15375000000000005,0.003750000000000142,0.0055,0.005505376344086021,0.058651026392960576,560,512,608,97,3c6e3cc138e5a7ce,2.806502688172043,559.3508708333458,True,9.662637446504005e-07,31942.603128938863,6.690509729299775,573.4542808701112,63.68155359738398,64.11887629894892,504.3139154721346,511.5866427448619,511.5865581328064,78.1905200190977,78.1905200190977,78.11416208939156,120.89739679757508,120.89739679757508,120.77933293351495,6.690509729299775,6.690509729299775,6.690509729299775,0.05257336515614952,0.05257336515614952,14.019564041639342,0.0,0.0,0.0,-0.31928268839303087,0.15964134419651543,-85.14205023813834,0.0,0.0,0.0,0.0,0.0,0.0,0.15964134419651543,False,0.022200668790714258,0.00010157600456484921,0.07652657799334238,False
sensor_clipping_boundary_camera_x_mm,bilinear_intensity,camera_x_mm,x,2.80375,2.80375,0.15375000000000005,0.003750000000000142,0.0055,0.005505376344086021,0.058651026392960576,560,512,608,97,60a7125d32d30dcb,2.806502688172043,559.3508708333458,True,1.0256983054497373e-06,33907.381998338424,6.508634263339383,574.9899666297003,65.2172393569731,65.65306236541363,509.52144935741416,516.7941766301414,516.789006535776,77.74859979605512,77.74859979605512,77.67267342906679,120.92547706671196,120.92547706671196,120.80738578051397,6.508634263339383,6.508634263339383,6.508634263339383,0.5315896751222908,0.5315896751222908,141.75724669927217,0.0,0.0,0.0,0.09165521013568423,0.045827605067842114,24.44138936951487,0.0,0.0,0.0,-0.036767837922829116,0.11234707159011308,-9.804756779420726,0.5315896751222908,False,0.022173458617413853,0.00010364155939263709,0.02052456539196488,False
sensor_clipping_boundary_camera_x_mm,production_searchsorted,camera_x_mm,x,2.8075,2.8075,0.1575000000000002,0.003750000000000142,0.0055,0.005505376344086021,0.058651026392960576,560,512,608,97,4c14809ab7616f52,2.810252688172043,559.4148083333458,True,9.563052567564018e-07,31613.396917567003,6.690509729299775,574.390553439609,63.9360079850635,64.37308219601556,504.3139154721346,511.5866427448619,511.5865581328064,78.62804454792825,78.62804454792825,78.55125934817441,120.89739679757507,120.89739679757507,120.77933293351495,6.690509729299775,6.690509729299775,6.690509729299775,0.9362725694977598,0.9362725694977598,249.67268519939316,0.0,0.0,0.0,0.4375245288305507,0.21876226441527535,116.67320768814244,-1.4210854715202004e-14,7.105427357601002e-15,-3.7895612573870575e-12,0.0,0.0,0.0,0.9362725694977598,False,0.024240038709360468,0.00011036833598634722,0.08622780563847704,False
sensor_clipping_boundary_camera_x_mm,bilinear_intensity,camera_x_mm,x,2.8075,2.8075,0.1575000000000002,0.003750000000000142,0.0055,0.005505376344086021,0.058651026392960576,560,512,608,97,50fafdf195c29919,2.810252688172043,559.4148083333458,True,1.0175678144222675e-06,33638.60543544686,6.5529413388614035,575.5095574521936,65.05501199764814,65.49099343124414,509.5214493574141,516.7941766301414,516.789006535776,77.83030275138061,77.83030275138061,77.75429659634996,120.92547706671196,120.92547706671196,120.807385780514,6.5529413388614035,6.5529413388614035,6.5529413388614035,0.5195908224932282,0.5195908224932282,138.5575526648556,-5.684341886080802e-14,5.684341886080802e-14,-1.515824502954823e-11,0.08170295532549687,0.04085147766274844,21.787454753465006,0.0,0.0,0.0,0.04430707552202051,0.1361486103823197,11.815220139205023,0.5195908224932282,False,0.02236466481804588,0.00012175766715309012,0.023370305828591943,False
sensor_clipping_boundary_camera_x_mm,production_searchsorted,camera_x_mm,x,2.8112500000000002,2.8112500000000002,0.16125000000000034,0.003750000000000142,0.0055,0.005505376344086021,0.058651026392960576,560,512,608,97,532e5be12757e357,2.8140026881720437,559.4787458333458,True,9.481483766908362e-07,31343.74798977971,6.690509729299775,574.9848142144841,63.84845057812038,64.2856102943527,504.3139154721346,511.5866427448619,511.5865581328064,78.80191076015036,78.80191076015036,78.72495576917366,120.89739679757508,120.89739679757508,120.77933293351495,6.690509729299775,6.690509729299775,6.690509729299775,0.5942607748751243,0.5942607748751243,158.46953996669382,0.0,0.0,0.0,0.17386621222210863,0.08693310611105431,46.36432325922721,1.4210854715202004e-14,7.105427357601002e-15,3.7895612573870575e-12,0.0,0.0,0.0,0.5942607748751243,False,0.023363515966006623,0.00010528105890584194,0.09177489908812003,False
sensor_clipping_boundary_camera_x_mm,bilinear_intensity,camera_x_mm,x,2.8112500000000002,2.8112500000000002,0.16125000000000034,0.003750000000000142,0.0055,0.005505376344086021,0.058651026392960576,560,512,608,97,5551741ff6774cb0,2.8140026881720437,559.4787458333458,True,1.0095764097123523e-06,33374.42676735049,6.552384799487996,576.0298380888696,64.89347445250593,65.32961363761092,509.5214493574141,516.7941766301414,516.789006535776,77.91352231084332,77.91352231084332,77.83743488671163,120.92547706671196,120.92547706671196,120.807385780514,6.552384799487996,6.552384799487996,6.552384799487996,0.5202806366760342,0.5202806366760342,138.74150311360387,0.0,0.0,0.0,0.0832195594627052,0.0416097797313526,22.191882523387214,0.0,0.0,0.0,-0.0005565393734077162,0.0016985940957756744,-0.14841049957538535,0.5202806366760342,False,0.022624785712168922,0.00011064377513611236,0.021157568528642128,False
sensor_clipping_boundary_camera_x_mm,production_searchsorted,camera_x_mm,x,2.815,2.815,0.16500000000000004,0.003750000000000142,0.0055,0.005505376344086021,0.058651026392960576,560,512,608,97,610e71dfb4e3d977,2.817752688172043,559.5426833333456,True,9.434707551124329e-07,31189.115871485385,6.690509729299775,575.0355246822674,63.21734286408554,63.655118896444776,504.3139154721346,511.5866427448619,511.5865581328064,78.49638081104635,78.49638081104635,78.41972418916058,120.89739679757508,120.89739679757508,120.77933293351495,6.690509729299775,6.690509729299775,6.690509729299775,0.05071046778323307,0.05071046778323307,13.52279140886164,0.0,0.0,0.0,-0.3055299491040131,0.15276497455200655,-81.47465309440041,0.0,0.0,0.0,0.0,0.0,0.0,0.15276497455200655,False,0.02270720069275154,0.00010145078348960853,0.07749060893479418,False
sensor_clipping_boundary_camera_x_mm,bilinear_intensity,camera_x_mm,x,2.815,2.815,0.16500000000000004,0.003750000000000142,0.0055,0.005505376344086021,0.058651026392960576,560,512,608,97,bcf3ad900d4edcab,2.817752688172043,559.5426833333456,True,1.0015264079089894e-06,33108.31100525585,6.502595473566868,576.5623937179009,64.74421189971918,65.18049684903582,509.52144935741416,516.7941766301414,516.789006535776,78.00935437660083,78.00935437660083,77.93317336646743,120.92547706671196,120.92547706671196,120.807385780514,6.502595473566868,6.502595473566868,6.502595473566868,0.5325556290313216,0.5325556290313216,142.01483440834704,5.684341886080802e-14,5.684341886080802e-14,1.515824502954823e-11,0.0958320657575058,0.0479160328787529,25.555217535333913,0.0,0.0,0.0,-0.04978932592112795,0.15197314396132075,-13.27715357896695,0.5325556290313216,False,0.022652153307273167,0.00010447174963742583,0.021016875969290593,False
sensor_clipping_boundary_camera_x_mm,production_searchsorted,camera_x_mm,x,2.81875,2.81875,0.16875000000000018,0.003750000000000142,0.0055,0.005505376344086021,0.058651026392960576,560,512,608,97,b1b47fc5e0b67ba7,2.821502688172043,559.6066208333457,True,9.335149856870971e-07,30859.999526846186,6.690509729299775,575.9962762844091,63.496276284409134,63.9337799208501,504.3139154721346,511.5866427448619,511.5865581328064,78.94489709480922,78.94489709480922,78.86780246874007,120.89739679757508,120.89739679757508,120.77933293351495,6.690509729299775,6.690509729299775,6.690509729299775,0.9607516021417268,0.9607516021417268,256.20042723778414,0.0,0.0,0.0,0.44851628376287067,0.22425814188143534,119.60434233676098,0.0,0.0,0.0,0.0,0.0,0.0,0.9607516021417268,False,0.024831035230491707,0.00011039229700117385,0.08731360431256936,False
sensor_clipping_boundary_camera_x_mm,bilinear_intensity,camera_x_mm,x,2.81875,2.81875,0.16875000000000018,0.003750000000000142,0.0055,0.005505376344086021,0.058651026392960576,560,512,608,97,667fe21a88909ab8,2.821502688172043,559.6066208333457,True,9.934656519540036e-07,32841.83973401665,6.546902549088888,577.0882147844543,64.5882147844543,65.0246520747038,509.5214493574141,516.7941766301414,516.789006535776,78.10025474575662,78.10025474575662,78.02398496573146,120.92547706671196,120.92547706671196,120.807385780514,6.546902549088888,6.546902549088888,6.546902549088888,0.5258210665533625,0.5258210665533625,140.21895108089134,-5.684341886080802e-14,5.684341886080802e-14,-1.515824502954823e-11,0.09090036915578992,0.04545018457789496,24.240098441543058,0.0,0.0,0.0,0.04430707552202051,0.13627504802391394,11.815220139205023,0.5258210665533625,False,0.02278597154234258,0.00012045307017327589,0.023628697969630748,False
sensor_clipping_boundary_camera_x_mm,production_searchsorted,camera_x_mm,x,2.8225000000000002,2.8225000000000002,0.17250000000000032,0.003750000000000142,0.0055,0.005505376344086021,0.058651026392960576,560,512,608,97,9936e32030ecd2b7,2.8252526881720437,559.6705583333456,True,9.253453134301258e-07,30589.927716698374,6.690509729299775,576.5978080275809,63.41598984576257,63.853571886928876,504.3139154721346,511.5866427448619,511.5865581328064,79.11692440771324,79.11692440771324,79.03966178622133,120.89739679757508,120.89739679757508,120.77933293351494,6.690509729299775,6.690509729299775,6.690509729299775,0.6015317431717904,0.6015317431717904,160.40846484580467,0.0,0.0,0.0,0.17202731290402085,0.08601365645201042,45.87395010773715,0.0,0.0,0.0,0.0,0.0,0.0,0.6015317431717904,False,0.023928042219694093,0.00010525529711539545,0.09295502562266357,False
sensor_clipping_boundary_camera_x_mm,bilinear_intensity,camera_x_mm,x,2.8225000000000002,2.8225000000000002,0.17250000000000032,0.003750000000000142,0.0055,0.005505376344086021,0.058651026392960576,560,512,608,97,0518eaa891d6395f,2.8252526881720437,559.6705583333456,True,9.855698953492242e-07,32580.822986751216,6.5593674977137795,577.6100508829941,64.42823270117583,64.86482622392856,509.52144935741416,516.7941766301414,516.789006535776,78.18838190016989,78.18838190016989,78.11202605847049,120.92547706671196,120.92547706671196,120.807385780514,6.5593674977137795,6.5593674977137795,6.5593674977137795,0.5218360985397794,0.5218360985397794,139.1562929439359,5.684341886080802e-14,5.684341886080802e-14,1.515824502954823e-11,0.08812715441327157,0.044063577206635784,23.50057451020486,0.0,0.0,0.0,0.012464948624891115,0.03807891909625513,3.323986299970838,0.5218360985397794,False,0.023085875071150383,0.00011292912860612937,0.021903215922864365,False
sensor_clipping_boundary_camera_x_mm,production_searchsorted,camera_x_mm,x,2.82625,2.82625,0.17625000000000002,0.003750000000000142,0.0055,0.005505376344086021,0.058651026392960576,560,512,608,97,1928ae088f18e30c,2.8290026881720434,559.7344958333457,True,9.206203390467246e-07,30433.73021642065,6.690509729299775,576.639222668698,62.775586305061665,63.21379374031068,504.3139154721346,511.58664274486193,511.5865581328064,78.82267818539259,78.82267818539259,78.74570291372716,120.89739679757507,120.89739679757507,120.77933293351495,6.690509729299775,6.690509729299775,6.690509729299775,0.041414641117171413,0.041414641117171413,11.043904297911958,0.0,0.0,0.0,-0.2942462223206519,0.14712311116032595,-78.4656592855042,-1.4210854715202004e-14,7.105427357601002e-15,-3.7895612573870575e-12,0.0,0.0,0.0,0.14712311116032595,False,0.023317941927041102,0.00010167391515720002,0.07849514330451451,False
sensor_clipping_boundary_camera_x_mm,bilinear_intensity,camera_x_mm,x,2.82625,2.82625,0.17625000000000002,0.003750000000000142,0.0055,0.005505376344086021,0.058651026392960576,560,512,608,97,c80b73c07456548d,2.8290026881720434,559.7344958333457,True,9.776252249842118e-07,32318.189255676425,6.508134891630125,578.1436193520406,64.27998298840413,64.71672128626705,509.5214493574141,516.7941766301414,516.789006535776,78.28861415699984,78.28861415699984,78.21216043223716,120.92547706671196,120.92547706671196,120.807385780514,6.508134891630125,6.508134891630125,6.508134891630125,0.5335684690464859,0.5335684690464859,142.28492507905753,-5.684341886080802e-14,5.684341886080802e-14,-1.515824502954823e-11,0.10023225682995474,0.05011612841497737,26.72860182132025,0.0,0.0,0.0,-0.0512326060836541,0.1562120314237946,-13.662028288973909,0.5335684690464859,False,0.023150532683971662,0.00010424152892560852,0.02133182303967981,False
sensor_clipping_boundary_camera_x_mm,production_searchsorted,camera_x_mm,x,2.83,2.83,0.18000000000000016,0.003750000000000142,0.0055,0.005505376344086021,0.058651026392960576,560,512,608,97,526cf8013ca28fe5,2.832752688172043,559.7984333333457,True,9.107023909181634e-07,30105.864162583915,6.690509729299775,577.6264294099685,63.08097486451396,63.51888406874781,504.3139154721346,511.5866427448619,511.5865581328064,79.27819882549004,79.27819882549004,79.20077870944952,120.89739679757508,120.89739679757508,120.77933293351495,6.690509729299775,6.690509729299775,6.690509729299775,0.9872067412704837,0.9872067412704837,263.2551310054523,0.0,0.0,0.0,0.45552064009744697,0.22776032004872349,121.47217069264792,1.4210854715202004e-14,7.105427357601002e-15,3.7895612573870575e-12,0.0,0.0,0.0,0.9872067412704837,False,0.025409963431276675,0.00011023007594069996,0.08844023753758977,False
sensor_clipping_boundary_camera_x_mm,bilinear_intensity,camera_x_mm,x,2.83,2.83,0.18000000000000016,0.003750000000000142,0.0055,0.005505376344086021,0.058651026392960576,560,512,608,97,8841b0a00b38bcbf,2.832752688172043,559.7984333333457,True,9.69634198689012e-07,32054.02309715742,6.540863759316373,578.6760499428334,64.13059539737884,64.56747958156109,509.5214493574141,516.7941766301414,516.789006535776,78.38887972282468,78.38887972282468,78.31232808247036,120.92547706671196,120.92547706671196,120.807385780514,6.540863759316373,6.540863759316373,6.540863759316373,0.5324305907928419,0.5324305907928419,141.9814908780858,0.0,0.0,0.0,0.10026556582484147,0.05013278291242074,26.737484219956713,0.0,0.0,0.0,0.03272886768624783,0.10057833229098932,8.727698049665758,0.5324305907928419,False,0.023251888159837336,0.00011660991526236768,0.02313790085220983,False
sensor_clipping_boundary_camera_x_mm,production_searchsorted,camera_x_mm,x,2.83375,2.83375,0.1837500000000003,0.003750000000000142,0.0055,0.005505376344086021,0.058651026392960576,560,512,608,97,94ff8fb6e5630923,2.8365026881720437,559.8623708333457,True,9.024543160397871e-07,29833.200530240894,6.690509729299775,578.2373970190279,63.01012429175506,63.448102686001505,504.3139154721346,511.5866427448619,511.5865581328064,79.46005242972895,79.46005242972895,79.38245472227804,120.89739679757507,120.89739679757507,120.77933293351495,6.690509729299775,6.690509729299775,6.690509729299775,0.6109676090593439,0.6109676090593439,162.9246957491522,0.0,0.0,0.0,0.18185360423890984,0.09092680211945492,48.494294463707455,-1.4210854715202004e-14,7.105427357601002e-15,-3.7895612573870575e-12,0.0,0.0,0.0,0.6109676090593439,False,0.024609789046607357,0.00010560874187715244,0.09418770621588467,False
sensor_clipping_boundary_camera_x_mm,bilinear_intensity,camera_x_mm,x,2.83375,2.83375,0.1837500000000003,0.003750000000000142,0.0055,0.005505376344086021,0.058651026392960576,560,512,608,97,63b49c53cea65341,2.8365026881720437,559.8623708333457,True,9.618342479555835e-07,31796.17348613499,6.566350195939562,579.1995160450678,63.97224331779489,64.40928214267973,509.5214493574141,516.7941766301414,516.789006535776,78.48206924969459,78.48206924969459,78.40542660394293,120.92547706671196,120.92547706671196,120.807385780514,6.566350195939562,6.566350195939562,6.566350195939562,0.5234661022343516,0.5234661022343516,139.59096059582183,0.0,0.0,0.0,0.09318952686990656,0.04659476343495328,24.850540498640807,0.0,0.0,0.0,0.025486436623189057,0.0779298807038684,6.796383099516825,0.5234661022343516,False,0.023580019464266754,0.00011482328705916784,0.02280553901151154,False
sensor_clipping_boundary_camera_x_mm,production_searchsorted,camera_x_mm,x,2.8375,2.8375,0.1875,0.003750000000000142,0.0055,0.005505376344086021,0.058651026392960576,560,512,608,97,7250ba198e5eb00d,2.8402526881720433,559.9263083333457,True,8.972611031863403e-07,29661.52407227571,6.690509729299775,578.266586095221,62.35749518613005,62.79611091348744,504.3139154721346,511.58664274486193,511.5865581328064,79.19543196161115,79.19543196161115,79.11809267258613,120.89739679757508,120.89739679757508,120.77933293351495,6.690509729299775,6.690509729299775,6.690509729299775,0.029189076193119945,0.029189076193119945,7.783753651498357,0.0,0.0,0.0,-0.2646204681177977,0.13231023405889886,-70.56545816474338,1.4210854715202004e-14,7.105427357601002e-15,3.7895612573870575e-12,0.0,0.0,0.0,0.13231023405889886,False,0.024428257873273837,0.00010388030674596336,0.07974490070960907,False
sensor_clipping_boundary_camera_x_mm,bilinear_intensity,camera_x_mm,x,2.8375,2.8375,0.1875,0.003750000000000142,0.0055,0.005505376344086021,0.058651026392960576,560,512,608,97,3c59123d223472a3,2.8402526881720433,559.9263083333457,True,9.53995315064743e-07,31537.035208751833,6.515117589855909,579.734121683311,63.82503077422001,64.26221336135455,509.52144935741416,516.7941766301414,516.789006535776,78.58687706020088,78.58687706020088,78.51013206307178,120.92547706671193,120.92547706671193,120.807385780514,6.515117589855909,6.515117589855909,6.515117589855909,0.5346056382431925,0.5346056382431925,142.5615035315126,5.684341886080802e-14,5.684341886080802e-14,1.515824502954823e-11,0.10480781050628707,0.052403905253143535,27.94874946834216,-2.842170943040401e-14,1.4210854715202004e-14,-7.579122514774115e-12,-0.05123260608365321,0.15604591456402656,-13.662028288973671,0.5346056382431925,False,0.023666708222945816,0.00010389759768999235,0.02162553867673694,False
sensor_clipping_boundary_camera_x_mm,production_searchsorted,camera_x_mm,x,2.84125,2.84125,0.19125000000000014,0.003750000000000142,0.0055,0.005505376344086021,0.058651026392960576,560,512,608,97,6ce7dad6d6eea47b,2.844002688172043,559.9902458333457,True,8.876823433358715e-07,29344.8708540784,6.690509729299775,579.2811046531208,62.69019556221167,63.12848638685796,504.3139154721346,511.58664274486193,511.5865581328064,79.64173858293094,79.64173858293094,79.56396344759604,120.89739679757508,120.89739679757508,120.77933293351495,6.690509729299775,6.690509729299775,6.690509729299775,1.0145185578998053,1.0145185578998053,270.53828210660447,0.0,0.0,0.0,0.44630662131979193,0.22315331065989596,119.01509901860668,0.0,0.0,0.0,0.0,0.0,0.0,1.0145185578998053,False,0.025693458447386644,0.00010863178316540304,0.08945844149426924,False
sensor_clipping_boundary_camera_x_mm,bilinear_intensity,camera_x_mm,x,2.84125,2.84125,0.19125000000000014,0.003750000000000142,0.0055,0.005505376344086021,0.058651026392960576,560,512,608,97,3c48cc1dc7063043,2.844002688172043,559.9902458333457,True,9.460744640360629e-07,31275.188893754148,6.534824969543858,580.2735845273979,63.68267543648875,64.1199970425078,509.5214493574141,516.7941766301414,516.789006535776,78.69667436274763,78.69667436274763,78.61982214169026,120.92547706671196,120.92547706671196,120.807385780514,6.534824969543858,6.534824969543858,6.534824969543858,0.5394628440869838,0.5394628440869838,143.85675842319023,-5.684341886080802e-14,5.684341886080802e-14,-1.515824502954823e-11,0.10979730254675246,0.05489865127337623,29.27928067913288,2.842170943040401e-14,1.4210854715202004e-14,7.579122514774115e-12,0.019707379687949,0.06049738754871761,5.255301250119534,0.5394628440869838,False,0.0237346521271144,0.00011294712591219545,0.022706486868822692,False
sensor_clipping_boundary_camera_x_mm,production_searchsorted,camera_x_mm,x,2.845,2.845,0.19500000000000028,0.003750000000000142,0.0055,0.005505376344086021,0.058651026392960576,561,512,609,98,f708824f0540182a,2.8477526881720436,560.0541833333457,True,8.781430425592685e-07,29029.52206807499,6.690509729299775,579.9102678130739,62.637540540346606,63.075882785912825,504.3139154721346,511.5866427448619,511.5865581328064,79.89240801119988,79.89240801119988,79.81438808150143,120.89739679757508,120.89739679757508,120.77933293351494,6.690509729299775,6.690509729299775,6.690509729299775,0.6291631599531229,0.6291631599531229,167.77684265415974,0.0,0.0,0.0,0.25066942826893523,0.12533471413446762,66.84518087171352,0.0,0.0,0.0,0.0,0.0,0.0,0.6291631599531229,False,0.02670259220644988,0.00011169314147969576,0.09671133100611543,False
sensor_clipping_boundary_camera_x_mm,bilinear_intensity,camera_x_mm,x,2.845,2.845,0.19500000000000028,0.003750000000000142,0.0055,0.005505376344086021,0.058651026392960576,561,512,609,98,85913ee4819366bb,2.8477526881720436,560.0541833333457,True,9.383738720635083e-07,31020.623869868043,6.573332894165345,580.7987458939724,63.5260186212451,63.96349321243531,509.52144935741416,516.7941766301414,516.789006535776,78.79495755829143,78.79495755829143,78.7180093575509,120.92547706671196,120.92547706671196,120.807385780514,6.573332894165345,6.573332894165345,6.573332894165345,0.5251613665744799,0.5251613665744799,140.04303108652266,5.684341886080802e-14,5.684341886080802e-14,1.515824502954823e-11,0.09828319554380016,0.04914159777190008,26.208852145012383,0.0,0.0,0.0,0.038507924621487,0.11785449434669377,10.26877989906281,0.5251613665744799,False,0.024088387516309012,0.00011651333752027947,0.023841266538320038,False
sensor_clipping_boundary_camera_x_mm,production_searchsorted,camera_x_mm,x,2.84875,2.84875,0.19874999999999998,0.003750000000000142,0.0055,0.005505376344086021,0.058651026392960576,561,513,609,97,d33a224dc1e92d71,2.8515026881720433,560.1181208333458,True,8.678688323288267e-07,28689.878754671958,6.690509729299775,580.0879773146885,62.13343186014305,62.572266399342084,504.3139154721346,511.5866427448619,511.5865581328064,79.84896759722913,79.84896759722913,79.77099008980996,120.89739679757508,120.89739679757508,120.77933293351495,6.690509729299775,6.690509729299775,6.690509729299775,0.17770950161457222,0.17770950161457222,47.389200430550794,0.0,0.0,0.0,-0.0434404139707425,0.02172020698537125,-11.58411039219756,0.0,0.0,0.0,0.0,0.0,0.0,0.17770950161457222,False,0.030890621246632402,0.00012782252976330607,0.10445298119622953,False
sensor_clipping_boundary_camera_x_mm,bilinear_intensity,camera_x_mm,x,2.84875,2.84875,0.19874999999999998,0.003750000000000142,0.0055,0.005505376344086021,0.058651026392960576,561,513,609,97,6920ca71519f09c9,2.8515026881720433,560.1181208333458,True,9.306373006003666e-07,30764.869441334435,6.522100288081693,581.3344849341788,63.37993947963332,63.81755672623524,509.52144935741416,516.7941766301414,516.789006535776,78.90467094415764,78.90467094415764,78.82761560143874,120.92547706671196,120.92547706671196,120.80738578051397,6.522100288081693,6.522100288081693,6.522100288081693,0.5357390402064084,0.5357390402064084,142.86374405503682,0.0,0.0,0.0,0.10971338586621471,0.054856692933107354,29.256902897656147,0.0,0.0,0.0,-0.05123260608365232,0.15588015062839022,-13.662028288973435,0.5357390402064084,False,0.024205500236597233,0.00010358250651464645,0.02193680022214037,False
sensor_clipping_boundary_camera_x_mm,production_searchsorted,camera_x_mm,x,2.8525,2.8525,0.20250000000000012,0.003750000000000142,0.0055,0.005505376344086021,0.058651026392960576,561,513,609,97,836f0ce859253ffe,2.855252688172043,560.1820583333457,True,8.588675249027008e-07,28392.314872816554,6.690509729299775,581.182053050619,62.54568941425532,62.98412135818677,504.3139154721346,511.58664274486193,511.5865581328064,80.22374316878,80.22374316878,80.14539966959173,120.89739679757508,120.89739679757508,120.77933293351495,6.690509729299775,6.690509729299775,6.690509729299775,1.0940757359304598,1.0940757359304598,291.75352958144487,0.0,0.0,0.0,0.37477557155087027,0.18738778577543513,99.94015241356162,0.0,0.0,0.0,0.0,0.0,0.0,1.0940757359304598,False,0.02076032048343023,8.489920951245598e-05,0.06826563304752453,False
sensor_clipping_boundary_camera_x_mm,bilinear_intensity,camera_x_mm,x,2.8525,2.8525,0.20250000000000012,0.003750000000000142,0.0055,0.005505376344086021,0.058651026392960576,561,513,609,97,456db7af4c388419,2.855252688172043,560.1820583333457,True,9.227122896682283e-07,30502.88560886705,6.528786179771344,581.8870465714001,63.25068293503648,63.68842640873265,509.52144935741416,516.7941766301415,516.789006535776,79.02500266997924,79.02500266997924,78.94782981580934,120.92547706671196,120.92547706671196,120.80738578051401,6.528786179771344,6.528786179771344,6.528786179771344,0.552561637221288,0.552561637221288,147.34976992567124,0.0,0.0,0.0,0.12033172582160034,0.06016586291080017,32.08846021909221,0.0,0.0,0.0,0.006685891689651058,0.020502265817251147,1.7829044505735478,0.552561637221288,False,0.024231195329476356,0.00011011881014435738,0.02243123962733785,False
sensor_clipping_boundary_camera_x_mm,production_searchsorted,camera_x_mm,x,2.85625,2.85625,0.20625000000000027,0.003750000000000142,0.0055,0.005505376344086021,0.058651026392960576,561,513,609,97,edf0a80847111e8f,2.8590026881720436,560.2459958333458,True,8.493304683845376e-07,28077.040277174798,6.690509729299775,581.93194758299,62.61376576480808,63.052131227928385,504.3139154721346,511.5866427448619,511.5865581328064,80.46611629688539,80.46611629688539,80.38753610518918,120.89739679757508,120.89739679757508,120.77933293351495,6.690509729299775,6.690509729299775,6.690509729299775,0.7498945323710586,0.7498945323710586,199.9718752989414,0.0,0.0,0.0,0.2423731281053847,0.12118656405269235,64.63283416143346,0.0,0.0,0.0,0.0,0.0,0.0,0.7498945323710586,False,0.027595845316434057,0.00011168256628508441,0.0985833285730733,False
sensor_clipping_boundary_camera_x_mm,bilinear_intensity,camera_x_mm,x,2.85625,2.85625,0.20625000000000027,0.003750000000000142,0.0055,0.005505376344086021,0.058651026392960576,561,513,609,97,10725118dd6fae13,2.8590026881720436,560.2459958333458,True,9.149009805684045e-07,30244.660514658,6.573093255293363,582.427969030095,63.109787211913215,63.54766827908901,509.5214493574141,516.7941766301414,516.789006535776,79.13214598194725,79.13214598194725,79.05486849563675,120.92547706671196,120.92547706671196,120.807385780514,6.573093255293363,6.573093255293363,6.573093255293363,0.5409224586949222,0.5409224586949222,144.24598898530712,-5.684341886080802e-14,5.684341886080802e-14,-1.515824502954823e-11,0.10714331196800231,0.053571655984001154,28.571549858132865,0.0,0.0,0.0,0.04430707552201962,0.1357283706404714,11.815220139204785,0.5409224586949222,False,0.024496461577257694,0.0001168798490395639,0.024519919696609813,False
sensor_clipping_boundary_camera_x_mm,production_searchsorted,camera_x_mm,x,2.8600000000000003,2.8600000000000003,0.2100000000000004,0.003750000000000142,0.0055,0.005505376344086021,0.058651026392960576,561,513,609,97,4f9b7dcac66ce63d,2.8627526881720438,560.3099333333457,True,8.393990966043247e-07,27748.73046625867,6.690509729299775,582.2064711823325,62.20647118233239,62.64523439406838,504.3139154721346,511.5866427448619,511.5865581328064,80.34487917888245,80.34487917888245,80.26641738280932,120.89739679757508,120.89739679757508,120.77933293351495,6.690509729299775,6.690509729299775,6.690509729299775,0.27452359934250126,0.27452359934250126,73.20629315799756,0.0,0.0,0.0,-0.1212371180029379,0.06061855900146895,-32.32989813411555,0.0,0.0,0.0,0.0,0.0,0.0,0.27452359934250126,False,0.026284812753971,0.00010519548317019489,0.0971494152649685,False
sensor_clipping_boundary_camera_x_mm,bilinear_intensity,camera_x_mm,x,2.8600000000000003,2.8600000000000003,0.2100000000000004,0.003750000000000142,0.0055,0.005505376344086021,0.058651026392960576,561,513,609,97,75f6268eb229efd1,2.8627526881720438,560.3099333333457,True,9.068985670931173e-07,29980.117920433633,6.5290829863074755,582.9912494500132,62.991249450013186,63.429246276722154,509.52144935741416,516.7941766301415,516.789006535776,79.25240146862981,79.25240146862981,79.1750065453206,120.92547706671196,120.92547706671196,120.80738578051397,6.5290829863074755,6.5290829863074755,6.5290829863074755,0.5632804199182146,0.5632804199182146,150.2081119781849,5.684341886080802e-14,5.684341886080802e-14,1.515824502954823e-11,0.12025548668256647,0.060127743341283235,32.06812978201651,0.0,0.0,0.0,-0.04401026898588789,0.13391037454229354,-11.736071729569659,0.5632804199182146,False,0.0245531114668372,0.00010141526783923761,0.0218952618683418,False
sensor_clipping_boundary_camera_x_mm,production_searchsorted,camera_x_mm,x,2.86375,2.86375,0.2137500000000001,0.003750000000000142,0.0055,0.005505376344086021,0.058651026392960576,561,513,609,97,771f8012d258240b,2.866502688172043,560.3738708333457,True,8.356570239121873e-07,27625.02558387396,6.690509729299775,582.9542874745307,62.27246929271257,62.71116805316899,504.3139154721346,511.58664274486193,511.5865581328064,80.47791709433302,80.47791709433302,80.39932537842058,120.89739679757508,120.89739679757508,120.77933293351495,6.690509729299775,6.690509729299775,6.690509729299775,0.7478162921981948,0.7478162921981948,199.41767791951105,0.0,0.0,0.0,0.1330379154505721,0.06651895772528604,35.476777453484544,0.0,0.0,0.0,0.0,0.0,0.0,0.7478162921981948,False,0.025635243628060304,0.00010139614593536944,0.0829295668190434,False
sensor_clipping_boundary_camera_x_mm,bilinear_intensity,camera_x_mm,x,2.86375,2.86375,0.2137500000000001,0.003750000000000142,0.0055,0.005505376344086021,0.058651026392960576,561,513,609,97,c6acd8392edc83d5,2.866502688172043,560.3738708333457,True,8.987036613523377e-07,29709.211945531824,6.522747389998828,583.5784837503409,62.89666556852268,63.334754762303476,509.52144935741416,516.7941766301414,516.789006535776,79.38701848041276,79.38701848041276,79.30949209517799,120.92547706671196,120.92547706671196,120.807385780514,6.522747389998828,6.522747389998828,6.522747389998828,0.5872343003276228,0.5872343003276228,156.59581342069347,0.0,0.0,0.0,0.13461701178295016,0.06730850589147508,35.89786980878535,0.0,0.0,0.0,-0.006335596308647773,0.019407308260392844,-1.6894923489726754,0.5872343003276228,False,0.024523841242956392,0.00010607501746406114,0.022202911672755454,False
sensor_clipping_boundary_camera_x_mm,production_searchsorted,camera_x_mm,x,2.8675,2.8675,0.21750000000000025,0.003750000000000142,0.0055,0.005505376344086021,0.058651026392960576,561,513,609,97,aa416302ba87fbdd,2.8702526881720436,560.4378083333457,True,8.21954589783195e-07,27172.052554816364,6.690509729299775,584.0157144806933,62.652078117056874,63.09040616577079,504.3139154721346,511.5866427448619,511.5865581328064,80.9256304188415,80.9256304188415,80.84660148288559,120.89739679757508,120.89739679757508,120.77933293351495,6.690509729299775,6.690509729299775,6.690509729299775,1.061427006162603,1.061427006162603,283.0472016433501,0.0,0.0,0.0,0.4477133245084701,0.22385666225423506,119.39021986892084,0.0,0.0,0.0,0.0,0.0,0.0,1.061427006162603,False,0.022863869325261573,9.003125381183672e-05,0.0884295949336552,False
sensor_clipping_boundary_camera_x_mm,bilinear_intensity,camera_x_mm,x,2.8675,2.8675,0.21750000000000025,0.003750000000000142,0.0055,0.005505376344086021,0.058651026392960576,561,513,609,97,6fe0449d09e4ec75,2.8702526881720436,560.4378083333457,True,8.905577118992385e-07,29439.924360305406,6.567054465520847,584.1521497797477,62.7885134161113,63.226708227228414,509.52144935741416,516.7941766301414,516.789006535776,79.50762252648653,79.50762252648653,79.429978363863,120.92547706671193,120.92547706671193,120.807385780514,6.567054465520847,6.567054465520847,6.567054465520847,0.5736660294068088,0.5736660294068088,152.97760784180988,0.0,0.0,0.0,0.1206040460737654,0.0603020230368827,32.161078953002885,-2.842170943040401e-14,1.4210854715202004e-14,-7.579122514774115e-12,0.04430707552201962,0.13585402859523457,11.815220139204785,0.5736660294068088,False,0.024796811656254053,0.00011632220069058912,0.02486303252765643,False
sensor_clipping_boundary_camera_x_mm,production_searchsorted,camera_x_mm,x,2.8712500000000003,2.8712500000000003,0.2212500000000004,0.003750000000000142,0.0055,0.005505376344086021,0.058651026392960576,561,513,609,97,efd49001fb23b3c2,2.8740026881720437,560.5017458333457,True,8.112836316125905e-07,26819.293607027786,6.690509729299775,584.1332990651408,62.08784451968609,62.526723577772486,504.3139154721346,511.58664274486193,511.5865581328064,80.66224183003253,80.66224183003253,80.58347010949538,120.89739679757507,120.89739679757507,120.77933293351494,6.690509729299775,6.690509729299775,6.690509729299775,0.11758458444751341,0.11758458444751341,31.355889186002386,0.0,0.0,0.0,-0.2633885888089651,0.13169429440448255,-70.23695701572136,-1.4210854715202004e-14,7.105427357601002e-15,-3.7895612573870575e-12,0.0,0.0,0.0,0.13169429440448255,False,0.028060040061587046,0.00010868049624647078,0.09964841236728611,False
sensor_clipping_boundary_camera_x_mm,bilinear_intensity,camera_x_mm,x,2.8712500000000003,2.8712500000000003,0.2212500000000004,0.003750000000000142,0.0055,0.005505376344086021,0.058651026392960576,561,513,609,97,fd30d0ca1261db44,2.8740026881720437,560.5017458333457,True,8.822794307881574e-07,29166.26217481512,6.53606568453326,584.747129439875,62.701674894420364,63.13995450878133,509.52144935741416,516.7941766301414,516.789006535776,79.63930556914275,79.63930556914275,79.56153280979787,120.92547706671196,120.92547706671196,120.807385780514,6.53606568453326,6.53606568453326,6.53606568453326,0.5949796601273647,0.5949796601273647,158.66124270062457,0.0,0.0,0.0,0.13168304265622055,0.06584152132811028,35.11547804165748,2.842170943040401e-14,1.4210854715202004e-14,7.579122514774115e-12,-0.030988780987587283,0.09437650060704803,-8.263674930022962,0.5949796601273647,False,0.024895786723477965,0.00010060731082577095,0.021949598008745654,False
sensor_clipping_boundary_camera_x_mm,production_searchsorted,camera_x_mm,x,2.875,2.875,0.2250000000000001,0.003750000000000142,0.0055,0.005505376344086021,0.058651026392960576,561,513,609,97,67c9a239d9950b5e,2.877752688172043,560.5656833333458,True,8.072846625287964e-07,26687.096281943683,6.690509729299775,584.8629575716448,62.135684844372065,62.57451718339115,504.3139154721346,511.58664274486193,511.5865581328064,80.809652299683,80.809652299683,80.73073662360909,120.89739679757508,120.89739679757508,120.77933293351495,6.690509729299775,6.690509729299775,6.690509729299775,0.729658506503938,0.729658506503938,194.5756017343761,0.0,0.0,0.0,0.14741046965046678,0.07370523482523339,39.30945857345632,1.4210854715202004e-14,7.105427357601002e-15,3.7895612573870575e-12,0.0,0.0,0.0,0.729658506503938,False,0.026840300834123462,0.00010260667021732237,0.08507132188216045,False
sensor_clipping_boundary_camera_x_mm,bilinear_intensity,camera_x_mm,x,2.875,2.875,0.2250000000000001,0.003750000000000142,0.0055,0.005505376344086021,0.058651026392960576,561,513,609,97,bae5e98184123a67,2.877752688172043,560.5656833333458,True,8.738210565908154e-07,28886.64649886993,6.516708600226145,585.370385027056,62.64311229978341,63.08144910417798,509.52144935741416,516.7941766301415,516.789006535776,79.78775031845048,79.78775031845048,79.7098325935301,120.92547706671196,120.92547706671196,120.807385780514,6.516708600226145,6.516708600226145,6.516708600226145,0.6232555871810064,0.6232555871810064,166.20148991492874,0.0,0.0,0.0,0.14844474930772833,0.07422237465386416,39.58526648205939,0.0,0.0,0.0,-0.019357084307115358,0.059231608865012934,-5.161889148563899,0.6232555871810064,False,0.024877379714691495,0.00010157100870260406,0.022097523045560213,False
sensor_clipping_boundary_camera_x_mm,production_searchsorted,camera_x_mm,x,2.87875,2.87875,0.22875000000000023,0.003750000000000142,0.0055,0.005505376344086021,0.058651026392960576,561,513,609,97,bf3e9f9e5ad39cd6,2.8815026881720436,560.6296208333457,True,7.943629500870384e-07,26259.932234282263,6.690509729299775,586.0759782092191,62.66688730012817,63.105200886748946,504.3139154721346,511.58664274486193,511.5865581328064,81.28041995993445,81.28041995993445,81.20104454981731,120.89739679757511,120.89739679757511,120.77933293351495,6.690509729299775,6.690509729299775,6.690509729299775,1.2130206375743455,1.2130206375743455,323.47217001981323,0.0,0.0,0.0,0.4707676602514539,0.23538383012572694,125.53804273371628,2.842170943040401e-14,1.4210854715202004e-14,7.579122514774115e-12,0.0,0.0,0.0,1.2130206375743455,False,0.025955320473591968,9.873442428227932e-05,0.09243477696888741,False
sensor_clipping_boundary_camera_x_mm,bilinear_intensity,camera_x_mm,x,2.87875,2.87875,0.22875000000000023,0.003750000000000142,0.0055,0.005505376344086021,0.058651026392960576,561,513,609,97,79d7d05b0ae4d18d,2.8815026881720436,560.6296208333457,True,8.653402914500673e-07,28606.290626448506,6.561015675748333,585.9805041104108,62.5714132013199,63.00982002436541,509.52144935741416,516.7941766301414,516.789006535776,79.92269598754542,79.92269598754542,79.84464647974508,120.92547706671196,120.92547706671196,120.807385780514,6.561015675748333,6.561015675748333,6.561015675748333,0.6101190833547889,0.6101190833547889,162.69842222793756,0.0,0.0,0.0,0.13494566909494665,0.06747283454747333,35.98551175865108,0.0,0.0,0.0,0.04430707552218838,0.1359799194355593,11.815220139249787,0.6101190833547889,False,0.025134630708059765,0.00011577600879124723,0.0252573759003619,False
sensor_clipping_boundary_camera_x_mm,production_searchsorted,camera_x_mm,x,2.8825000000000003,2.8825000000000003,0.23250000000000037,0.003750000000000142,0.0055,0.005505376344086021,0.058651026392960576,561,513,609,97,d62a7d8bd68b080c,2.8852526881720437,560.6935583333458,True,7.863733938394666e-07,25995.81467237906,6.690509729299775,586.7911188723681,62.70020978145885,63.13849082659419,504.3139154721346,511.5866427448619,511.5865581328064,81.51357093406722,81.51357093406722,81.43396783745192,120.89739679757508,120.89739679757508,120.77933293351495,6.690509729299775,6.690509729299775,6.690509729299775,0.7151406631489863,0.7151406631489863,190.70417683972244,0.0,0.0,0.0,0.2331509741327693,0.11657548706638465,62.17359310206946,-2.842170943040401e-14,1.4210854715202004e-14,-7.579122514774115e-12,0.0,0.0,0.0,0.7151406631489863,False,0.028224953091908263,0.00010564956421035498,0.1024474193481723,False
sensor_clipping_boundary_camera_x_mm,bilinear_intensity,camera_x_mm,x,2.8825000000000003,2.8825000000000003,0.23250000000000037,0.003750000000000142,0.0055,0.005505376344086021,0.058651026392960576,561,513,609,97,384f221990ff4b51,2.8852526881720437,560.6935583333458,True,8.567919018668025e-07,28323.699235266202,6.543048382759044,586.611541937067,62.520632846157866,62.95908925939398,509.5214493574141,516.7941766301414,516.789006535776,80.06745063778561,80.06745063778561,79.98925976802214,120.92547706671196,120.92547706671196,120.807385780514,6.543048382759044,6.543048382759044,6.543048382759044,0.6310378266562111,0.6310378266562111,168.27675377498326,-5.684341886080802e-14,5.684341886080802e-14,-1.515824502954823e-11,0.14475465024018774,0.07237732512009387,38.6012400640486,0.0,0.0,0.0,-0.01796729298928934,0.05476985234375327,-4.791278130476976,0.6310378266562111,False,0.025282398758133626,0.00010143543325189715,0.02231155955028806,False
sensor_clipping_boundary_camera_x_mm,production_searchsorted,camera_x_mm,x,2.88625,2.88625,0.23625000000000007,0.003750000000000142,0.0055,0.005505376344086021,0.058651026392960576,561,513,609,97,ddb649a3c4c69c27,2.889002688172043,560.7574958333457,True,7.797980094648985e-07,25778.446593880944,6.690509729299775,587.0343239221456,62.261596649418436,62.70030602769049,504.3139154721346,511.58664274486193,511.5865581328064,81.33329151711307,81.33329151711307,81.25386447461588,120.89739679757508,120.89739679757508,120.77933293351495,6.690509729299775,6.690509729299775,6.690509729299775,0.24320504977754354,0.24320504977754354,64.85467994067582,0.0,0.0,0.0,-0.18027941695414995,0.09013970847707498,-48.0745111877715,0.0,0.0,0.0,0.0,0.0,0.0,0.24320504977754354,False,0.025033439774398092,9.2760875974912e-05,0.08303877987119442,False
sensor_clipping_boundary_camera_x_mm,bilinear_intensity,camera_x_mm,x,2.88625,2.88625,0.23625000000000007,0.003750000000000142,0.0055,0.005505376344086021,0.058651026392960576,561,513,609,97,fab7d8d95558b016,2.889002688172043,560.7574958333457,True,8.480556229945299e-07,28034.896627918344,6.510669810453629,587.2716661097465,62.498938837019296,62.93741643581126,509.52144935741416,516.7941766301415,516.789006535776,80.22828983140471,80.22828983140471,80.14994189211622,120.92547706671196,120.92547706671196,120.807385780514,6.510669810453629,6.510669810453629,6.510669810453629,0.6601241726795024,0.6601241726795024,176.0331127145273,5.684341886080802e-14,5.684341886080802e-14,1.515824502954823e-11,0.16083919361909693,0.08041959680954847,42.89045163175756,0.0,0.0,0.0,-0.032378572305415076,0.0989709090054499,-8.63428594811036,0.6601241726795024,False,0.02526286025281437,9.695571907251244e-05,0.022105528912771247,False
sensor_clipping_boundary_camera_x_mm,production_searchsorted,camera_x_mm,x,2.89,2.89,0.2400000000000002,0.003750000000000142,0.0055,0.005505376344086021,0.058651026392960576,561,513,609,97,1fb01219777eb385,2.8927526881720436,560.8214333333458,True,7.676049989269188e-07,25375.37186535269,6.690509729299775,588.4126147081793,62.95806925363377,63.39609848287819,504.3139154721346,511.58664274486193,511.5865581328064,81.85016567327116,81.85016567327116,81.77023387085586,120.89739679757508,120.89739679757508,120.77933293351495,6.690509729299775,6.690509729299775,6.690509729299775,1.3782907860336309,1.3782907860336309,367.5442096089543,0.0,0.0,0.0,0.5168741561580958,0.2584370780790479,137.83310830882033,0.0,0.0,0.0,0.0,0.0,0.0,1.3782907860336309,False,0.027183629106977494,9.988610064489694e-05,0.09462867370998876,False
sensor_clipping_boundary_camera_x_mm,bilinear_intensity,camera_x_mm,x,2.89,2.89,0.2400000000000002,0.003750000000000142,0.0055,0.005505376344086021,0.058651026392960576,561,513,609,97,7df9a5c406aa8fbe,2.8927526881720436,560.8214333333458,True,8.392565180034319e-07,27744.017124080397,6.554976885975818,587.9252645965366,62.47071914199108,62.90922429907897,509.5214493574141,516.7941766301414,516.789006535776,80.38041801050294,80.38041801050294,80.30192150853956,120.92547706671196,120.92547706671196,120.807385780514,6.554976885975818,6.554976885975818,6.554976885975818,0.6535984867900879,0.6535984867900879,174.29292981068352,-5.684341886080802e-14,5.684341886080802e-14,-1.515824502954823e-11,0.15212817909822718,0.07606408954911359,40.567514426192375,0.0,0.0,0.0,0.044307075522189265,0.13610604380842403,11.815220139250023,0.6535984867900879,False,0.025510648063187442,0.00011517921662605622,0.02570766354094782,False
sensor_clipping_boundary_camera_x_mm,production_searchsorted,camera_x_mm,x,2.8937500000000003,2.8937500000000003,0.24375000000000036,0.003750000000000142,0.0055,0.005505376344086021,0.058651026392960576,561,513,609,97,242345115344ebdd,2.8965026881720437,560.8853708333457,True,7.594948609007959e-07,25107.26812895193,6.690509729299775,589.1412708574402,63.00490722107651,63.44289071011849,504.3139154721346,511.58664274486193,511.5865581328064,82.09866453330824,82.09866453330824,82.01849005622492,120.89739679757508,120.89739679757508,120.77933293351495,6.690509729299775,6.690509729299775,6.690509729299775,0.728656149260928,0.728656149260928,194.30830646957344,0.0,0.0,0.0,0.2484988600370741,0.12424943001853705,66.26636267655059,0.0,0.0,0.0,0.0,0.0,0.0,0.728656149260928,False,0.029046073340234128,0.00010506080523326814,0.10476295298206402,False
sensor_clipping_boundary_camera_x_mm,bilinear_intensity,camera_x_mm,x,2.8937500000000003,2.8937500000000003,0.24375000000000036,0.003750000000000142,0.0055,0.005505376344086021,0.058651026392960576,561,513,609,97,abeae60dccc36897,2.8965026881720437,560.8853708333457,True,8.304326382415154e-07,27452.31861955423,6.550031080984827,588.5953852523818,62.45902161601805,62.8975381964712,509.5214493574141,516.7941766301414,516.789006535776,80.53844990944245,80.53844990944245,80.45979907945275,120.92547706671196,120.92547706671196,120.807385780514,6.550031080984827,6.550031080984827,6.550031080984827,0.6701206558451531,0.6701206558451531,178.69884155870074,0.0,0.0,0.0,0.15803189893951242,0.07901594946975621,42.14183971720171,0.0,0.0,0.0,-0.004945804990991398,0.015090228621775321,-1.3188813309309895,0.6701206558451531,False,0.025712278397167117,0.0001026816673888292,0.02298567777990385,False
sensor_clipping_boundary_camera_x_mm,production_searchsorted,camera_x_mm,x,2.8975,2.8975,0.24750000000000005,0.003750000000000142,0.0055,0.005505376344086021,0.058651026392960576,561,513,609,97,4e0a5efba1db4330,2.900252688172043,560.9493083333458,True,7.525357341174065e-07,24877.214350988645,6.690509729299775,589.3269476887639,62.50876587058207,62.94723387266157,504.3139154721346,511.5866427448619,511.5865581328064,81.90376149578887,81.90376149578887,81.82377735370312,120.89739679757507,120.89739679757507,120.77933293351494,6.690509729299775,6.690509729299775,6.690509729299775,0.18567683132368984,0.18567683132368984,49.51382168631542,0.0,0.0,0.0,-0.19490303751936722,0.09745151875968361,-51.974143338495956,-1.4210854715202004e-14,7.105427357601002e-15,-3.7895612573870575e-12,0.0,0.0,0.0,0.18567683132368984,False,0.02546665217222856,9.114066591085434e-05,0.08488143125452023,False
sensor_clipping_boundary_camera_x_mm,bilinear_intensity,camera_x_mm,x,2.8975,2.8975,0.24750000000000005,0.003750000000000142,0.0055,0.005505376344086021,0.058651026392960576,561,513,609,97,69c659bfbf43ac86,2.900252688172043,560.9493083333458,True,8.214162880077978e-07,27154.25745480323,6.504631020681282,589.2961690700017,62.477987251819854,62.91648531114424,509.52144935741416,516.7941766301414,516.789006535776,80.71211928453883,80.71211928453883,80.63329885555001,120.92547706671196,120.92547706671196,120.807385780514,6.504631020681282,6.504631020681282,6.504631020681282,0.7007838176199357,0.7007838176199357,186.87568469864243,5.684341886080802e-14,5.684341886080802e-14,1.515824502954823e-11,0.17366937509638092,0.08683468754819046,46.31183335903316,0.0,0.0,0.0,-0.045400060303544265,0.13862548052739365,-12.106682747611345,0.7007838176199357,False,0.02572918476865947,9.338238965220434e-05,0.022222522725575792,False
sensor_clipping_boundary_camera_x_mm,production_searchsorted,camera_x_mm,x,2.90125,2.90125,0.2512500000000002,0.003750000000000142,0.0055,0.005505376344086021,0.058651026392960576,562,513,609,97,1091b677c59d9897,2.9040026881720435,561.0132458333458,True,7.403556758813323e-07,24474.567797729993,6.690509729299775,590.7751735906294,63.27517359062938,63.71289314766972,504.3139154721346,511.58664274486193,511.5865581328064,82.43933733313305,82.43933733313305,82.35883016776864,120.89739679757508,120.89739679757508,120.77933293351495,6.690509729299775,6.690509729299775,6.690509729299775,1.4482259018654986,1.4482259018654986,386.193573830785,0.0,0.0,0.0,0.535575837344183,0.2677879186720915,142.82022329177673,1.4210854715202004e-14,7.105427357601002e-15,3.7895612573870575e-12,0.0,0.0,0.0,1.4482259018654986,False,0.02817546853956036,9.99111079769171e-05,0.09685547957788006,False
sensor_clipping_boundary_camera_x_mm,bilinear_intensity,camera_x_mm,x,2.90125,2.90125,0.2512500000000002,0.003750000000000142,0.0055,0.005505376344086021,0.058651026392960576,562,513,609,97,b013d05f86ae9ae1,2.9040026881720435,561.0132458333458,True,8.123019348599022e-07,26852.956524294288,6.548938096203134,589.9986508159819,62.498650815981875,62.93712869604434,509.5214493574141,516.7941766301414,516.789006535776,80.882296969028,80.882296969028,80.80331035089418,120.92547706671196,120.92547706671196,120.807385780514,6.548938096203134,6.548938096203134,6.548938096203134,0.702481745980208,0.702481745980208,187.32846559471503,-5.684341886080802e-14,5.684341886080802e-14,-1.515824502954823e-11,0.17017768448917536,0.08508884224458768,45.38071586377838,0.0,0.0,0.0,0.04430707552185176,0.13623240236372736,11.81522013916002,0.702481745980208,False,0.025959425456315223,0.00011460811859930336,0.026226821930198638,False
sensor_clipping_boundary_camera_x_mm,production_searchsorted,camera_x_mm,x,2.9050000000000002,2.9050000000000002,0.25500000000000034,0.003750000000000142,0.0055,0.005505376344086021,0.058651026392960576,562,514,610,97,467bf5d07bb22cac,2.9077526881720437,561.0771833333458,True,7.322042865500404e-07,24205.100381819517,6.690509729299775,591.5219122132794,63.34009403146109,63.77775018963354,504.3139154721346,511.58664274486193,511.5865581328064,82.68832989545191,82.68832989545191,82.60757957328838,120.89739679757507,120.89739679757507,120.77933293351495,6.690509729299775,6.690509729299775,6.690509729299775,0.7467386226500139,0.7467386226500139,199.13029937332948,0.0,0.0,0.0,0.24899256231886113,0.12449628115943057,66.39801661836046,-1.4210854715202004e-14,7.105427357601002e-15,-3.7895612573870575e-12,0.0,0.0,0.0,0.7467386226500139,False,0.030146190259147356,0.0001051691459423964,0.10731677339022239,False
sensor_clipping_boundary_camera_x_mm,bilinear_intensity,camera_x_mm,x,2.9050000000000002,2.9050000000000002,0.25500000000000034,0.003750000000000142,0.0055,0.005505376344086021,0.058651026392960576,562,514,610,97,2a598b793df1442a,2.9077526881720437,561.0771833333458,True,8.032005787649572e-07,26552.08524842834,6.557013779210609,590.7122182720334,62.53040009021515,62.968846965127,509.52144935741416,516.7941766301414,516.789006535776,81.05416653999141,81.05416653999141,80.9750120804797,120.92547706671196,120.92547706671196,120.807385780514,6.557013779210609,6.557013779210609,6.557013779210609,0.7135674560514644,0.7135674560514644,190.28465494704997,5.684341886080802e-14,5.684341886080802e-14,1.515824502954823e-11,0.17186957096340905,0.08593478548170452,45.831885590240674,0.0,0.0,0.0,0.008075683007475298,0.024662572431879675,2.153515468659998,0.7135674560514644,False,0.02620250153066233,0.00010447536031083196,0.02397293867004642,False
sensor_clipping_boundary_camera_x_mm,production_searchsorted,camera_x_mm,x,2.9087500000000004,2.9087500000000004,0.2587500000000005,0.003750000000000142,0.0055,0.005505376344086021,0.058651026392960576,562,514,610,97,2abf11186cc280c5,2.9115026881720434,561.1411208333458,True,7.252877526946968e-07,23976.454634535432,6.690509729299775,591.7195708940261,62.85593453038973,63.29406350057474,504.3139154721346,511.58664274486193,511.5865581328064,82.51527712986751,82.51527712986751,82.43469580454536,120.89739679757508,120.89739679757508,120.77933293351495,6.690509729299775,6.690509729299775,6.690509729299775,0.1976586807467129,0.1976586807467129,52.70898153245477,0.0,0.0,0.0,-0.1730527655844014,0.0865263827922007,-46.14740415583863,1.4210854715202004e-14,7.105427357601002e-15,3.7895612573870575e-12,0.0,0.0,0.0,0.1976586807467129,False,0.02637194941024278,9.09892325853817e-05,0.08696524988515275,False
sensor_clipping_boundary_camera_x_mm,bilinear_intensity,camera_x_mm,x,2.9087500000000004,2.9087500000000004,0.2587500000000005,0.003750000000000142,0.0055,0.005505376344086021,0.058651026392960576,562,514,610,97,353ceef0cef283cd,2.9115026881720434,561.1411208333458,True,7.939045060036955e-07,26244.777057973406,6.505781173126957,591.4587285729237,62.595092209287316,63.033475908301796,509.52144935741416,516.7941766301415,516.789006535776,81.24138415573994,81.24138415573994,81.16204686652533,120.92547706671196,120.92547706671196,120.80738578051397,6.505781173126957,6.505781173126957,6.505781173126957,0.7465103008903498,0.7465103008903498,199.0694135707524,0.0,0.0,0.0,0.1872176157485228,0.0936088078742614,49.92469753293752,0.0,0.0,0.0,-0.05123260608365232,0.15626810560041296,-13.662028288973435,0.7465103008903498,False,0.02627663346049426,9.07726147137121e-05,0.022392184773562078,False
sensor_clipping_boundary_camera_x_mm,production_searchsorted,camera_x_mm,x,2.9125,2.9125,0.2625000000000002,0.003750000000000142,0.0055,0.005505376344086021,0.058651026392960576,562,514,610,97,7d9c817c8636ec6e,2.9152526881720435,561.2050583333457,True,7.142581704074822e-07,23611.840344049,6.690509729299775,593.1277068695597,63.58225232410513,64.01967199956982,504.3139154721346,511.5866427448619,511.5865581328064,83.02525646179856,83.02525646179856,82.94417710978509,120.89739679757508,120.89739679757508,120.77933293351495,6.690509729299775,6.690509729299775,6.690509729299775,1.4081359755335825,1.4081359755335825,375.5029268089411,0.0,0.0,0.0,0.5099793319310493,0.25498966596552464,135.9944885149413,0.0,0.0,0.0,0.0,0.0,0.0,1.4081359755335825,False,0.027638009718679652,9.445666555140653e-05,0.09830935185789183,False
sensor_clipping_boundary_camera_x_mm,bilinear_intensity,camera_x_mm,x,2.9125,2.9125,0.2625000000000002,0.003750000000000142,0.0055,0.005505376344086021,0.058651026392960576,562,514,610,97,61f5c3b419a12f89,2.9152526881720435,561.2050583333457,True,7.846497301286276e-07,25938.83405383893,6.542899306430786,592.2017380093238,62.656283463869215,63.094607405799024,509.52144935741416,516.7941766301414,516.789006535776,81.42673582176079,81.42673582176079,81.34721752505985,120.92547706671193,120.92547706671193,120.807385780514,6.542899306430786,6.542899306430786,6.542899306430786,0.7430094364000297,0.7430094364000297,198.13584970666707,0.0,0.0,0.0,0.18535166602084985,0.09267583301042492,49.42711093889142,-2.842170943040401e-14,1.4210854715202004e-14,-7.579122514774115e-12,0.03711813330382885,0.11410815186084189,9.898168881020652,0.7430094364000297,False,0.02661737937000415,0.00011176789169651784,0.02623435221243126,False
sensor_clipping_boundary_camera_x_mm,production_searchsorted,camera_x_mm,x,2.9162500000000002,2.9162500000000002,0.2662500000000003,0.003750000000000142,0.0055,0.005505376344086021,0.058651026392960576,562,514,610,97,62ea87e41e66e12a,2.9190026881720437,561.2689958333458,True,7.071818162217251e-07,23377.91128005703,6.690509729299775,593.7899736084005,63.56270088112774,64.00013964979837,504.3139154721346,511.58664274486193,511.5865581328064,83.26347514355153,83.26347514355153,83.18216315610665,120.89739679757511,120.89739679757511,120.77933293351498,6.690509729299775,6.690509729299775,6.690509729299775,0.662266738840799,0.662266738840799,176.60446369087305,0.0,0.0,0.0,0.23821868175296856,0.11910934087648428,63.52498180078921,2.842170943040401e-14,1.4210854715202004e-14,7.579122514774115e-12,0.0,0.0,0.0,0.662266738840799,False,0.02973780897738968,0.00010008746405407255,0.10896256742960073,False
sensor_clipping_boundary_camera_x_mm,bilinear_intensity,camera_x_mm,x,2.9162500000000002,2.9162500000000002,0.2662500000000003,0.003750000000000142,0.0055,0.005505376344086021,0.058651026392960576,562,514,610,97,6a7bd2dc9e342d0c,2.9190026881720437,561.2689958333458,True,7.755613970608608e-07,25638.393291268127,6.563996477436588,592.9399945431002,62.712721815827365,63.15099064217907,509.52144935741416,516.7941766301415,516.789006535776,81.60724371582496,81.60724371582496,81.52754914188371,120.92547706671196,120.92547706671196,120.807385780514,6.563996477436588,6.563996477436588,6.563996477436588,0.7382565337763936,0.7382565337763936,196.86840900703083,0.0,0.0,0.0,0.18050789406417778,0.09025394703208889,48.13543841711225,2.842170943040401e-14,1.4210854715202004e-14,7.579122514774115e-12,0.02109717100580255,0.06448875343402238,5.6259122682138,0.7382565337763936,False,0.026964458164671305,0.00010718530892745638,0.02527264344614478,False
sensor_clipping_boundary_camera_x_mm,production_searchsorted,camera_x_mm,x,2.92,2.92,0.27,0.003750000000000142,0.0055,0.005505376344086021,0.058651026392960576,562,514,610,97,3e51a34e516cb955,2.922752688172043,561.3329333333457,True,7.00334713569668e-07,23151.56077916258,6.690509729299775,593.9939864596987,63.08489555060777,63.522800926046614,504.3139154721346,511.58664274486193,511.5865581328064,83.1000925548223,83.1000925548223,83.01894012068671,120.89739679757508,120.89739679757508,120.77933293351495,6.690509729299775,6.690509729299775,6.690509729299775,0.20401285129821645,0.20401285129821645,54.40342701285566,0.0,0.0,0.0,-0.1633825887292346,0.0816912943646173,-43.56869032779424,-2.842170943040401e-14,1.4210854715202004e-14,-7.579122514774115e-12,0.0,0.0,0.0,0.20401285129821645,False,0.027206897516637824,9.066206505702011e-05,0.08882331119189157,False
sensor_clipping_boundary_camera_x_mm,bilinear_intensity,camera_x_mm,x,2.92,2.92,0.27,0.003750000000000142,0.0055,0.005505376344086021,0.058651026392960576,562,514,610,97,74e0b650e5733738,2.922752688172043,561.3329333333457,True,7.664203385384591e-07,25336.20953846146,6.51276387135274,593.7009816172631,62.79189070817222,63.230082221152486,509.5214493574141,516.7941766301414,516.789006535776,81.79979299635481,81.79979299635481,81.7199103860068,120.92547706671196,120.92547706671196,120.807385780514,6.51276387135274,6.51276387135274,6.51276387135274,0.7609870741629265,0.7609870741629265,202.9298864434394,-5.684341886080802e-14,5.684341886080802e-14,-1.515824502954823e-11,0.1925492805298461,0.09627464026492305,51.346474807957016,0.0,0.0,0.0,-0.05123260608384861,0.15610186952402594,-13.662028289025779,0.7609870741629265,False,0.027050479403556735,9.054415398978206e-05,0.022917526887526844,False
sensor_clipping_boundary_camera_x_mm,production_searchsorted,camera_x_mm,x,2.92375,2.92375,0.27375000000000016,0.003750000000000142,0.0055,0.005505376344086021,0.058651026392960576,562,514,610,97,4a73647060df15c1,2.9265026881720435,561.3968708333458,True,6.891280481042821e-07,22781.092499315113,6.690509729299775,595.4645866082473,63.87367751733814,64.3108125978876,504.3139154721346,511.58664274486193,511.5865581328064,83.62478590756454,83.62478590756454,83.54312107757669,120.89739679757508,120.89739679757508,120.77933293351495,6.690509729299775,6.690509729299775,6.690509729299775,1.4706001485485558,1.4706001485485558,392.16003961293336,0.0,0.0,0.0,0.524693352742247,0.2623466763711235,139.91822739792724,0.0,0.0,0.0,0.0,0.0,0.0,1.4706001485485558,False,0.02887561153853188,9.529110112179183e-05,0.1004647385446783,False
sensor_clipping_boundary_camera_x_mm,bilinear_intensity,camera_x_mm,x,2.92375,2.92375,0.27375000000000016,0.003750000000000142,0.0055,0.005505376344086021,0.058651026392960576,562,514,610,97,56471bcc1606b70c,2.9265026881720435,561.3968708333458,True,7.57299207843047e-07,25034.684556794946,6.536860516658104,594.4653726688581,62.87446357794897,63.31257445336121,509.52144935741416,516.7941766301415,516.789006535776,81.99499294896816,81.99499294896816,81.91491971366642,120.92547706671196,120.92547706671196,120.807385780514,6.536860516658104,6.536860516658104,6.536860516658104,0.7643910515949983,0.7643910515949983,203.8376137586585,5.684341886080802e-14,5.684341886080802e-14,1.515824502954823e-11,0.19519995261335055,0.09759997630667527,52.053320696891504,0.0,0.0,0.0,0.02409664530536393,0.07399821575400956,6.425772081430138,0.7643910515949983,False,0.027342041594434808,0.00010701772845871858,0.02583677697581196,False
sensor_clipping_boundary_camera_x_mm,production_searchsorted,camera_x_mm,x,2.9275,2.9275,0.2775000000000003,0.003750000000000142,0.0055,0.005505376344086021,0.058651026392960576,562,514,610,97,cb944e015b3d95f5,2.9302526881720437,561.4608083333458,True,6.80757398381335e-07,22504.376805994547,6.690509729299775,596.1860756995242,63.9133484267968,64.35044476622392,504.3139154721346,511.58664274486193,511.5865581328064,83.95230260887081,83.95230260887081,83.87031793835432,120.89739679757508,120.89739679757508,120.77933293351494,6.690509729299775,6.690509729299775,6.690509729299775,0.7214890912769079,0.7214890912769079,192.39709100716814,0.0,0.0,0.0,0.32751670130626565,0.16375835065313282,87.33778701500086,0.0,0.0,0.0,0.0,0.0,0.0,0.7214890912769079,False,0.032700408336735674,0.00010618632813577076,0.11287091223854352,False
sensor_clipping_boundary_camera_x_mm,bilinear_intensity,camera_x_mm,x,2.9275,2.9275,0.2775000000000003,0.003750000000000142,0.0055,0.005505376344086021,0.058651026392960576,562,514,610,97,0e2598dd0745c2f5,2.9302526881720437,561.4608083333458,True,7.483829670167078e-07,24739.932793940752,6.570979175662177,595.2169041084915,62.9441768357641,63.38221963182292,509.5214493574141,516.7941766301414,516.789006535776,82.18104933181633,82.18104933181633,82.10079440082822,120.92547706671196,120.92547706671196,120.807385780514,6.570979175662177,6.570979175662177,6.570979175662177,0.7515314396333679,0.7515314396333679,200.40838390222385,-5.684341886080802e-14,5.684341886080802e-14,-1.515824502954823e-11,0.1860563828481645,0.09302819142408225,49.61503542617532,0.0,0.0,0.0,0.03411865900407296,0.10438851775137994,9.098309067752444,0.7515314396333679,False,0.027780386636226544,0.00010923485985911097,0.026686513969946073,False
sensor_clipping_boundary_camera_x_mm,production_searchsorted,camera_x_mm,x,2.9312500000000004,2.9312500000000004,0.28125000000000044,0.003750000000000142,0.0055,0.005505376344086021,0.058651026392960576,562,514,610,97,9adc7d880736ce22,2.9340026881720433,561.5247458333458,True,6.74856715094416e-07,22309.312895683175,6.690509729299775,596.3641896923315,63.40964423778598,63.84723247583503,504.3139154721346,511.58664274486193,511.5865581328064,83.74659780903428,83.74659780903428,83.66481402211139,120.89739679757508,120.89739679757508,120.77933293351494,6.690509729299775,6.690509729299775,6.690509729299775,0.17811399280731166,0.17811399280731166,47.49706474861464,0.0,0.0,0.0,-0.2057047998365249,0.10285239991826245,-54.85461328973789,0.0,0.0,0.0,0.0,0.0,0.0,0.17811399280731166,False,0.026872721292392765,8.620243207026308e-05,0.0892270515371917,False
sensor_clipping_boundary_camera_x_mm,bilinear_intensity,camera_x_mm,x,2.9312500000000004,2.9312500000000004,0.28125000000000044,0.003750000000000142,0.0055,0.005505376344086021,0.058651026392960576,562,514,610,97,879969f80c17bbfc,2.9340026881720433,561.5247458333458,True,7.393982732512116e-07,24442.918124006996,6.519746569578523,595.9934710582351,63.03892560368945,63.47687587165461,509.52144935741416,516.7941766301414,516.789006535776,82.37885353623669,82.37885353623669,82.2984054370802,120.92547706671196,120.92547706671196,120.807385780514,6.519746569578523,6.519746569578523,6.519746569578523,0.7765669497435965,0.7765669497435965,207.0845199316179,5.684341886080802e-14,5.684341886080802e-14,1.515824502954823e-11,0.19780420442036473,0.09890210221018236,52.7477878454286,0.0,0.0,0.0,-0.0512326060836541,0.15593598675038028,-13.662028288973909,0.7765669497435965,False,0.027862549513102724,9.032895628781028e-05,0.02347412291411464,False
sensor_clipping_boundary_camera_x_mm,production_searchsorted,camera_x_mm,x,2.935,2.935,0.28500000000000014,0.003750000000000142,0.0055,0.005505376344086021,0.058651026392960576,562,514,610,97,1635d770117c204f,2.9377526881720435,561.5886833333458,True,6.604509465412423e-07,21833.08914185925,6.690509729299775,598.0590020108816,64.42263837451793,64.85923736048039,504.3139154721346,511.58664274486193,511.5865581328064,84.4534514100146,84.4534514100146,84.37097733637201,120.89739679757508,120.89739679757508,120.77933293351498,6.690509729299775,6.690509729299775,6.690509729299775,1.6948123185501345,1.6948123185501345,451.9499516133521,0.0,0.0,0.0,0.7068536009803097,0.35342680049015485,188.49429359474212,0.0,0.0,0.0,0.0,0.0,0.0,1.6948123185501345,False,0.03470617643701981,0.00011036562958545012,0.11226907229225425,False
sensor_clipping_boundary_camera_x_mm,bilinear_intensity,camera_x_mm,x,2.935,2.935,0.28500000000000014,0.003750000000000142,0.0055,0.005505376344086021,0.058651026392960576,562,514,610,97,60f8dbed5dd1b730,2.9377526881720435,561.5886833333458,True,7.304142497820809e-07,24145.925612630774,6.530821726885588,596.7808193527981,63.14445571643438,63.58230292764881,509.52144935741416,516.7941766301414,516.789006535776,82.58364445296841,82.58364445296841,82.5029963626823,120.92547706671193,120.92547706671193,120.80738578051397,6.530821726885588,6.530821726885588,6.530821726885588,0.787348294563003,0.787348294563003,209.95954521679286,0.0,0.0,0.0,0.20479091673172434,0.10239545836586217,54.61091112845775,-2.842170943040401e-14,1.4210854715202004e-14,-7.579122514774115e-12,0.011075157307065098,0.03397419574172517,2.9533752818839143,0.787348294563003,False,0.028098353533411925,0.00010279931712235605,0.025587953269869748,False
sensor_clipping_boundary_camera_x_mm,production_searchsorted,camera_x_mm,x,2.93875,2.93875,0.2887500000000003,0.003750000000000142,0.0055,0.005505376344086021,0.058651026392960576,562,514,610,97,5ae5cff225043f37,2.9415026881720436,561.6526208333458,True,6.520612009804786e-07,21555.742181172845,6.690509729299775,598.9404434013841,64.62226158320215,65.05866562462484,504.3139154721346,511.58664274486193,511.5865581328064,84.73936374905338,84.73936374905338,84.65661046414218,120.89739679757508,120.89739679757508,120.77933293351494,6.690509729299775,6.690509729299775,6.690509729299775,0.8814413905024594,0.8814413905024594,235.0510374673136,0.0,0.0,0.0,0.2859123390387879,0.14295616951939394,76.24329041034055,0.0,0.0,0.0,0.0,0.0,0.0,0.8814413905024594,False,0.0341491893156305,0.00010627630984089381,0.11586078559379494,False
sensor_clipping_boundary_camera_x_mm,bilinear_intensity,camera_x_mm,x,2.93875,2.93875,0.2887500000000003,0.003750000000000142,0.0055,0.005505376344086021,0.058651026392960576,562,514,610,97,6292e227c9169c62,2.9415026881720436,561.6526208333458,True,7.216643190768147e-07,23856.67170501867,6.575128802407777,597.547071798146,63.22888997996415,63.66665473584311,509.52144935741416,516.7941766301415,516.789006535776,82.77546978367991,82.77546978367991,82.69463436396927,120.92547706671196,120.92547706671196,120.807385780514,6.575128802407777,6.575128802407777,6.575128802407777,0.7662524453479591,0.7662524453479591,204.33398542611468,0.0,0.0,0.0,0.1918253307114952,0.0959126653557476,51.15342152306345,2.842170943040401e-14,1.4210854715202004e-14,7.579122514774115e-12,0.044307075522189265,0.13568606639433833,11.815220139250023,0.7662524453479591,False,0.0286272812768617,0.00011013877379549522,0.027979228257392585,False
sensor_clipping_boundary_camera_x_mm,production_searchsorted,camera_x_mm,x,2.9425000000000003,2.9425000000000003,0.2925000000000004,0.003750000000000142,0.0055,0.005505376344086021,0.058651026392960576,562,514,610,97,bf900eb5679aa531,2.9452526881720433,561.7165583333458,True,6.433027054813783e-07,21266.205139880272,6.690509729299775,599.2220592559596,64.2220592559596,64.65885411996743,504.3139154721346,511.58664274486193,511.5865581328064,84.71286057264342,84.71286057264342,84.63013316974045,120.89739679757508,120.89739679757508,120.77933293351495,6.690509729299775,6.690509729299775,6.690509729299775,0.2816158545755343,0.2816158545755343,75.09756122013962,0.0,0.0,0.0,-0.02650317640996036,0.01325158820498018,-7.067513709322495,0.0,0.0,0.0,0.0,0.0,0.0,0.2816158545755343,False,0.032438084055319706,9.966876008600444e-05,0.11423659532819302,False
sensor_clipping_boundary_camera_x_mm,bilinear_intensity,camera_x_mm,x,2.9425000000000003,2.9425000000000003,0.2925000000000004,0.003750000000000142,0.0055,0.005505376344086021,0.058651026392960576,562,514,610,97,0eb331c8721692c8,2.9452526881720433,561.7165583333458,True,7.128264023823684e-07,23564.50916966507,6.526729267804502,598.3406633625569,63.34066336255688,63.77831896474186,509.52144935741416,516.7941766301415,516.789006535776,82.97907259616711,82.97907259616711,82.89803834558492,120.92547706671196,120.92547706671196,120.807385780514,6.526729267804502,6.526729267804502,6.526729267804502,0.7935915644109173,0.7935915644109173,211.6244171762366,0.0,0.0,0.0,0.2036028124872047,0.10180140624360234,54.29408332991919,0.0,0.0,0.0,-0.048399534603275285,0.14722003494608846,-12.90654256087292,0.7935915644109173,False,0.028730802517060686,9.056548417393513e-05,0.024076042208652757,False
sensor_clipping_boundary_camera_x_mm,production_searchsorted,camera_x_mm,x,2.94625,2.94625,0.2962500000000001,0.003750000000000142,0.0055,0.005505376344086021,0.058651026392960576,562,514,610,97,c2a6a2d2aba73d68,2.9490026881720435,561.7804958333459,True,6.399102184738586e-07,21154.056809053178,6.690509729299775,600.1899093017006,64.5080911198823,64.94460665589804,504.3139154721346,511.58664274486193,511.5865581328064,84.95995611924909,84.95995611924909,84.87698741210137,120.89739679757508,120.89739679757508,120.77933293351495,6.690509729299775,6.690509729299775,6.690509729299775,0.9678500457409882,0.9678500457409882,258.09334553092043,0.0,0.0,0.0,0.24709554660566369,0.12354777330283184,65.89214576150782,0.0,0.0,0.0,0.0,0.0,0.0,0.9678500457409882,False,0.032906148967875776,9.974885942766787e-05,0.09815774581890416,False
sensor_clipping_boundary_camera_x_mm,bilinear_intensity,camera_x_mm,x,2.94625,2.94625,0.2962500000000001,0.003750000000000142,0.0055,0.005505376344086021,0.058651026392960576,562,514,610,97,206875f700548b0b,2.9490026881720435,561.7804958333459,True,7.040073642598213e-07,23272.970719332938,6.524782937113074,599.1509756459216,63.46915746410326,63.90668758376728,509.52144935741416,516.7941766301414,516.789006535776,83.1922485621608,83.1922485621608,83.11100613192431,120.92547706671196,120.92547706671196,120.807385780514,6.524782937113074,6.524782937113074,6.524782937113074,0.8103122833646239,0.8103122833646239,216.08327556389153,0.0,0.0,0.0,0.2131759659936847,0.10658798299684236,56.84692426498044,0.0,0.0,0.0,-0.001946330691427356,0.005964183932152202,-0.5190215177139419,0.8103122833646239,False,0.028868631798175937,9.898102369449601e-05,0.025466525189914994,False
sensor_clipping_boundary_camera_x_mm,production_searchsorted,camera_x_mm,x,2.95,2.95,0.30000000000000027,0.003750000000000142,0.0055,0.005505376344086021,0.058651026392960576,562,514,610,97,102b1cb991df2782,2.9527526881720436,561.8444333333458,True,6.270312811806685e-07,20728.306815889868,6.690509729299775,601.5076710280357,65.14403466439921,65.57992916179734,504.3139154721346,511.58664274486193,511.5865581328064,85.36425847541129,85.36425847541129,85.28089494174388,120.89739679757508,120.89739679757508,120.77933293351494,6.690509729299775,6.690509729299775,6.690509729299775,1.3177617263351067,1.3177617263351067,351.4031270226818,0.0,0.0,0.0,0.404302356162205,0.2021511780811025,107.81396164325058,0.0,0.0,0.0,0.0,0.0,0.0,1.3177617263351067,False,0.028570970789100078,8.615084541286448e-05,0.10386224686783696,False
sensor_clipping_boundary_camera_x_mm,bilinear_intensity,camera_x_mm,x,2.95,2.95,0.30000000000000027,0.003750000000000142,0.0055,0.005505376344086021,0.058651026392960576,562,514,610,97,c8fc7c9e35327add,2.9527526881720436,561.8444333333458,True,6.953791901278299e-07,22987.741822407603,6.569090012635094,599.9364513608027,63.57281499716618,64.01024388877045,509.52144935741416,516.7941766301415,516.789006535776,83.39159959907899,83.39159959907899,83.3101624900955,120.92547706671196,120.92547706671196,120.807385780514,6.569090012635094,6.569090012635094,6.569090012635094,0.7854757148811586,0.7854757148811586,209.4601906349677,0.0,0.0,0.0,0.19935103691818767,0.09967551845909384,53.160276511514695,0.0,0.0,0.0,0.04430707552201962,0.13581164599361684,11.815220139204785,0.7854757148811586,False,0.029470919031138937,0.0001085863310049552,0.02852499125832025,False
